candidate_id,sweep_id,source_reference,raw_capture_pointer,document_date,stable_source_id
CAND-0001,S1,LRH-2020-0001,sweeps/S1/S1-LRH-2020-0001/objects/870de05a430d1e375b7182ea5bf399927cf4f3ff4ba326b89426fe8ead690b91,,
CAND-0002,S1,LRH-2020-0002,sweeps/S1/S1-LRH-2020-0002/objects/0dd10e6bc1f9eed14e9d3a218e839cb8a5488b9ffb5baa689f72a5ff0b90c965,,
CAND-0003,S1,LRH-2020-0003,sweeps/S1/S1-LRH-2020-0003/objects/2a093e16424e78fcb8a0f96524013210a30b57ce96c2683242c747daa4cf7fdf,,
CAND-0004,S1,LRH-2020-0004,sweeps/S1/S1-LRH-2020-0004/objects/d8de78caf18c2eeafc94907baad2651bc59ab38c10fc59b81f8c848607078e00,,
CAND-0005,S1,LRH-2020-0005,sweeps/S1/S1-LRH-2020-0005/objects/ffd192d7c3a84253609db3078f43c11496a5110678cb58d3784f0e4a64f8cf2a,,
CAND-0006,S1,LRH-2020-0006,sweeps/S1/S1-LRH-2020-0006/objects/e56cad7d1f960980a11753c3fa5d0d5db353b81293385cc84a72518a37e93240,,
CAND-0007,S1,LRH-2020-0007,sweeps/S1/S1-LRH-2020-0007/objects/6a7aa2acd62bdd323f2e185f39d7cf1a53f4c9d35a5eafe34b53edf0c35c9873,,
CAND-0008,S1,LRH-2020-0008,sweeps/S1/S1-LRH-2020-0008/objects/ea4e1d633a838d7e4d3855268a164f55e5165fafbc3d922c81a8dde07f46fedc,,
CAND-0009,S1,LRH-2020-0009,sweeps/S1/S1-LRH-2020-0009/objects/60bbd4f60f62901f19d8c533134b5fd17c52906ae6bff0dd31bd479504908914,,
CAND-0010,S1,LRL-2020-0001,sweeps/S1/S1-LRL-2020-0001/objects/d8139d4213bd40dfe3d48362da9898d5c5d2a184f66c9d979b5840b94199c008,,
CAND-0011,S1,LRL-2020-0002,sweeps/S1/S1-LRL-2020-0002/objects/aabffb336b9a9496b0780e7b87ea6979963c79ba71c82d18e945ef3b40ca4753,,
CAND-0012,S1,LRL-2020-0003,sweeps/S1/S1-LRL-2020-0003/objects/964d96af54c51518cc448a02ecf1502f354b9e4d3772aa32189c2f3a0ee7a722,,
CAND-0013,S1,LRL-2020-0004,sweeps/S1/S1-LRL-2020-0004/objects/0438abf3503b69395c320267134b6dd28b0f23ba0c9b7fe1e017073f9e09d785,,
CAND-0014,S1,LRL-2020-0005,sweeps/S1/S1-LRL-2020-0005/objects/8c1278a47b7792768ecf5c90a087df5714c2fccfb7ecf2bd3a0bf8689f362333,,
CAND-0015,S1,LRL-2020-0006,sweeps/S1/S1-LRL-2020-0006/objects/e5d50d95ae83583c8506934bdced5db5f3b2a40746c31e86b2bcb9a21cf8c795,,
CAND-0016,S1,LRN-2020-0001,sweeps/S1/S1-LRN-2020-0001/objects/aa9f948dfa52d17941f6775c541a3a4cd92777966b6761509e3bc39c166449ce,,
CAND-0017,S1,LRN-2020-0002,sweeps/S1/S1-LRN-2020-0002/objects/682864221a3a7c878940cd3fa7502b644ad81735181b348d9d1ae499cd885810,,
CAND-0018,S1,LRN-2020-0003,sweeps/S1/S1-LRN-2020-0003/objects/7b9acabf98073ef00ca0cd931d9817e191758fd482ccaa6c7f843d85d94ea447,,
CAND-0019,S1,LRN-2020-0004,sweeps/S1/S1-LRN-2020-0004/objects/444d568bc4dc3b255693d6bd6da62e5c59edb13d2f2bb4d3254acc6b418bb612,,
CAND-0020,S1,LRN-2020-0005,sweeps/S1/S1-LRN-2020-0005/objects/a341c35c8ddb41400e39a71dad46a7dd451a2f1ca10592fa391f1e6c1c3b1c92,,
CAND-0021,S1,MVK-2020-0001,sweeps/S1/S1-MVK-2020-0001/objects/9d9cd5369e3e05d173f579d2e9d0300ccabe128872104927deb6e64d17452b73,,
CAND-0022,S1,MVK-2020-0002,sweeps/S1/S1-MVK-2020-0002/objects/6ce4b06c9dbc214148458b5330cb728711963ab6851d9f8d88b8032f901d8e59,,
CAND-0023,S1,MVM-2020-0001,sweeps/S1/S1-MVM-2020-0001/objects/d315d747e052ddff815c5a88edf5c533f7f386509011398aba51533bfb79c46b,,
CAND-0024,S1,MVR-2020-0001,sweeps/S1/S1-MVR-2020-0001/objects/a28ecac1878276386f227813fff73618c4ece5b967414bd1a9a4b15ecd03cb3f,,
CAND-0025,S1,MVR-2020-0002,sweeps/S1/S1-MVR-2020-0002/objects/b3e498338acf8d4f6454c0545d910bd23c8401d61ec5d4f52793cbdb62c63248,,
CAND-0026,S1,MVR-2020-0003,sweeps/S1/S1-MVR-2020-0003/objects/960f875a2f9e19c7bc568c5ddcffab1a8671916f22b459d9472a31edb807c7a3,,
CAND-0027,S1,MVR-2020-0004,sweeps/S1/S1-MVR-2020-0004/objects/7e5c607ee578cde2f842aed7145ab55a4b1332e4801d1f42658d0eb5d5df9800,,
CAND-0028,S1,MVR-2020-0005,sweeps/S1/S1-MVR-2020-0005/objects/5c0aa070b91fa4c8a57719755f6399df0c90a6c850d93388938ed10c5ccb95b2,,
CAND-0029,S1,MVR-2020-0006,sweeps/S1/S1-MVR-2020-0006/objects/f4c85029b5536ae96d126dca39c88a0fbb5b3cc9643f9d2f99a7e6294c1238e1,,
CAND-0030,S1,MVR-2020-0007,sweeps/S1/S1-MVR-2020-0007/objects/7f7a64e566f9d360b234b50c73ebd0e1effea8f245cd835d759c5f50724a634d,,
CAND-0031,S1,MVR-2020-0008,sweeps/S1/S1-MVR-2020-0008/objects/4d42388553a4b5bef0bb7b45ebaf03f70b6863e96d7876c3561ab6edbbc9a70a,,
CAND-0032,S1,MVR-2020-0009,sweeps/S1/S1-MVR-2020-0009/objects/ca8adcdee0a7465a7ff63512fd537e19be7ee0c6cbcb92820bf9c82ffae6c57f,,
CAND-0033,S1,MVR-2020-0010,sweeps/S1/S1-MVR-2020-0010/objects/a873e51afd939257b7386b4e48d816dd47c709cacfcb563421742d921a86a63d,,
CAND-0034,S1,MVR-2020-0011,sweeps/S1/S1-MVR-2020-0011/objects/a32853e385fb77b25dcd960c72f986483c7869e90195c1e6443941db56cb6304,,
CAND-0035,S1,MVS-2020-0001,sweeps/S1/S1-MVS-2020-0001/objects/7d0b3108720e0d52765c7a286f5237f26ad8e3a5f39ef20b5c62409a278e66c5,,
CAND-0036,S1,MVS-2020-0002,sweeps/S1/S1-MVS-2020-0002/objects/de1db606a1cbe0f2f40eec7678124741fb9062bdc6bb6467ef69662554554eaf,,
CAND-0037,S1,MVS-2020-0003,sweeps/S1/S1-MVS-2020-0003/objects/449e4d9ecd770267b87042dacdf82520fb1d6eec4aa3cbad047c920b1e6ef5c6,,
CAND-0038,S4,AL012018:WCSC-08UQ,sweeps/S4/S4-AL012018-WCSC-08UQ/objects/f05f2624f550b27070f804a4885c04ce7eb03148f6dd64a66e576e49539d05de,,AL012018
CAND-0039,S4,AL012018:WCSC-08V5,sweeps/S4/S4-AL012018-WCSC-08V5/objects/06ff72add4941408544f5493ddf3c8193c421ec4d07d3de9f2bd0bc6c307b3cf,,AL012018
CAND-0040,S4,AL012018:WCSC-09FR,sweeps/S4/S4-AL012018-WCSC-09FR/objects/f091fbb86a712b95940bcbb5acf5263d27f9436aa164feb79a8c9edc1c8bfcac,,AL012018
CAND-0041,S4,AL012018:WCSC-0A8H,sweeps/S4/S4-AL012018-WCSC-0A8H/objects/2984f1485c5d8d8d1ada3459676b2e66be473e1b8b58a0cb0054cc173132b7ab,,AL012018
CAND-0042,S4,AL012018:WCSC-0A8U,sweeps/S4/S4-AL012018-WCSC-0A8U/objects/165f8fa2c8b833c86259519feabd043068513c7fd7383ed752e7a2b06643fedb,,AL012018
CAND-0043,S4,AL012018:WCSC-0ACE,sweeps/S4/S4-AL012018-WCSC-0ACE/objects/9124481309f56b975d7776c025450589cbc791c165f6d86daf48dc328bdbe3be,,AL012018
CAND-0044,S4,AL012018:WCSC-0ACF,sweeps/S4/S4-AL012018-WCSC-0ACF/objects/d1f020a9ad6cd71a0c008f631c5805771d9a3a0f79b86290a32c11220e884193,,AL012018
CAND-0045,S4,AL012018:WCSC-0B06,sweeps/S4/S4-AL012018-WCSC-0B06/objects/05ba61b76a0709be43401890e5238b67d66d4b2f4544e1385fa8feac75195d32,,AL012018
CAND-0046,S4,AL012018:WCSC-0BYK,sweeps/S4/S4-AL012018-WCSC-0BYK/objects/db6c482292a43ad3a83b6554e05e14ba3425e8c003cf72584888ecfbf2dcdd5a,,AL012018
CAND-0047,S4,AL012018:WCSC-0CMG,sweeps/S4/S4-AL012018-WCSC-0CMG/objects/70bfab720937fb2cb49ea4c1215307417a1b749cb614e11e285070ae22b3bee6,,AL012018
CAND-0048,S4,AL012018:WCSC-0D0W,sweeps/S4/S4-AL012018-WCSC-0D0W/objects/5be60b58e7a3e2446f13d35d061dd6ce9f532826c4e99da041c3a4b1289e2b32,,AL012018
CAND-0049,S4,AL012018:WCSC-0DA5,sweeps/S4/S4-AL012018-WCSC-0DA5/objects/e63c872957e3ec7f133a10e40f2a116b85a8c6e5185da67a8a6d3d52ed0165e4,,AL012018
CAND-0050,S4,AL012018:WCSC-0N8G,sweeps/S4/S4-AL012018-WCSC-0N8G/objects/ed52701efb786192e1a3964214546e00ad4c90511f1cbcb7e863a5914723b1b7,,AL012018
CAND-0051,S4,AL012018:WCSC-0PTP,sweeps/S4/S4-AL012018-WCSC-0PTP/objects/458ca7bd7363e0d943fb30455993ed0bc0f11c909530685217a3f260bf720746,,AL012018
CAND-0052,S4,AL012018:WCSC-0PTU,sweeps/S4/S4-AL012018-WCSC-0PTU/objects/232863856d4013d1c4d72f0f1b41142e89b4b115ef7683688083b32813189602,,AL012018
CAND-0053,S4,AL012018:WCSC-0Q1U,sweeps/S4/S4-AL012018-WCSC-0Q1U/objects/3548f1622ac6060824715f17f0c298529b223a03bf239db7cfe73ec3137198b3,,AL012018
CAND-0054,S4,AL012018:WCSC-0R3A,sweeps/S4/S4-AL012018-WCSC-0R3A/objects/f20d522bc745f1ba6b3fe72041c46b4f34ee08dde839517016e23ea9e16f4226,,AL012018
CAND-0055,S4,AL012018:WCSC-0R6X,sweeps/S4/S4-AL012018-WCSC-0R6X/objects/4553858fe30b88299d0f5db417927df29a98d838f44db9a813827159d130e1ad,,AL012018
CAND-0056,S4,AL012018:WCSC-0RAV,sweeps/S4/S4-AL012018-WCSC-0RAV/objects/ebcd2760932a8929ffc7d3798ce0b4c55e2644bcb652fe3dd75da7c19bb87782,,AL012018
CAND-0057,S4,AL012018:WCSC-0RB3,sweeps/S4/S4-AL012018-WCSC-0RB3/objects/43ce786a26a1d14780ae909d5b137e95f67f492a97ac8bd2d0110412e2bb0794,,AL012018
CAND-0058,S4,AL012018:WCSC-0RB4,sweeps/S4/S4-AL012018-WCSC-0RB4/objects/ca1b3c884ee5a1332923c29e9a9ca3e0a21afa97e1eabc2d286630d3f1ceef0d,,AL012018
CAND-0059,S4,AL012018:WCSC-0RBE,sweeps/S4/S4-AL012018-WCSC-0RBE/objects/9622e7c78e848341461aac40eb3cb47257018d6d9285a156ae0baeced0bfb342,,AL012018
CAND-0060,S4,AL012018:WCSC-0RBF,sweeps/S4/S4-AL012018-WCSC-0RBF/objects/4ae632b1f6e39ed0f092492dded4e03e355f935088ee7170b068969b2a4d6317,,AL012018
CAND-0061,S4,AL012018:WCSC-0REG,sweeps/S4/S4-AL012018-WCSC-0REG/objects/1f2c6b5fa1c4fdd7fbc99555aacbd5f79c2ac913c2b8877538314090745b91de,,AL012018
CAND-0062,S4,AL012018:WCSC-0REH,sweeps/S4/S4-AL012018-WCSC-0REH/objects/81e499a871ef1b0dee561111226361957286ba9ea92d12aaf95e17fcb32785ca,,AL012018
CAND-0063,S4,AL012018:WCSC-0RH8,sweeps/S4/S4-AL012018-WCSC-0RH8/objects/ad91b58c9f460f9d974580338f9fc1a7e36848ddad467c42748bea0d814cf995,,AL012018
CAND-0064,S4,AL012018:WCSC-0TBM,sweeps/S4/S4-AL012018-WCSC-0TBM/objects/09323e921bf10ea3c00d282e0053724de8de32aa45e7c0ec433c4238132c95a1,,AL012018
CAND-0065,S4,AL012018:WCSC-0TG6,sweeps/S4/S4-AL012018-WCSC-0TG6/objects/17507287de3a40c32662a6c1e8359ed333a4eb1808e50ef1d7e309fe4bc96493,,AL012018
CAND-0066,S4,AL012018:WCSC-0TG7,sweeps/S4/S4-AL012018-WCSC-0TG7/objects/3bf22e1f0c12a452cf10dad8e33b298cf59727c3631162d36ef0b80bd2b016eb,,AL012018
CAND-0067,S4,AL012018:WCSC-0TKH,sweeps/S4/S4-AL012018-WCSC-0TKH/objects/a1b16446aef25b0e1a63a24723e27b970ba649c0297f217b634431595975baea,,AL012018
CAND-0068,S4,AL012018:WCSC-0TMQ,sweeps/S4/S4-AL012018-WCSC-0TMQ/objects/3ac14ddcb9df6aea185b563bc69d6a3fc930bcff75cdf618bc4a40944911c600,,AL012018
CAND-0069,S4,AL012018:WCSC-0TRY,sweeps/S4/S4-AL012018-WCSC-0TRY/objects/d1aefdf944c5dd579085bda6c7a8e886c0daf21d217b9803c40e59da1471a7f8,,AL012018
CAND-0070,S4,AL012018:WCSC-0TTR,sweeps/S4/S4-AL012018-WCSC-0TTR/objects/b9fefd961155fe60cdff042c4649b22f314faeeb589a18ef1e27d0c4030f48b5,,AL012018
CAND-0071,S4,AL012018:WCSC-0TUN,sweeps/S4/S4-AL012018-WCSC-0TUN/objects/0884906bd5ee7328f14d3e08c36594fee41db451c69b6ea9e8f659942f454fd9,,AL012018
CAND-0072,S4,AL012018:WCSC-0TUP,sweeps/S4/S4-AL012018-WCSC-0TUP/objects/aee6389803ec7f5f0a0c9d33331a2c191fd2be8488318062812872410aaa0c7d,,AL012018
CAND-0073,S4,AL012018:WCSC-0TUW,sweeps/S4/S4-AL012018-WCSC-0TUW/objects/b9b0a9e16abfa8b7236573dd8b5a738b82bc57b27073fa5b0c9e6e7ffdb7f8cd,,AL012018
CAND-0074,S4,AL012018:WCSC-0TUX,sweeps/S4/S4-AL012018-WCSC-0TUX/objects/bd2a68c2badad4f398e95a997eba6929bee9e1ddcbb2d47ab0dad8552274f496,,AL012018
CAND-0075,S4,AL012018:WCSC-0V9G,sweeps/S4/S4-AL012018-WCSC-0V9G/objects/d58df603921ac9daa57968391b3d6c8330bf4c41422c2ecbc919db7013c779fd,,AL012018
CAND-0076,S4,AL012018:WCSC-0VMA,sweeps/S4/S4-AL012018-WCSC-0VMA/objects/2a4768f19cfed2bb9fef8c69bb6720d4839ffd4c69a3fcc57b2f070261347a9a,,AL012018
CAND-0077,S4,AL012018:WCSC-0W0Y,sweeps/S4/S4-AL012018-WCSC-0W0Y/objects/9f5a646a2a0fe9493d7e6fb4bac177ee62258e800ed4fec2064dd160e8e2d1b2,,AL012018
CAND-0078,S4,AL012018:WCSC-0W10,sweeps/S4/S4-AL012018-WCSC-0W10/objects/499eb3e76951ba9db8b3777a881d4ad8eec5e11c7f307757e5176ace4e7c2bc4,,AL012018
CAND-0079,S4,AL012018:WCSC-0W22,sweeps/S4/S4-AL012018-WCSC-0W22/objects/8b57b94f5e602d8c060e1edd5087ea05786aefe39740a954b94c01044281eda9,,AL012018
CAND-0080,S4,AL012018:WCSC-0W26,sweeps/S4/S4-AL012018-WCSC-0W26/objects/7e82ea7d0c9c33e25e1bea9254d979c4b031de000007350c5aa855192f456be2,,AL012018
CAND-0081,S4,AL012018:WCSC-0W27,sweeps/S4/S4-AL012018-WCSC-0W27/objects/a7a89df9c553e7af3fa4e791e50d084c6e74910b1c5edb9fb39da714bcd35133,,AL012018
CAND-0082,S4,AL012018:WCSC-0W28,sweeps/S4/S4-AL012018-WCSC-0W28/objects/9a8afa8902c64f75ef629acf3a3c2eeb6105b75574e217da3311c05050d9f5cf,,AL012018
CAND-0083,S4,AL012018:WCSC-0W3N,sweeps/S4/S4-AL012018-WCSC-0W3N/objects/39168ac41361cd88938b9713a8526f361963a529fbcef5106f5b531b450c082c,,AL012018
CAND-0084,S4,AL012018:WCSC-0W55,sweeps/S4/S4-AL012018-WCSC-0W55/objects/05559efdfc3f5a3f992ce8148c43f583eb8a7a7fa2bc533f44a381bb1faae021,,AL012018
CAND-0085,S4,AL012018:WCSC-0W5P,sweeps/S4/S4-AL012018-WCSC-0W5P/objects/cb2a4bfac48cb4c6127c79627ee550cb58b483f9a3b9ea79c39a6cc784b4b81e,,AL012018
CAND-0086,S4,AL012018:WCSC-0W76,sweeps/S4/S4-AL012018-WCSC-0W76/objects/2e1e2ec927924bd3d626850b50c5a28cb01c5fbe8152b3451ba5177d56a451fa,,AL012018
CAND-0087,S4,AL012018:WCSC-0W78,sweeps/S4/S4-AL012018-WCSC-0W78/objects/2a87b21b07eaca0c838309ec27280b2d54e9e45aa51379d1be28abfc189cf0e5,,AL012018
CAND-0088,S4,AL012018:WCSC-0W89,sweeps/S4/S4-AL012018-WCSC-0W89/objects/befd74bf25bb94a5d2d5d336c95e9d963f1763ef4195e9547ffb30d6efa61161,,AL012018
CAND-0089,S4,AL012018:WCSC-0W8V,sweeps/S4/S4-AL012018-WCSC-0W8V/objects/9b899993f492ff82c11d72979b8e563d42e6934316440df96662806a147d94a7,,AL012018
CAND-0090,S4,AL012018:WCSC-0W8W,sweeps/S4/S4-AL012018-WCSC-0W8W/objects/e340d82fe7b8d5a4c7ce33c2264386820c074f1dc941fc77df536ce38f80b549,,AL012018
CAND-0091,S4,AL012018:WCSC-0WF3,sweeps/S4/S4-AL012018-WCSC-0WF3/objects/cf7812d1125da0b2e8626a8acd8e810a7ae13e6b5f62fcd08560e99e6b80ff8b,,AL012018
CAND-0092,S4,AL012018:WCSC-0WH3,sweeps/S4/S4-AL012018-WCSC-0WH3/objects/6c01abdad108c192e7a3dcb57d5d4fdfe183ed1bd227441f6b08de980f368add,,AL012018
CAND-0093,S4,AL012018:WCSC-0WHQ,sweeps/S4/S4-AL012018-WCSC-0WHQ/objects/6c5c7d357711eea6aca8c28c7a57ac28a91a29090e2ea4b394d552c4cf69b4dd,,AL012018
CAND-0094,S4,AL012018:WCSC-0WJA,sweeps/S4/S4-AL012018-WCSC-0WJA/objects/ee22e88a73e2a580ca6e5b429f15bd6479830c00e5cdcc644e9ecd9b727c2243,,AL012018
CAND-0095,S4,AL012018:WCSC-0WJE,sweeps/S4/S4-AL012018-WCSC-0WJE/objects/8a71c4c73a0a6ad52e0839edcf91e763d0355da5e25a0195098b4f48b3f39408,,AL012018
CAND-0096,S4,AL012018:WCSC-0WKA,sweeps/S4/S4-AL012018-WCSC-0WKA/objects/4dff7c4fb2ed6314519cb3f7dc861a4da9b46cd1549a088969ef4f07ea9a7571,,AL012018
CAND-0097,S4,AL012018:WCSC-0WKB,sweeps/S4/S4-AL012018-WCSC-0WKB/objects/9cb5f6f0c3677ee0cebe4942910242eab17e63d1002f8c613a3bd3dff2fc4c13,,AL012018
CAND-0098,S4,AL012018:WCSC-0WNB,sweeps/S4/S4-AL012018-WCSC-0WNB/objects/124ee01c2f63a916e08b9fd7a9c7bb76c421bdcc12ad4cc49a0a219f0646ca97,,AL012018
CAND-0099,S4,AL012018:WCSC-0WNE,sweeps/S4/S4-AL012018-WCSC-0WNE/objects/34451ec7f7c826dd42e02628d2f6ccd9aa4c5eef33e9a523d9ef0ace15bae2d6,,AL012018
CAND-0100,S4,AL012018:WCSC-0WNF,sweeps/S4/S4-AL012018-WCSC-0WNF/objects/61f85313cdaf92e3c15dbe6f4b1438b39f5fb960609cc4a1465ba4803e1aa8af,,AL012018
CAND-0101,S4,AL012018:WCSC-0WNZ,sweeps/S4/S4-AL012018-WCSC-0WNZ/objects/03475e42976a8ab569b5254f33e3f67122f34f0318d5aa3c9860099c9e5c6a56,,AL012018
CAND-0102,S4,AL012018:WCSC-0WRF,sweeps/S4/S4-AL012018-WCSC-0WRF/objects/dd226876e3611285e68b27fc28d2569f79e361c1c9089e3047f4cc7347be1f3a,,AL012018
CAND-0103,S4,AL012018:WCSC-0WRG,sweeps/S4/S4-AL012018-WCSC-0WRG/objects/e5411c9c60df4b60d85480088269b191c1a076ab1f59352c03249b4b51d1f6cc,,AL012018
CAND-0104,S4,AL012018:WCSC-0WRH,sweeps/S4/S4-AL012018-WCSC-0WRH/objects/933b793a679f5dc0c5ea4ca29a1e0c7b12d7aa62d8d768080955dc4be165859b,,AL012018
CAND-0105,S4,AL012018:WCSC-0WRX,sweeps/S4/S4-AL012018-WCSC-0WRX/objects/7af5364282bfdd656fdf8d4e05fe459e5b4a0546879d69fa2387cd800ef3b68f,,AL012018
CAND-0106,S4,AL012018:WCSC-0WS0,sweeps/S4/S4-AL012018-WCSC-0WS0/objects/eb8bcde05c95d125644a7f29041af8d8677d8671ab6f7d3efc051273e9cf7a6b,,AL012018
CAND-0107,S4,AL012018:WCSC-0WT4,sweeps/S4/S4-AL012018-WCSC-0WT4/objects/ecd515b239a6b55c2035bfe5b41f398b1f5d8f31d21007eedf9e81cf96033658,,AL012018
CAND-0108,S4,AL012018:WCSC-0WTP,sweeps/S4/S4-AL012018-WCSC-0WTP/objects/741f7e4567591c3af095184adf6f8470f7b71ca6b3afddcba0a7b46ddfa9554b,,AL012018
CAND-0109,S4,AL012018:WCSC-0WU5,sweeps/S4/S4-AL012018-WCSC-0WU5/objects/e4b2b334258433443ab96ed0fdce62e0bead757e000c6f14ccee28be04e12076,,AL012018
CAND-0110,S4,AL012018:WCSC-0WU7,sweeps/S4/S4-AL012018-WCSC-0WU7/objects/dc605410971554fe99cb75419246305415bc608aa5c1f2ac9bb411c632a40f61,,AL012018
CAND-0111,S4,AL012018:WCSC-0WU9,sweeps/S4/S4-AL012018-WCSC-0WU9/objects/b60a88bb73614894686601829ad6b1caf65632432723baa227214cd1428c9756,,AL012018
CAND-0112,S4,AL012018:WCSC-0WV0,sweeps/S4/S4-AL012018-WCSC-0WV0/objects/134506d8e66612e2aa0da11449d20d1560f58bf7ed6f1bf09c3da68453994d24,,AL012018
CAND-0113,S4,AL012018:WCSC-0WV1,sweeps/S4/S4-AL012018-WCSC-0WV1/objects/9c2693a0bad37837d999ad87a68c865bbc7befd37534f38f21520dd3a2c2443b,,AL012018
CAND-0114,S4,AL012018:WCSC-0WV2,sweeps/S4/S4-AL012018-WCSC-0WV2/objects/b6365567eaa3d29a2620a2361e9088ffe9425edbfc1e85301261b28a881910d8,,AL012018
CAND-0115,S4,AL012018:WCSC-0WV3,sweeps/S4/S4-AL012018-WCSC-0WV3/objects/78d8f83ac14969bf6d92633246434989996c5730547931e90717beea301eff6a,,AL012018
CAND-0116,S4,AL012018:WCSC-0WV4,sweeps/S4/S4-AL012018-WCSC-0WV4/objects/641871046c5d292aa369ded6f1188999df32c52ccf6f4a9f4376e46592d0acf4,,AL012018
CAND-0117,S4,AL012018:WCSC-0WV6,sweeps/S4/S4-AL012018-WCSC-0WV6/objects/d0409aaa0e75e87b7d32d764d4bd1145966034ae495712660cc791b7b17c4a68,,AL012018
CAND-0118,S4,AL012018:WCSC-0WV8,sweeps/S4/S4-AL012018-WCSC-0WV8/objects/aff5c440a7e516b671c89c1c68c62083c99b23a1ca9a2f754666106bf2fd9f90,,AL012018
CAND-0119,S4,AL012018:WCSC-0WW9,sweeps/S4/S4-AL012018-WCSC-0WW9/objects/010aa89f4b4bb87462187167a2ebb09f35b475e7109344721079669e95e1506c,,AL012018
CAND-0120,S4,AL012018:WCSC-0WWB,sweeps/S4/S4-AL012018-WCSC-0WWB/objects/cabed7475db9b585aa2874d004a46156ec7bfe6fa16fe8830a03ccf0cee8d07e,,AL012018
CAND-0121,S4,AL012018:WCSC-0X5S,sweeps/S4/S4-AL012018-WCSC-0X5S/objects/64c83448ec8c18b2e34a8f6c08ba8df8dbb4827c0ae5fbe91f2315ece29511ee,,AL012018
CAND-0122,S4,AL012018:WCSC-0X5T,sweeps/S4/S4-AL012018-WCSC-0X5T/objects/70ea1bdf6d4fdc1cc21227654e6ad2146bcd7e84bed0ddadcbe1906757abe30c,,AL012018
CAND-0123,S4,AL012018:WCSC-0X6A,sweeps/S4/S4-AL012018-WCSC-0X6A/objects/e70867f98d5803ae5b46fba697ccf6adbde15dc1612992eec5a7f34948b53335,,AL012018
CAND-0124,S4,AL012018:WCSC-0X6M,sweeps/S4/S4-AL012018-WCSC-0X6M/objects/6ba540ae3fd59043554c885ad34832b6150951032c18f1afa2e2aba53fcd84b4,,AL012018
CAND-0125,S4,AL012018:WCSC-0X6N,sweeps/S4/S4-AL012018-WCSC-0X6N/objects/37d373903111ec65e101e973b2b715d1907d10d1463798313fb0c7861443b522,,AL012018
CAND-0126,S4,AL012018:WCSC-0X6P,sweeps/S4/S4-AL012018-WCSC-0X6P/objects/01d939bd15271c5caecf4ae22dd9f522b35f0bd3aa4dde1942b6f503e55b3eae,,AL012018
CAND-0127,S4,AL012018:WCSC-0X75,sweeps/S4/S4-AL012018-WCSC-0X75/objects/d7501031832d485594aa5642568077009f69bb0e60127a9025232f7919f61539,,AL012018
CAND-0128,S4,AL012018:WCSC-0X76,sweeps/S4/S4-AL012018-WCSC-0X76/objects/d7bd8067b9c858af80dbbf800a95e289d54af908c1c23f2bd261f3feef93fde6,,AL012018
CAND-0129,S4,AL012018:WCSC-0X77,sweeps/S4/S4-AL012018-WCSC-0X77/objects/3e33e0482982826d23e052ed76adf3916a3dc1bcb5d85d541d63fbf205004081,,AL012018
CAND-0130,S4,AL012018:WCSC-0X78,sweeps/S4/S4-AL012018-WCSC-0X78/objects/ac2f600730603401c995fe59cb4419c210bb3f970d574e9e4127e593a7642531,,AL012018
CAND-0131,S4,AL012018:WCSC-0X7Q,sweeps/S4/S4-AL012018-WCSC-0X7Q/objects/06a1cb58630b6f8adc96618384ffd90546ea58c2a8e70af8db6c7a45196529cd,,AL012018
CAND-0132,S4,AL012018:WCSC-0X7R,sweeps/S4/S4-AL012018-WCSC-0X7R/objects/724e791a1b476855d80affb66e29315792f9a54084cbd19b48da25b8aabed49e,,AL012018
CAND-0133,S4,AL012018:WCSC-0X8U,sweeps/S4/S4-AL012018-WCSC-0X8U/objects/953be1378a2824b35e031e562785820fc2de225a14930ad9f6066e4f07a61b74,,AL012018
CAND-0134,S4,AL012018:WCSC-0X8W,sweeps/S4/S4-AL012018-WCSC-0X8W/objects/0094b84bf8733875f5cae83a64042ebabcf7cfc73f4fec9c4dc84e10c2d44518,,AL012018
CAND-0135,S4,AL012018:WCSC-0X9A,sweeps/S4/S4-AL012018-WCSC-0X9A/objects/d85dfb980852e92c9be80dc0f3dbc1030e2e7e997f992b4001fa42bc235432f0,,AL012018
CAND-0136,S4,AL012018:WCSC-0X9B,sweeps/S4/S4-AL012018-WCSC-0X9B/objects/e305e1ee5e68dcadf19da99747767a70557698704a57d6225301c6da83e02890,,AL012018
CAND-0137,S4,AL012018:WCSC-0X9C,sweeps/S4/S4-AL012018-WCSC-0X9C/objects/e84f6559500268e72c76be383a9b51725b735c9d70a8c0128ab758e6174e021a,,AL012018
CAND-0138,S4,AL012018:WCSC-0X9D,sweeps/S4/S4-AL012018-WCSC-0X9D/objects/15c85a8d497c0737ae48d2c2591f84f5e4dd2272ba0f83a54f64e87961aff726,,AL012018
CAND-0139,S4,AL012018:WCSC-0X9E,sweeps/S4/S4-AL012018-WCSC-0X9E/objects/30023ebe26c29f7c0af20fc5ec0d4359cdba9d88c228d9c8ffe499f296f752a4,,AL012018
CAND-0140,S4,AL012018:WCSC-0X9R,sweeps/S4/S4-AL012018-WCSC-0X9R/objects/6a796778cd454edf029ebdc8f6efc5c81890d4abb815e886660d5a6a056faa61,,AL012018
CAND-0141,S4,AL012018:WCSC-0X9S,sweeps/S4/S4-AL012018-WCSC-0X9S/objects/c934bdf32b6dc3065e1e9ede8b9f4384cb1ae154f07968f04708e001069d9ab1,,AL012018
CAND-0142,S4,AL012018:WCSC-0X9U,sweeps/S4/S4-AL012018-WCSC-0X9U/objects/2a403a005a734d7db51da6fef5aa7a737c0b393c65b8d6674c8ffca829388d9d,,AL012018
CAND-0143,S4,AL012018:WCSC-0X9X,sweeps/S4/S4-AL012018-WCSC-0X9X/objects/2a643b478a70d8d78bbc26d34a8254f29c187ac2efd4eff4cb1839f620336096,,AL012018
CAND-0144,S4,AL012018:WCSC-0X9Y,sweeps/S4/S4-AL012018-WCSC-0X9Y/objects/a47989a0242c513dcfa838245dda1e994e075f53533d4ecf4f1d788321ce39e3,,AL012018
CAND-0145,S4,AL012018:WCSC-0X9Z,sweeps/S4/S4-AL012018-WCSC-0X9Z/objects/425749c2bfcda0de33e0aebde434f2d5b1b6491a9e6b31a47da5ea4d492009fe,,AL012018
CAND-0146,S4,AL012018:WCSC-0XA0,sweeps/S4/S4-AL012018-WCSC-0XA0/objects/cef3b24364555b57b0be48386869522e9ef32f04df8bc007053f598cce9753a2,,AL012018
CAND-0147,S4,AL012018:WCSC-0XAC,sweeps/S4/S4-AL012018-WCSC-0XAC/objects/92d789326c69f71979d6c5393aef6a8dedfd65a02010283a2ba8821adbbe02f7,,AL012018
CAND-0148,S4,AL012018:WCSC-0XAN,sweeps/S4/S4-AL012018-WCSC-0XAN/objects/78a3032836c2cad8f6dd1e6313707d33de71cebb63f9cee12eb7d4b1a1201597,,AL012018
CAND-0149,S4,AL012018:WCSC-0XB1,sweeps/S4/S4-AL012018-WCSC-0XB1/objects/929942b111cab62aa998ecc9490efd19b14283045fb7f17d6651c5ab60fcf44e,,AL012018
CAND-0150,S4,AL012018:WCSC-0XB2,sweeps/S4/S4-AL012018-WCSC-0XB2/objects/0308473a42376e8c6305cefcb9500443e486b58dee8f7de145231fde93c05eb8,,AL012018
CAND-0151,S4,AL012018:WCSC-0XB3,sweeps/S4/S4-AL012018-WCSC-0XB3/objects/d5a9d79f5e69ec6ab403006b9b19fdfb8f954f1af2a553392290911d888a7ec8,,AL012018
CAND-0152,S4,AL012018:WCSC-0XB4,sweeps/S4/S4-AL012018-WCSC-0XB4/objects/3f07469c4ffe509db929982713d2043cbda3e9b69fc616d5591375d77b7695f5,,AL012018
CAND-0153,S4,AL012018:WCSC-0Y9M,sweeps/S4/S4-AL012018-WCSC-0Y9M/objects/432fce2e823e1fe7cf97d5a631943aa71728c28bdb600a9d987035c6ef9a64c8,,AL012018
CAND-0154,S4,AL012018:WCSC-0Y9N,sweeps/S4/S4-AL012018-WCSC-0Y9N/objects/173f6461a35f50b151319d3776c392310a4d4e5340af9238631d7c3405cb3e27,,AL012018
CAND-0155,S4,AL012018:WCSC-0YA4,sweeps/S4/S4-AL012018-WCSC-0YA4/objects/2a9ba873ec9002c8fda7b4626c86477107316b8fe843714ad264ca37d00d6a7f,,AL012018
CAND-0156,S4,AL012018:WCSC-0YA5,sweeps/S4/S4-AL012018-WCSC-0YA5/objects/7250e7d3cf1c078d5c2fb169658843bbd9594897a8d60c93ebb1f29ac11ce25b,,AL012018
CAND-0157,S4,AL012018:WCSC-0YA6,sweeps/S4/S4-AL012018-WCSC-0YA6/objects/f761417167092ff514272b01dcaafbd74c6d759c85ccdc5d0cf978bb4fb71786,,AL012018
CAND-0158,S4,AL012018:WCSC-0YAC,sweeps/S4/S4-AL012018-WCSC-0YAC/objects/95ed3081b1867ad5e03d127197b4374f05e883b86ab16dbce4da84c6162eefed,,AL012018
CAND-0159,S4,AL012018:WCSC-0YET,sweeps/S4/S4-AL012018-WCSC-0YET/objects/2f26a97a183b124fd70a613ecf6ed3f0610962fc845a6ddec13c937195e9423c,,AL012018
CAND-0160,S4,AL012018:WCSC-0YEU,sweeps/S4/S4-AL012018-WCSC-0YEU/objects/00ea3c6ffeea9c06a423367b2e75a32424c89a43d4bdd3e97e0760632b6a2c3a,,AL012018
CAND-0161,S4,AL012018:WCSC-0ZHQ,sweeps/S4/S4-AL012018-WCSC-0ZHQ/objects/cc3af09cc2b8b3953bf2cb6e652f56013ffcc0d6f3bd0ae8136621d15bf4188f,,AL012018
CAND-0162,S4,AL012018:WCSC-11ZX,sweeps/S4/S4-AL012018-WCSC-11ZX/objects/b8fb6a6bcc5ef9ebb96b7d648de8784b010f80e10eb296f0c57866cdcb7cb40b,,AL012018
CAND-0163,S4,AL012018:WCSC-121L,sweeps/S4/S4-AL012018-WCSC-121L/objects/7958579a735cdc57c34f3260dbd85ce374e464c6be1a9026d1eb3b1b9246f055,,AL012018
CAND-0164,S4,AL012018:WCSC-123R,sweeps/S4/S4-AL012018-WCSC-123R/objects/056606cbc6c976bdc3182155763b411740ae4977702f787ac7fd26fec1dae7e8,,AL012018
CAND-0165,S4,AL012018:WCSC-125T,sweeps/S4/S4-AL012018-WCSC-125T/objects/40eaec7d255845574f00439e3a7e3d92a99131caa8ac5de91330d0a0ab3088f6,,AL012018
CAND-0166,S4,AL012018:WCSC-127X,sweeps/S4/S4-AL012018-WCSC-127X/objects/7d5809a3fa2de4ba2599d9a40c3e1c12fd9b32b5c2791004cb1edd38c2d5d988,,AL012018
CAND-0167,S4,AL012018:WCSC-1285,sweeps/S4/S4-AL012018-WCSC-1285/objects/43d15d21348b18733e2d0493536e574fecff24508f58336b85320d4a6e3659e9,,AL012018
CAND-0168,S4,AL022015:WCSC-08UQ,sweeps/S4/S4-AL022015-WCSC-08UQ/objects/0aade582d6897839931716e54431c542daef272a11c703d0fa64fb0a1a1bd216,,AL022015
CAND-0169,S4,AL022015:WCSC-08V5,sweeps/S4/S4-AL022015-WCSC-08V5/objects/50bf4d590c724c3146f29eddfd4db72ffc354234f88c5471baeb2f1a075e7538,,AL022015
CAND-0170,S4,AL022015:WCSC-08YD,sweeps/S4/S4-AL022015-WCSC-08YD/objects/2967ba5aa44bfbbde811f4c7fca72af50286a0fcc85d6edf3c0b3abaeb4f01d2,,AL022015
CAND-0171,S4,AL022015:WCSC-09FR,sweeps/S4/S4-AL022015-WCSC-09FR/objects/cce6582f711a866f6ed5851aa5b18f637354c8f189d492cbb2226a065417b0af,,AL022015
CAND-0172,S4,AL022015:WCSC-0A8H,sweeps/S4/S4-AL022015-WCSC-0A8H/objects/f67474ef6bee3820d6525d87641f632b7c8f73ae464f26d9f5f10ced254e6efc,,AL022015
CAND-0173,S4,AL022015:WCSC-0A8U,sweeps/S4/S4-AL022015-WCSC-0A8U/objects/7b6fd193bc6e7a988b4641060bedb46772d75f5760d6227ea2be139928e9a53c,,AL022015
CAND-0174,S4,AL022015:WCSC-0ACE,sweeps/S4/S4-AL022015-WCSC-0ACE/objects/55898ef01ab4e4eea907e1b5522a9e8faa893ab3ed9b651afd880e425945f33f,,AL022015
CAND-0175,S4,AL022015:WCSC-0ACF,sweeps/S4/S4-AL022015-WCSC-0ACF/objects/49e7c6ffce32b8f41782df8185002d8c310cbc66d52ab90b179e8b3c72eafb0d,,AL022015
CAND-0176,S4,AL022015:WCSC-0B06,sweeps/S4/S4-AL022015-WCSC-0B06/objects/64219e5da6e3abf6c36cc5485067586b4d346dafe0e71e1b0d61be9ee2052d56,,AL022015
CAND-0177,S4,AL022015:WCSC-0BYK,sweeps/S4/S4-AL022015-WCSC-0BYK/objects/680895292480786eb288200de283fc784ca7a0a2bcb65a826714d97e3d16f347,,AL022015
CAND-0178,S4,AL022015:WCSC-0CMG,sweeps/S4/S4-AL022015-WCSC-0CMG/objects/3a2f212cb62fe350a71f6e6f2ba37823b93b2c403a344e99a27b409d8200c284,,AL022015
CAND-0179,S4,AL022015:WCSC-0D0W,sweeps/S4/S4-AL022015-WCSC-0D0W/objects/af07ecef48ef700996d05182772e06cf2ac6cfbec398008adafb84c1783b578f,,AL022015
CAND-0180,S4,AL022015:WCSC-0DA5,sweeps/S4/S4-AL022015-WCSC-0DA5/objects/9e3d40d94fa961f985bc36b31b2fd61417abed82bbac8e23d21dfa036ea3277c,,AL022015
CAND-0181,S4,AL022015:WCSC-0N8G,sweeps/S4/S4-AL022015-WCSC-0N8G/objects/9db6fb3c0a6119af268489b7c44529f8f79850cb1fb56c089da6243f7c4bff7b,,AL022015
CAND-0182,S4,AL022015:WCSC-0PTH,sweeps/S4/S4-AL022015-WCSC-0PTH/objects/f2f78005b3a9fbe0017bd3645a1e6b3ddcfb243f1a25f17d21f3aaefa44d4565,,AL022015
CAND-0183,S4,AL022015:WCSC-0PTP,sweeps/S4/S4-AL022015-WCSC-0PTP/objects/1290813205441d2df14cca8f69c85488cf36ca45654f15171c1bc14c92b87f7b,,AL022015
CAND-0184,S4,AL022015:WCSC-0PTU,sweeps/S4/S4-AL022015-WCSC-0PTU/objects/45f43ca03de1fea61cc0f600cf9c4fb30bfa3bffa8b141a1a1069d1c81bc00ce,,AL022015
CAND-0185,S4,AL022015:WCSC-0Q1U,sweeps/S4/S4-AL022015-WCSC-0Q1U/objects/c76591cdbff354d1cf795d13d634aeb1d280bd197780bb9f740544b07ab0685e,,AL022015
CAND-0186,S4,AL022015:WCSC-0R2S,sweeps/S4/S4-AL022015-WCSC-0R2S/objects/1830c3cde8abd220a18d1e5723e9c5f29964bfef8a2e982c6f483bcdac60439b,,AL022015
CAND-0187,S4,AL022015:WCSC-0R2T,sweeps/S4/S4-AL022015-WCSC-0R2T/objects/14d222d8919721db903d22a172e28fd68ba9ca2d5bf0399659c6633947d75957,,AL022015
CAND-0188,S4,AL022015:WCSC-0R2U,sweeps/S4/S4-AL022015-WCSC-0R2U/objects/902c832657e329a4e9c5e4d8b8e941e12827764d738c07edd69167aeb0291c67,,AL022015
CAND-0189,S4,AL022015:WCSC-0R2V,sweeps/S4/S4-AL022015-WCSC-0R2V/objects/681cb2042d2910b5d7f7418cc723a8bfde417e7181cd59c1b558f49231f27c58,,AL022015
CAND-0190,S4,AL022015:WCSC-0R37,sweeps/S4/S4-AL022015-WCSC-0R37/objects/bdb2a6e93ea2c3b32e14196d8f5681f0165910da80c80ebfbe598e1fb3ae60bd,,AL022015
CAND-0191,S4,AL022015:WCSC-0R3A,sweeps/S4/S4-AL022015-WCSC-0R3A/objects/e7ba7221a1925a552a33bb22771fb88bb41a550df513cf9a5c484b8fe36e29b5,,AL022015
CAND-0192,S4,AL022015:WCSC-0R6P,sweeps/S4/S4-AL022015-WCSC-0R6P/objects/62c09c82eb78f4887d1f965eb86d6f5200f8293c2e3d1ba1b71389df263a2467,,AL022015
CAND-0193,S4,AL022015:WCSC-0R6X,sweeps/S4/S4-AL022015-WCSC-0R6X/objects/eea2904267fb7c68eafaf62978128af6fe5814afad689552251552e91da66a17,,AL022015
CAND-0194,S4,AL022015:WCSC-0RAV,sweeps/S4/S4-AL022015-WCSC-0RAV/objects/efb53fac846e99639b7bae672918568e8750d8576f172197ef0be838680d2321,,AL022015
CAND-0195,S4,AL022015:WCSC-0RB3,sweeps/S4/S4-AL022015-WCSC-0RB3/objects/228aa1cc799977c23efa7433e60dc647ad7f5216735dc498134a2204cb75cbed,,AL022015
CAND-0196,S4,AL022015:WCSC-0RB4,sweeps/S4/S4-AL022015-WCSC-0RB4/objects/9b35375ee42a44da4c8928ac8bd06437da1638cc88a86a8746fdb22157f87f2e,,AL022015
CAND-0197,S4,AL022015:WCSC-0RBE,sweeps/S4/S4-AL022015-WCSC-0RBE/objects/3c36f6e44e5b6e7abad1e4f3d08270c560eb69fcd441fc67766ab3a0e4a0acfb,,AL022015
CAND-0198,S4,AL022015:WCSC-0RBF,sweeps/S4/S4-AL022015-WCSC-0RBF/objects/d98ad4cb6fb04558837b70e82aefbf0a214cd35c56a77efe6e855f231dfe1494,,AL022015
CAND-0199,S4,AL022015:WCSC-0REG,sweeps/S4/S4-AL022015-WCSC-0REG/objects/33a8e878dbfafc4ac6061569616a4ce9a5c21a190e927787acf9224a21f17139,,AL022015
CAND-0200,S4,AL022015:WCSC-0REH,sweeps/S4/S4-AL022015-WCSC-0REH/objects/51339a9566b6143817f37ffc33f332bf74677adbaa7ea0f3ac46b2d7f7760d64,,AL022015
CAND-0201,S4,AL022015:WCSC-0REX,sweeps/S4/S4-AL022015-WCSC-0REX/objects/a9b3910b1ce7f77f824f56f0f2344cb5ff85f3bcab24b0816fbfdc65ac687440,,AL022015
CAND-0202,S4,AL022015:WCSC-0RH8,sweeps/S4/S4-AL022015-WCSC-0RH8/objects/df6162869c5e8c86178928393f0a2101af7dbc01e9960bf2c3f26e6f4563e384,,AL022015
CAND-0203,S4,AL022015:WCSC-0TBM,sweeps/S4/S4-AL022015-WCSC-0TBM/objects/fb60b2c8dcfeb324d8f33f53a9150b8c23c309780372905125bcc00b1cd22cf0,,AL022015
CAND-0204,S4,AL022015:WCSC-0TG6,sweeps/S4/S4-AL022015-WCSC-0TG6/objects/4107b77aaa9d4025bbfb47f4ebabc0019b96e6e6232f5f408e03f50ed6aea2e1,,AL022015
CAND-0205,S4,AL022015:WCSC-0TG7,sweeps/S4/S4-AL022015-WCSC-0TG7/objects/c3d15abff5fdb9e8a763478135ac78947a2b0971c56d17eedfff829634265114,,AL022015
CAND-0206,S4,AL022015:WCSC-0TKH,sweeps/S4/S4-AL022015-WCSC-0TKH/objects/b73d4494d889339d8ca487c0eb0a8cbb4d627f53d64a883b23b7d33ad1e3f0f7,,AL022015
CAND-0207,S4,AL022015:WCSC-0TKQ,sweeps/S4/S4-AL022015-WCSC-0TKQ/objects/7a18fb4805e2bc0b80f0035d6fcb04339ab15d2de66918e4bbac4a5e41f5717f,,AL022015
CAND-0208,S4,AL022015:WCSC-0TMQ,sweeps/S4/S4-AL022015-WCSC-0TMQ/objects/519a7ae861ccf77e1f3e5e71849960743dcc53c5c2353d6e8bb84307e353c441,,AL022015
CAND-0209,S4,AL022015:WCSC-0TNM,sweeps/S4/S4-AL022015-WCSC-0TNM/objects/7cd68134192000865b016b6a6a7f6ec6c939c7c963c9caabdc059637d35b1d4e,,AL022015
CAND-0210,S4,AL022015:WCSC-0TP3,sweeps/S4/S4-AL022015-WCSC-0TP3/objects/4e930a13de997c8ba6abec4a669eb8b532460ec3de1f2ec6b40109060e4b88a7,,AL022015
CAND-0211,S4,AL022015:WCSC-0TP4,sweeps/S4/S4-AL022015-WCSC-0TP4/objects/d687262413f21c2ccb9e869dee272bce3546cd00f482013fe27c3cbfc4aeb6d4,,AL022015
CAND-0212,S4,AL022015:WCSC-0TRY,sweeps/S4/S4-AL022015-WCSC-0TRY/objects/8e5f9323e21ff2b625502b653ffcf0354a8cfc49a89670eb005fece06d1c4943,,AL022015
CAND-0213,S4,AL022015:WCSC-0TSR,sweeps/S4/S4-AL022015-WCSC-0TSR/objects/0b2ea862b4b41a7c8a0683bbbcfff0b9d7673b844dc22b274bcce6ffc1efcc5a,,AL022015
CAND-0214,S4,AL022015:WCSC-0TSS,sweeps/S4/S4-AL022015-WCSC-0TSS/objects/8a52ecf8239fa157836cdeee228a405449a4601e08a41254ec5b3dbc2b8069a3,,AL022015
CAND-0215,S4,AL022015:WCSC-0TTR,sweeps/S4/S4-AL022015-WCSC-0TTR/objects/6cf91a056eac029a507f1d5da17596b7c777f0e12104913513e80e7cabd8db8d,,AL022015
CAND-0216,S4,AL022015:WCSC-0TUN,sweeps/S4/S4-AL022015-WCSC-0TUN/objects/2aca1a21d5b179e7b218a9f6ee9b23db070f59422b3a9c1ac5110c3f488a850e,,AL022015
CAND-0217,S4,AL022015:WCSC-0TUP,sweeps/S4/S4-AL022015-WCSC-0TUP/objects/459b6d07428e1839d33eca92e17f95f680fa8f82a185856eea4d6fa4b1b90ea2,,AL022015
CAND-0218,S4,AL022015:WCSC-0TUQ,sweeps/S4/S4-AL022015-WCSC-0TUQ/objects/c0e34dec5783363838bc5f6da992d62c0617f6123e0fbb88d8d86389d112052d,,AL022015
CAND-0219,S4,AL022015:WCSC-0TUW,sweeps/S4/S4-AL022015-WCSC-0TUW/objects/4810f2ce1723d378036f619aa3337a07c69383dbfc2fea3b27e8a10124a9e94d,,AL022015
CAND-0220,S4,AL022015:WCSC-0TUX,sweeps/S4/S4-AL022015-WCSC-0TUX/objects/d1d0e1fa2352890cedd2900619271f7dd8ec8a1f372116befcc5e85a44d61178,,AL022015
CAND-0221,S4,AL022015:WCSC-0TV7,sweeps/S4/S4-AL022015-WCSC-0TV7/objects/0a9382228cec5ac79c303ea788b6d148d86016c0fe24e714869ad9176b6f1b0e,,AL022015
CAND-0222,S4,AL022015:WCSC-0U9B,sweeps/S4/S4-AL022015-WCSC-0U9B/objects/d12331ec50ca97c9b46551304ebbf02c8780a9071d5564c71448f9e627a5a1ac,,AL022015
CAND-0223,S4,AL022015:WCSC-0U9J,sweeps/S4/S4-AL022015-WCSC-0U9J/objects/41bf88017ab858c55ec930a967a06a9af01ad4710e8253b3337465508d9779cd,,AL022015
CAND-0224,S4,AL022015:WCSC-0UBS,sweeps/S4/S4-AL022015-WCSC-0UBS/objects/2919a228089aa137242609472aba60c796f66625283448b5c59691bd3fdce6db,,AL022015
CAND-0225,S4,AL022015:WCSC-0W0Y,sweeps/S4/S4-AL022015-WCSC-0W0Y/objects/e4c5b47b1763b0ca4d8064fe2d00b06c00576900c73787ec949b6be7e7c6f0dc,,AL022015
CAND-0226,S4,AL022015:WCSC-0W10,sweeps/S4/S4-AL022015-WCSC-0W10/objects/6d47bbc930182577da7dfa357ad6d346733016ffdb032683b08c8c4399e90eb1,,AL022015
CAND-0227,S4,AL022015:WCSC-0W14,sweeps/S4/S4-AL022015-WCSC-0W14/objects/a4aa23b2fbf33338edf4f129429a5930ea130ab4679c2cf0b5c4da0ea167e001,,AL022015
CAND-0228,S4,AL022015:WCSC-0W17,sweeps/S4/S4-AL022015-WCSC-0W17/objects/23e9a395d78e78a78f51fc20e8040fef8e83b7965bcb00009f124b101212a45c,,AL022015
CAND-0229,S4,AL022015:WCSC-0W1H,sweeps/S4/S4-AL022015-WCSC-0W1H/objects/e56ea4cc91d6ec8e51aa89e790bd1e3d92818e98183e616cf2ecb3b49ab2b967,,AL022015
CAND-0230,S4,AL022015:WCSC-0W1K,sweeps/S4/S4-AL022015-WCSC-0W1K/objects/60f00e1f6306c25fdb29669bee0dd7e62acf919bc3c230b09f7ce2a12726c8de,,AL022015
CAND-0231,S4,AL022015:WCSC-0W1U,sweeps/S4/S4-AL022015-WCSC-0W1U/objects/4c62db078fd5e46f69b247f480acc0c7c3ce7bfa8ecaa979d65eb6ce2a3408a1,,AL022015
CAND-0232,S4,AL022015:WCSC-0W1X,sweeps/S4/S4-AL022015-WCSC-0W1X/objects/80278ec5e0f5916f89f2e1632f68c060bb8f0d5fb43c3bc26b3799a1fbcb79fa,,AL022015
CAND-0233,S4,AL022015:WCSC-0W1Z,sweeps/S4/S4-AL022015-WCSC-0W1Z/objects/0f0607b72d7cb0fd94e99e77244848ca08b3a485091f639135b04cf86bb96306,,AL022015
CAND-0234,S4,AL022015:WCSC-0W22,sweeps/S4/S4-AL022015-WCSC-0W22/objects/2dea1999c92c322bb3e20c9cf5b07fca22052529a0850f7f4a83cea25dd9f80a,,AL022015
CAND-0235,S4,AL022015:WCSC-0W26,sweeps/S4/S4-AL022015-WCSC-0W26/objects/01b2b6af14a258c6fa703deaaf2c2d960893515e040c7d496b62df50e42e7ef3,,AL022015
CAND-0236,S4,AL022015:WCSC-0W27,sweeps/S4/S4-AL022015-WCSC-0W27/objects/816943403c10e2ecd778d3aeeae7c59dc8e9d5e40aba86ecb279047e92606929,,AL022015
CAND-0237,S4,AL022015:WCSC-0W28,sweeps/S4/S4-AL022015-WCSC-0W28/objects/ad0edf8756f695e17fed262aae960245b06bf1b7c64504904f3cbb1281d3575f,,AL022015
CAND-0238,S4,AL022015:WCSC-0W2H,sweeps/S4/S4-AL022015-WCSC-0W2H/objects/560f68754ed20eb56269592d83f10f7c1b463e000a28f35436324f47b04e4914,,AL022015
CAND-0239,S4,AL022015:WCSC-0W2K,sweeps/S4/S4-AL022015-WCSC-0W2K/objects/aaebb99d97172a0108895481d7f4cda8516aaadc3ee216d12d9a0783344a5d21,,AL022015
CAND-0240,S4,AL022015:WCSC-0W2L,sweeps/S4/S4-AL022015-WCSC-0W2L/objects/c95d96b8397fc5d9ad90c53e0cb0074c6911b6814b00bc9a18ddaf7f09bd6ab9,,AL022015
CAND-0241,S4,AL022015:WCSC-0W2P,sweeps/S4/S4-AL022015-WCSC-0W2P/objects/20b24b8ace5d3faba1981d4ced068b66b1ae2846fcbd1df9dd643645e180b60a,,AL022015
CAND-0242,S4,AL022015:WCSC-0W2Q,sweeps/S4/S4-AL022015-WCSC-0W2Q/objects/c1812638390500633ffc982f98121ebdc9c3a6b0295da619d5e19e431f08f1d0,,AL022015
CAND-0243,S4,AL022015:WCSC-0W2R,sweeps/S4/S4-AL022015-WCSC-0W2R/objects/0d7b3e4b909534aa309a784c193e40964d787749f28a48bf68524ab64ef78835,,AL022015
CAND-0244,S4,AL022015:WCSC-0W2T,sweeps/S4/S4-AL022015-WCSC-0W2T/objects/51a46a3987d9224c77985c62727e78e8259d1618f911f563a02fd3a1d61eba0e,,AL022015
CAND-0245,S4,AL022015:WCSC-0W3N,sweeps/S4/S4-AL022015-WCSC-0W3N/objects/c7b42cf5f1a7154c1582d03e72817c222d10aa9c2f7475dfaa282469ec99c90c,,AL022015
CAND-0246,S4,AL022015:WCSC-0W4J,sweeps/S4/S4-AL022015-WCSC-0W4J/objects/f514c8dcdc6f0bc7096d20c868c4291d78f6790b3eb0a54c0e06cf41af0fb740,,AL022015
CAND-0247,S4,AL022015:WCSC-0W4M,sweeps/S4/S4-AL022015-WCSC-0W4M/objects/0340ff305f66ff11bac6e755fdf850abf2facddd2d72d172c5348e5c0b8c9b73,,AL022015
CAND-0248,S4,AL022015:WCSC-0W53,sweeps/S4/S4-AL022015-WCSC-0W53/objects/3931283c8d1f3724d9238f598cbf9996b39b95c57aafb9626002d3e387a65425,,AL022015
CAND-0249,S4,AL022015:WCSC-0W55,sweeps/S4/S4-AL022015-WCSC-0W55/objects/6c9b494bbdb545eadd13a28e71486c4a0b0e3f42b5c5e8b7655c9903d629b8ee,,AL022015
CAND-0250,S4,AL022015:WCSC-0W5P,sweeps/S4/S4-AL022015-WCSC-0W5P/objects/1a08daeff0effe345daccd0a655102ae0521b88090d6274e7e518c77db5404de,,AL022015
CAND-0251,S4,AL022015:WCSC-0W6S,sweeps/S4/S4-AL022015-WCSC-0W6S/objects/ff16729c881a756d316829c3ce8e35b31bb2e9c36efdf69122233a1f93283cf8,,AL022015
CAND-0252,S4,AL022015:WCSC-0W75,sweeps/S4/S4-AL022015-WCSC-0W75/objects/5aaee287fdd04a3a2cb5c0b646fc41fc5d3c1f6ade7dfe21f8100b8e70c55b82,,AL022015
CAND-0253,S4,AL022015:WCSC-0W76,sweeps/S4/S4-AL022015-WCSC-0W76/objects/46089decf151d9d966316ea562914d9d52007b67fa29975aceec275bba5eb1a2,,AL022015
CAND-0254,S4,AL022015:WCSC-0W78,sweeps/S4/S4-AL022015-WCSC-0W78/objects/8ef066e14d07bd932cc03b20b803c4dc3621e09739f2e94dda64c059874fcf32,,AL022015
CAND-0255,S4,AL022015:WCSC-0W7C,sweeps/S4/S4-AL022015-WCSC-0W7C/objects/23f34a8590dc43038c49dcfb9685349f9e4fd0d37200b200cec2503630e3f2f4,,AL022015
CAND-0256,S4,AL022015:WCSC-0W7D,sweeps/S4/S4-AL022015-WCSC-0W7D/objects/65b5a8179888e4a4c5d566acd10cbb73c140e388a1b794cb8a3b5000c3c9c682,,AL022015
CAND-0257,S4,AL022015:WCSC-0W89,sweeps/S4/S4-AL022015-WCSC-0W89/objects/34c2c8880777e28bc3fda2941864a5a682bba9385e3af21ca171bab55668360d,,AL022015
CAND-0258,S4,AL022015:WCSC-0W8V,sweeps/S4/S4-AL022015-WCSC-0W8V/objects/f6c1b36bfab234ee43b54c27b22d1b5a6613a9b4d1a779fe5b28ea9904d8481d,,AL022015
CAND-0259,S4,AL022015:WCSC-0W8W,sweeps/S4/S4-AL022015-WCSC-0W8W/objects/dd849b3c4dbfa66fe87dcb597244785eac72671743d25b9192c9251147986fdc,,AL022015
CAND-0260,S4,AL022015:WCSC-0WAD,sweeps/S4/S4-AL022015-WCSC-0WAD/objects/c92a2890b1c0b04f005c93ca889df42bd5677a63400cbb8ccfd4a8711673d5b5,,AL022015
CAND-0261,S4,AL022015:WCSC-0WBR,sweeps/S4/S4-AL022015-WCSC-0WBR/objects/3c12e466af673f71f2e9d2c68519b9316f079b2946336e23732e424e1f964fbd,,AL022015
CAND-0262,S4,AL022015:WCSC-0WF3,sweeps/S4/S4-AL022015-WCSC-0WF3/objects/65bf77ae6afb172b445891947c35c7b5a046ca936b1693eb768e7ac8e6a41357,,AL022015
CAND-0263,S4,AL022015:WCSC-0WG6,sweeps/S4/S4-AL022015-WCSC-0WG6/objects/32b61982bda8e705dc55afa181c2cdade05122373036161177fd1dc7b8aa459e,,AL022015
CAND-0264,S4,AL022015:WCSC-0WGN,sweeps/S4/S4-AL022015-WCSC-0WGN/objects/f66c3feb8c3fe7a083635e6b5aceed8473a7c88d405cce6febbd37ae70217d62,,AL022015
CAND-0265,S4,AL022015:WCSC-0WH3,sweeps/S4/S4-AL022015-WCSC-0WH3/objects/b446a0e50c08143a535b34522d34f1d6d94528b04f291ea629cb768707ae062d,,AL022015
CAND-0266,S4,AL022015:WCSC-0WHQ,sweeps/S4/S4-AL022015-WCSC-0WHQ/objects/2ca7ec0f1eaea3f6c8c3f3bea85b499d816f17e1d9ed456626ebf916b58c6fdc,,AL022015
CAND-0267,S4,AL022015:WCSC-0WJA,sweeps/S4/S4-AL022015-WCSC-0WJA/objects/0d50fef34ab0ac0da218076bda7a5f333912344cb5375213284864cdf705733b,,AL022015
CAND-0268,S4,AL022015:WCSC-0WJE,sweeps/S4/S4-AL022015-WCSC-0WJE/objects/29a2a4a2758eef6bf05eeb7d52c8f53d98e2bf62e8641ff3b245a07116ce283f,,AL022015
CAND-0269,S4,AL022015:WCSC-0WKA,sweeps/S4/S4-AL022015-WCSC-0WKA/objects/fb30034a4a54c14bc45db8f6b12c6e088e9098befdce203a17399ed2621bd1df,,AL022015
CAND-0270,S4,AL022015:WCSC-0WKB,sweeps/S4/S4-AL022015-WCSC-0WKB/objects/eefe56d7e18dcc9f9b35eb1ed1ff6199007ae31290dd2f4d47bf9fe8f8115736,,AL022015
CAND-0271,S4,AL022015:WCSC-0WNB,sweeps/S4/S4-AL022015-WCSC-0WNB/objects/a05e131918ece50b36d13f90fddea9294fa1c8ed6156554b537de3f71aaa88d0,,AL022015
CAND-0272,S4,AL022015:WCSC-0WNE,sweeps/S4/S4-AL022015-WCSC-0WNE/objects/3a3bfb6314e450bdb4d8ca76b11af5b614376e20f823aeac4f40c4a992ae9570,,AL022015
CAND-0273,S4,AL022015:WCSC-0WNF,sweeps/S4/S4-AL022015-WCSC-0WNF/objects/3bafaed876ecdefac9a416e6c8d23aa43a411b7fe66728f87d1518aadde61c1a,,AL022015
CAND-0274,S4,AL022015:WCSC-0WNZ,sweeps/S4/S4-AL022015-WCSC-0WNZ/objects/5a911b3cdc7062027201862971b1ddc005852631a76c1bf6338cf00d940e6192,,AL022015
CAND-0275,S4,AL022015:WCSC-0WRF,sweeps/S4/S4-AL022015-WCSC-0WRF/objects/cdc8866bfa4450a3f5a0d93143a16b258baf77b5099c551fa626d51539ebbc38,,AL022015
CAND-0276,S4,AL022015:WCSC-0WRG,sweeps/S4/S4-AL022015-WCSC-0WRG/objects/0abe1e21aff01fc870da29dfc5da7f9877e56794213e216e8a24f6f8f7cf6965,,AL022015
CAND-0277,S4,AL022015:WCSC-0WRH,sweeps/S4/S4-AL022015-WCSC-0WRH/objects/1079a32af0045dbcbf476fc57c73a6adeea70f3dc70e72f4498eb4d78beb4e2f,,AL022015
CAND-0278,S4,AL022015:WCSC-0WRX,sweeps/S4/S4-AL022015-WCSC-0WRX/objects/ad9a5bc13a5c3d6a562db9a2585e5bf8ef7ccde666758af4889de22c99f9c2e9,,AL022015
CAND-0279,S4,AL022015:WCSC-0WS0,sweeps/S4/S4-AL022015-WCSC-0WS0/objects/359a31fca984954da7f17a1aefbe23d0bddcfcdd9042467a2e867efcfc5ee3d0,,AL022015
CAND-0280,S4,AL022015:WCSC-0WT4,sweeps/S4/S4-AL022015-WCSC-0WT4/objects/a243cb1510ea6172f6ab4bd4dc12dd23bdf8a2035128fe19c0fe5c9b7cd3ebb7,,AL022015
CAND-0281,S4,AL022015:WCSC-0WTP,sweeps/S4/S4-AL022015-WCSC-0WTP/objects/10f418cce14016b8ffeda2f98fcefa71bb8c74a00f4d559d86776028d9cbbf62,,AL022015
CAND-0282,S4,AL022015:WCSC-0WU5,sweeps/S4/S4-AL022015-WCSC-0WU5/objects/0112204e450ac73e916ceae69bcba5077f6049504027c6dab88a875b256872c2,,AL022015
CAND-0283,S4,AL022015:WCSC-0WU7,sweeps/S4/S4-AL022015-WCSC-0WU7/objects/3698c642ee3927ed0f9fe347661f1c1cfecde82ffd9a248a15d0731c4ef71e25,,AL022015
CAND-0284,S4,AL022015:WCSC-0WU9,sweeps/S4/S4-AL022015-WCSC-0WU9/objects/1053e3191e54d45865fe1f9800bcc88de6d2539679e802f2e8c5d1e52a678f5d,,AL022015
CAND-0285,S4,AL022015:WCSC-0WUN,sweeps/S4/S4-AL022015-WCSC-0WUN/objects/6042ca6727f1a7e27ebafe686bcf95dd611b589e77a03b8675893bd268023f27,,AL022015
CAND-0286,S4,AL022015:WCSC-0WUP,sweeps/S4/S4-AL022015-WCSC-0WUP/objects/885e42ef09bc10b0a5b36d80a4957d5a70272080968acb424f2aa40f78f0bf4b,,AL022015
CAND-0287,S4,AL022015:WCSC-0WUY,sweeps/S4/S4-AL022015-WCSC-0WUY/objects/3eeb00271747819c28ff5f2ec5446027a057b52747fb90ed2cea9d208a06a368,,AL022015
CAND-0288,S4,AL022015:WCSC-0WV0,sweeps/S4/S4-AL022015-WCSC-0WV0/objects/28653b8edd336d20a078046fc305ded3f6b95ca1f8521ef33d53b583a4a39971,,AL022015
CAND-0289,S4,AL022015:WCSC-0WV1,sweeps/S4/S4-AL022015-WCSC-0WV1/objects/60d64cb94c818607f187916268fa0369d8b65e68d87de9201bcaf290e9cd61ac,,AL022015
CAND-0290,S4,AL022015:WCSC-0WV2,sweeps/S4/S4-AL022015-WCSC-0WV2/objects/491de070611ffdaa8d685025d8916e0a298a4fb7c04dee1d1f35dfb46da55f48,,AL022015
CAND-0291,S4,AL022015:WCSC-0WV3,sweeps/S4/S4-AL022015-WCSC-0WV3/objects/89fab239032d247aef108a8b1005fb562f4c00fe60114ab71249ea3d547e7a8e,,AL022015
CAND-0292,S4,AL022015:WCSC-0WV4,sweeps/S4/S4-AL022015-WCSC-0WV4/objects/a041317981d07fee5b8d8606decb72896bd221bc69ed4b9febd27386387516c8,,AL022015
CAND-0293,S4,AL022015:WCSC-0WV6,sweeps/S4/S4-AL022015-WCSC-0WV6/objects/38d18235aaf3a2fd35b267756b6a9a53676ffddd54388e9a8f94e4c41d7ef096,,AL022015
CAND-0294,S4,AL022015:WCSC-0WV8,sweeps/S4/S4-AL022015-WCSC-0WV8/objects/8777a3dfe081a9102f1c27ade316b4f8589e088b9c4936927172e5830447a008,,AL022015
CAND-0295,S4,AL022015:WCSC-0WW6,sweeps/S4/S4-AL022015-WCSC-0WW6/objects/bbd27b811ea827469fea8fcd76a4203cad3df65c8ee52f2c409747a26b03016b,,AL022015
CAND-0296,S4,AL022015:WCSC-0WW9,sweeps/S4/S4-AL022015-WCSC-0WW9/objects/d89753fc44658c3ec70b9672487411b6607dee88f9faa0f4bcfd72b3854d56d4,,AL022015
CAND-0297,S4,AL022015:WCSC-0WWB,sweeps/S4/S4-AL022015-WCSC-0WWB/objects/ee008f6b016d3f3c59bf60454b74f2656fb86afc603c2dcbace836238267172c,,AL022015
CAND-0298,S4,AL022015:WCSC-0WXF,sweeps/S4/S4-AL022015-WCSC-0WXF/objects/9cc07ce61cbd723f3cd50b188bdb40fd592c85e20da6ea8d68bd8efa69b0c5f9,,AL022015
CAND-0299,S4,AL022015:WCSC-0WYL,sweeps/S4/S4-AL022015-WCSC-0WYL/objects/f3ea4109e7eb468070bd7bb3bc8098baf89aa6558b6c2df4dcfa30a863acf8e0,,AL022015
CAND-0300,S4,AL022015:WCSC-0WZ0,sweeps/S4/S4-AL022015-WCSC-0WZ0/objects/79476c628112fe6adcab6ca05525fa60c2be013eaca7a63b894efd68fed85d65,,AL022015
CAND-0301,S4,AL022015:WCSC-0WZ2,sweeps/S4/S4-AL022015-WCSC-0WZ2/objects/47d9712941a86916f8e4b91d8bd5540ba1445b02572d322cf811833e3292cd5e,,AL022015
CAND-0302,S4,AL022015:WCSC-0WZF,sweeps/S4/S4-AL022015-WCSC-0WZF/objects/cf459aaca73511af6e370a5b5ede8fd55855edcb9780188a2ff1dc972938cd62,,AL022015
CAND-0303,S4,AL022015:WCSC-0WZJ,sweeps/S4/S4-AL022015-WCSC-0WZJ/objects/64e50d3ab932eeabb3a994ad529bd54f9889c561835e3a071a468c094f1c2851,,AL022015
CAND-0304,S4,AL022015:WCSC-0WZX,sweeps/S4/S4-AL022015-WCSC-0WZX/objects/947c162ca6d688be857350fee559889e8d474f0ab3b41ac6bd3e4f42dfc98efd,,AL022015
CAND-0305,S4,AL022015:WCSC-0X00,sweeps/S4/S4-AL022015-WCSC-0X00/objects/05b2b6ba825cc4c385de75fe91d9c57f6dd89e1b393d0abd6ed678ea70e5627d,,AL022015
CAND-0306,S4,AL022015:WCSC-0X01,sweeps/S4/S4-AL022015-WCSC-0X01/objects/38985dd21105102fb860f42f8fdb89eb8c1703e86aa7ddfd16a058dbac05b6b3,,AL022015
CAND-0307,S4,AL022015:WCSC-0X0F,sweeps/S4/S4-AL022015-WCSC-0X0F/objects/bb1567d8394a93a8654a8b68aa8349c3854592d7e4ae5d598ea759fc3c014ff0,,AL022015
CAND-0308,S4,AL022015:WCSC-0X0G,sweeps/S4/S4-AL022015-WCSC-0X0G/objects/3b752ae4a48415b438ada61f77a6afd38acccda3e91ff4aafe7e446e7d2afb29,,AL022015
CAND-0309,S4,AL022015:WCSC-0X0H,sweeps/S4/S4-AL022015-WCSC-0X0H/objects/32a1e4eb6595b3cc9e8c8706510c2e47aacb9152200fb74e4611f318370b64ab,,AL022015
CAND-0310,S4,AL022015:WCSC-0X1B,sweeps/S4/S4-AL022015-WCSC-0X1B/objects/e1ef00e8e8fa569efe7bfc3a045a48064f898d8a66968e7ee935825713fd1bef,,AL022015
CAND-0311,S4,AL022015:WCSC-0X1T,sweeps/S4/S4-AL022015-WCSC-0X1T/objects/02ebacdd1196db0a5e7f5fa5419d403db2f3819cfa9968770fad22fc51840f85,,AL022015
CAND-0312,S4,AL022015:WCSC-0X1U,sweeps/S4/S4-AL022015-WCSC-0X1U/objects/48d0754b20a0b5f79e04591a21478c90d141db5ce2d891b0c29aedcc666ae8d5,,AL022015
CAND-0313,S4,AL022015:WCSC-0X1W,sweeps/S4/S4-AL022015-WCSC-0X1W/objects/1a26b603dbb4b1f31a99e1f5fb4651d853c16d03bdc32780d3e195f00e190877,,AL022015
CAND-0314,S4,AL022015:WCSC-0X1X,sweeps/S4/S4-AL022015-WCSC-0X1X/objects/7d1527747bc32ed1dc058c7ced6a3050c719e6caf62711e30469056024c7bf63,,AL022015
CAND-0315,S4,AL022015:WCSC-0X1Y,sweeps/S4/S4-AL022015-WCSC-0X1Y/objects/8d864bf1b05e6ad272bb17f0deb68d5b35e6fd803d201288c9edd23eb2548d9d,,AL022015
CAND-0316,S4,AL022015:WCSC-0X1Z,sweeps/S4/S4-AL022015-WCSC-0X1Z/objects/52c17b992572003b6d72e6c42a9f4c168aeb8d8b0bf78c71a84c687acc63e63f,,AL022015
CAND-0317,S4,AL022015:WCSC-0X27,sweeps/S4/S4-AL022015-WCSC-0X27/objects/7760e52aa98dfa978545f4203c713d446cda755445a80b64d77f6dd08b6317d2,,AL022015
CAND-0318,S4,AL022015:WCSC-0X29,sweeps/S4/S4-AL022015-WCSC-0X29/objects/c95e06cdfc8ccc8b9f2d7e5adaab4c1745e31d95eca4ea12d243bebcdc78a320,,AL022015
CAND-0319,S4,AL022015:WCSC-0X5S,sweeps/S4/S4-AL022015-WCSC-0X5S/objects/5eb971d9a46ed2e969e19f9ec4e001a183a321623f981f1314ea6be7f352923a,,AL022015
CAND-0320,S4,AL022015:WCSC-0X5T,sweeps/S4/S4-AL022015-WCSC-0X5T/objects/7e940f4e4d3decdf204377f0ac9061d7734115200495296b9097ed000a66cc19,,AL022015
CAND-0321,S4,AL022015:WCSC-0X6A,sweeps/S4/S4-AL022015-WCSC-0X6A/objects/e2c5a5767e57931aa2c86c82e3ac2c900b4be8d5202be31fad0df2642f095cc8,,AL022015
CAND-0322,S4,AL022015:WCSC-0X6M,sweeps/S4/S4-AL022015-WCSC-0X6M/objects/d745082dfd397e667698e27bf008afbc1ead6bce87067a3b60f522dc29e3a895,,AL022015
CAND-0323,S4,AL022015:WCSC-0X6N,sweeps/S4/S4-AL022015-WCSC-0X6N/objects/87d5d28e584aba67c02033fd2a0d02f71f47604075e2cb3eefcd244af3cbee50,,AL022015
CAND-0324,S4,AL022015:WCSC-0X6P,sweeps/S4/S4-AL022015-WCSC-0X6P/objects/fced68a0f5dfbfba612615ec57fa9e911f07292b088213bfb8550170830eae9f,,AL022015
CAND-0325,S4,AL022015:WCSC-0X75,sweeps/S4/S4-AL022015-WCSC-0X75/objects/3b043e32108271e0310b4f0cf90031f25ca7ad81341f5528c87dd76e64833960,,AL022015
CAND-0326,S4,AL022015:WCSC-0X76,sweeps/S4/S4-AL022015-WCSC-0X76/objects/c44917bbfa6b3cb54a10aa662d3627f86a89967d063978ad4a10a3c30daab520,,AL022015
CAND-0327,S4,AL022015:WCSC-0X77,sweeps/S4/S4-AL022015-WCSC-0X77/objects/a29dc6b44ade890c0a7baa0f1475e25551e18cdd2e8e582873d5412d80b6f259,,AL022015
CAND-0328,S4,AL022015:WCSC-0X78,sweeps/S4/S4-AL022015-WCSC-0X78/objects/f0e4963e484564b1640c418f00d00363fa1232842f66c1c9ed0d393f285f722e,,AL022015
CAND-0329,S4,AL022015:WCSC-0X7Q,sweeps/S4/S4-AL022015-WCSC-0X7Q/objects/7254d608b197ae4bfaa08b28ec29cb4e16e505879d3beb096a560a801320f331,,AL022015
CAND-0330,S4,AL022015:WCSC-0X7R,sweeps/S4/S4-AL022015-WCSC-0X7R/objects/8aa531181f82dfd94cef31d2ce6ad1a53a286126924919bbbce8d687dd41b7ad,,AL022015
CAND-0331,S4,AL022015:WCSC-0X8U,sweeps/S4/S4-AL022015-WCSC-0X8U/objects/53605090e0470d5cea99ad0f67404e9bbeea2a6d535c22da0e0f96cf001991cb,,AL022015
CAND-0332,S4,AL022015:WCSC-0X8W,sweeps/S4/S4-AL022015-WCSC-0X8W/objects/87986d3043244516133ae1874c8ff1c103d39a956826cff236a42ba91e6045f0,,AL022015
CAND-0333,S4,AL022015:WCSC-0X9A,sweeps/S4/S4-AL022015-WCSC-0X9A/objects/1c64455c07f6b1142ae9d7f76ec7722c5383a2722b43aca2f67c543a571bab16,,AL022015
CAND-0334,S4,AL022015:WCSC-0X9B,sweeps/S4/S4-AL022015-WCSC-0X9B/objects/ebf52eda9304f4504bbada3c8642725237b9c73db8002de955b6ae499ba99634,,AL022015
CAND-0335,S4,AL022015:WCSC-0X9C,sweeps/S4/S4-AL022015-WCSC-0X9C/objects/58fab196f632b70e344cc310d311fad40000bd4e06cf56f6e3c6eff67058229d,,AL022015
CAND-0336,S4,AL022015:WCSC-0X9D,sweeps/S4/S4-AL022015-WCSC-0X9D/objects/b5472d68ea76b6f2fc0c75383e55f0bd3677a8e6f1986a1168bd7edb3cc04a4f,,AL022015
CAND-0337,S4,AL022015:WCSC-0X9E,sweeps/S4/S4-AL022015-WCSC-0X9E/objects/ce144cdc902e33fdacd9dd46bb9ae8a299fd2e902f755a1feb94a94489021c07,,AL022015
CAND-0338,S4,AL022015:WCSC-0X9M,sweeps/S4/S4-AL022015-WCSC-0X9M/objects/8c4ab61178578c7a9bc2a5e5a73fcd63d4fdfb26ee3886df97b309b2e61e8696,,AL022015
CAND-0339,S4,AL022015:WCSC-0X9R,sweeps/S4/S4-AL022015-WCSC-0X9R/objects/4cdf8eb05cc95dca46146da047db02c3fc5f021ea5da64ca91b8e51eeeb4b857,,AL022015
CAND-0340,S4,AL022015:WCSC-0X9S,sweeps/S4/S4-AL022015-WCSC-0X9S/objects/500af0b7f6af7c3599fb82127b310e117c543b47ee7d7301a5ce9fa0469de279,,AL022015
CAND-0341,S4,AL022015:WCSC-0X9U,sweeps/S4/S4-AL022015-WCSC-0X9U/objects/244c2e11c7f9e6c0d65e68c47a91aeaef27b4819aa9d49117eb4f94953a0e651,,AL022015
CAND-0342,S4,AL022015:WCSC-0X9X,sweeps/S4/S4-AL022015-WCSC-0X9X/objects/a3bd13b610ca8613e90eacc98bb82605be9b60214075fce9d83e8b2ada36b636,,AL022015
CAND-0343,S4,AL022015:WCSC-0X9Y,sweeps/S4/S4-AL022015-WCSC-0X9Y/objects/744e0958ebb2fa522ef2cac81f517f50c83cf980ffc4d1f7392c40a36f9c39f2,,AL022015
CAND-0344,S4,AL022015:WCSC-0X9Z,sweeps/S4/S4-AL022015-WCSC-0X9Z/objects/b8c109606f5da61bd324fecd460bf3a90f3e2a701a348f014da76f3e1e636c78,,AL022015
CAND-0345,S4,AL022015:WCSC-0XA0,sweeps/S4/S4-AL022015-WCSC-0XA0/objects/f0d8ae308253a87e5d3b6a80cee339fc386bcc117619663983d95dfc72a4e797,,AL022015
CAND-0346,S4,AL022015:WCSC-0XAC,sweeps/S4/S4-AL022015-WCSC-0XAC/objects/fe47a1e26ae2ddd92214e202609a44d81ca797830e7396295927bafa905c3f6b,,AL022015
CAND-0347,S4,AL022015:WCSC-0XAK,sweeps/S4/S4-AL022015-WCSC-0XAK/objects/eca414266fa3dee39f95e3a30ab4834b4a0c22eea626d5feecafe216e4384280,,AL022015
CAND-0348,S4,AL022015:WCSC-0XAL,sweeps/S4/S4-AL022015-WCSC-0XAL/objects/fcf247473cd3ab66fe03340a3aed4ac9f4885884793620bb0a1508f8abf74440,,AL022015
CAND-0349,S4,AL022015:WCSC-0XAM,sweeps/S4/S4-AL022015-WCSC-0XAM/objects/4a3a1e1871a608c39ab1d6c3545860337879f76320db219632a5985eb9928092,,AL022015
CAND-0350,S4,AL022015:WCSC-0XAN,sweeps/S4/S4-AL022015-WCSC-0XAN/objects/3311977a4ce71330194b0b48d8fb91d3933655f0417a49e8472687a000f684f1,,AL022015
CAND-0351,S4,AL022015:WCSC-0XB1,sweeps/S4/S4-AL022015-WCSC-0XB1/objects/2afe4936673dc49d24c5dbf1ff3907807f934efc572293cf7586d338d59a8c20,,AL022015
CAND-0352,S4,AL022015:WCSC-0XB2,sweeps/S4/S4-AL022015-WCSC-0XB2/objects/aec46f8aa2cd52cc04a53198e5930bf07b36cde3738d07afa5c5fbaba2834a5e,,AL022015
CAND-0353,S4,AL022015:WCSC-0XB3,sweeps/S4/S4-AL022015-WCSC-0XB3/objects/fc70451f98587ba88d7a07e385c0b5786b0cfe7f80d0ed37e3db2da0c55c0cb2,,AL022015
CAND-0354,S4,AL022015:WCSC-0XB4,sweeps/S4/S4-AL022015-WCSC-0XB4/objects/f94cd8e604becbd0723cf3bbe1cd69972d4bff802775448628be6af3c4a0852e,,AL022015
CAND-0355,S4,AL022015:WCSC-0Y6S,sweeps/S4/S4-AL022015-WCSC-0Y6S/objects/537bf46dc1da417a7ba079caaa6f43adb73b9003dd9e52b72bf241370fa18743,,AL022015
CAND-0356,S4,AL022015:WCSC-0Y9M,sweeps/S4/S4-AL022015-WCSC-0Y9M/objects/12c46a4f1c0892f393faa3fd21ab5917b0ce7553b4d5dffa89cd696d9cfc81da,,AL022015
CAND-0357,S4,AL022015:WCSC-0Y9N,sweeps/S4/S4-AL022015-WCSC-0Y9N/objects/2f3fe5f38600940dc479afc98b269b910342381a521452f7d899c979b046de55,,AL022015
CAND-0358,S4,AL022015:WCSC-0YA4,sweeps/S4/S4-AL022015-WCSC-0YA4/objects/14d10d735680f022a29d161651950e8bc00067b513c08ccadf83cb2fba6e4a41,,AL022015
CAND-0359,S4,AL022015:WCSC-0YA5,sweeps/S4/S4-AL022015-WCSC-0YA5/objects/8595788159395218f72fae2bb0ad94a466c31060833191da014f0451d167859d,,AL022015
CAND-0360,S4,AL022015:WCSC-0YA6,sweeps/S4/S4-AL022015-WCSC-0YA6/objects/cae7f68c82d6db1628140f8b94db7cf9d189f96a09162f32fa8582572702e0fe,,AL022015
CAND-0361,S4,AL022015:WCSC-0YAC,sweeps/S4/S4-AL022015-WCSC-0YAC/objects/af54cc7dfe8a2735805555cf55d08971ca50426b15fc168c16decf405647834d,,AL022015
CAND-0362,S4,AL022015:WCSC-0YET,sweeps/S4/S4-AL022015-WCSC-0YET/objects/5ebd57946b12a4b232765755c141b10aa17f0d84da6ef20924bf186a5c9ff519,,AL022015
CAND-0363,S4,AL022015:WCSC-0YEU,sweeps/S4/S4-AL022015-WCSC-0YEU/objects/f3b094147d7453627cfe9fb9f3e9d241b73ae38d21cc2831e1e6b4682c1d3ffa,,AL022015
CAND-0364,S4,AL022015:WCSC-0ZAQ,sweeps/S4/S4-AL022015-WCSC-0ZAQ/objects/a6b164010a00e8468250e44358d0920c0b4f8f4511484b14031a7848ec4bfae3,,AL022015
CAND-0365,S4,AL022015:WCSC-0ZM6,sweeps/S4/S4-AL022015-WCSC-0ZM6/objects/ee8108e934cb738f75f8aa329ffd9598695188b78b1deb4013d7b05c5dbe6721,,AL022015
CAND-0366,S4,AL022015:WCSC-11ZX,sweeps/S4/S4-AL022015-WCSC-11ZX/objects/dd08143a351ebf04886b7711a238afa8446b6f05e5f38b75a5d1654294a7b421,,AL022015
CAND-0367,S4,AL022015:WCSC-11ZY,sweeps/S4/S4-AL022015-WCSC-11ZY/objects/eeb0669f151eb4bba667a18ecf3d506f16159f15dfcd831a59cd46aa08ae43df,,AL022015
CAND-0368,S4,AL022015:WCSC-120Y,sweeps/S4/S4-AL022015-WCSC-120Y/objects/55ff767943db57624ad60eb802bff27a1dde6c8500e90c9e0e2860a3d265776f,,AL022015
CAND-0369,S4,AL022015:WCSC-121L,sweeps/S4/S4-AL022015-WCSC-121L/objects/3075c3d2d064b95468adcf3e50152088b56e6ae9af29ca7256ae344cb7bd6746,,AL022015
CAND-0370,S4,AL022015:WCSC-123R,sweeps/S4/S4-AL022015-WCSC-123R/objects/88474078981553918671e50d11b140142f549a9f9735db2e04bf046e2189fbbd,,AL022015
CAND-0371,S4,AL022015:WCSC-125T,sweeps/S4/S4-AL022015-WCSC-125T/objects/ba8831fe4049a0b8348463a98745c1c8333df0032d96952f4f0b492624834bd3,,AL022015
CAND-0372,S4,AL022015:WCSC-127X,sweeps/S4/S4-AL022015-WCSC-127X/objects/e727a6479b664b3f30c85afa9db2e8c04aea4ea54620f6d8f8db82232bfda119,,AL022015
CAND-0373,S4,AL022015:WCSC-1285,sweeps/S4/S4-AL022015-WCSC-1285/objects/862eec33cf3f1d716f941be26ff4096f1ba60e70ab91c52a05cea7bef1c60808,,AL022015
CAND-0374,S4,AL022019:WCSC-0BDF,sweeps/S4/S4-AL022019-WCSC-0BDF/objects/ed02e1ba4e9c4b42b21f33f3c5b3155f9696887ec7fda64ea113da5b53d0ef0a,,AL022019
CAND-0375,S4,AL022019:WCSC-0E4C,sweeps/S4/S4-AL022019-WCSC-0E4C/objects/766da3017419d3a7f077b607d89058673815be9e3eeae6cc1e01e68da4fa374e,,AL022019
CAND-0376,S4,AL022019:WCSC-0E4D,sweeps/S4/S4-AL022019-WCSC-0E4D/objects/99d973ad055702c7258a4d93dcab029e5bb884b32d8181cfe56d2124f8be189c,,AL022019
CAND-0377,S4,AL022019:WCSC-0E6N,sweeps/S4/S4-AL022019-WCSC-0E6N/objects/25c8a2039cc8d86269077fa472189284e5afa234395b0de1e48625d89a0f1a39,,AL022019
CAND-0378,S4,AL022019:WCSC-0EX5,sweeps/S4/S4-AL022019-WCSC-0EX5/objects/7a5ab4935b2a1490b126433cf318bb820f6047b93db643bcdaddd0070a97c365,,AL022019
CAND-0379,S4,AL022019:WCSC-0EZA,sweeps/S4/S4-AL022019-WCSC-0EZA/objects/9a3455c7b24a0e17f49671d69d222ac00d0482650960ee1297c324362ded4c0a,,AL022019
CAND-0380,S4,AL022019:WCSC-0MWW,sweeps/S4/S4-AL022019-WCSC-0MWW/objects/b567df9a2e9e3562fc3396ca2cdcaa50fc717521b1073698c860ba746f9c3496,,AL022019
CAND-0381,S4,AL022019:WCSC-0N8K,sweeps/S4/S4-AL022019-WCSC-0N8K/objects/df64e4b37e920ca7c6ce0ffc1e51b6655538ace4cc7fe797d36132f0ad69bbe7,,AL022019
CAND-0382,S4,AL022019:WCSC-0NE2,sweeps/S4/S4-AL022019-WCSC-0NE2/objects/9dcc9de12d0c205ebf1aa8973ab5ad9aa1bf67e5f4050820db765451f2f94f47,,AL022019
CAND-0383,S4,AL022019:WCSC-0NE3,sweeps/S4/S4-AL022019-WCSC-0NE3/objects/7c113fc403d06d17ef7358360c9762a2e03704c5b5f24692b76f627b873c2aea,,AL022019
CAND-0384,S4,AL022019:WCSC-0NPA,sweeps/S4/S4-AL022019-WCSC-0NPA/objects/58b048b9953c8b0e8a12885336620689352d3a2075027df6cdf46fee2eb664d6,,AL022019
CAND-0385,S4,AL022019:WCSC-0NPC,sweeps/S4/S4-AL022019-WCSC-0NPC/objects/f7ca17e009bc40d67d6a964834e8e5153680a5881dcffbe81f153aa451876b06,,AL022019
CAND-0386,S4,AL022019:WCSC-0PJ1,sweeps/S4/S4-AL022019-WCSC-0PJ1/objects/1e24baa9ca17433dae47264137cd8ba84eabb749d39ae1d110424b0f1e35e64e,,AL022019
CAND-0387,S4,AL022019:WCSC-0PNQ,sweeps/S4/S4-AL022019-WCSC-0PNQ/objects/abc9bd27625951465053fc3518b132482c89cd957226ddba16fb705482f38e19,,AL022019
CAND-0388,S4,AL022019:WCSC-0Q0R,sweeps/S4/S4-AL022019-WCSC-0Q0R/objects/e2248f90bad8bd2438d1177c2d0f960f2e7979bf522404707658271fdd908cc4,,AL022019
CAND-0389,S4,AL022019:WCSC-0Q0S,sweeps/S4/S4-AL022019-WCSC-0Q0S/objects/5d61b27327940a64c20ad38fb0ce75ea4ba5dba03bfcf087b5e609b9f66b6d55,,AL022019
CAND-0390,S4,AL022019:WCSC-0Q0X,sweeps/S4/S4-AL022019-WCSC-0Q0X/objects/62ff5ab5c62c013051a85673507ca12b0b8901089cfaa04266a1259c4878407e,,AL022019
CAND-0391,S4,AL022019:WCSC-0Q0Y,sweeps/S4/S4-AL022019-WCSC-0Q0Y/objects/bdc5ee2a24fc394ead43b1c86904d9357836c4989b12175223fa365c4768f00c,,AL022019
CAND-0392,S4,AL022019:WCSC-0Q0Z,sweeps/S4/S4-AL022019-WCSC-0Q0Z/objects/6105fe933f9dd4f23b0a999010f69b9180448bafdc0a318332a80fa456b51440,,AL022019
CAND-0393,S4,AL022019:WCSC-0Q11,sweeps/S4/S4-AL022019-WCSC-0Q11/objects/e358fa845e120d326d96fa81380f0924663d0c445d07f22b82357de508c15753,,AL022019
CAND-0394,S4,AL022019:WCSC-0Q13,sweeps/S4/S4-AL022019-WCSC-0Q13/objects/bc85fc1852f963d4da1937cde7afa77d03275e49fb430cc4c6139e0e1422b2e8,,AL022019
CAND-0395,S4,AL022019:WCSC-0Q15,sweeps/S4/S4-AL022019-WCSC-0Q15/objects/5d02a7cd64dfc2416f178b2df3ad65421dc8182b345c584fe1b744ffcb76e47e,,AL022019
CAND-0396,S4,AL022019:WCSC-0Q1C,sweeps/S4/S4-AL022019-WCSC-0Q1C/objects/61a44093115619c9bf81b247d7ad10a949d6801c4a8053767712e640f0cb4565,,AL022019
CAND-0397,S4,AL022019:WCSC-0Q1D,sweeps/S4/S4-AL022019-WCSC-0Q1D/objects/2ae60a290da5dd497a4c8967c4c1fd389f815d5394c974c0d4e03f48d5481b24,,AL022019
CAND-0398,S4,AL022019:WCSC-0Q1E,sweeps/S4/S4-AL022019-WCSC-0Q1E/objects/a2ad7aac70a73fdfd45ea539fffc3acfeddcaf50d26ca139c9f1d92e5f3b9bd3,,AL022019
CAND-0399,S4,AL022019:WCSC-0Q1F,sweeps/S4/S4-AL022019-WCSC-0Q1F/objects/127dbc3489e5d284e3da3cda2dc5d0211f26d5d958976dca7b6ac4d23ed78bc4,,AL022019
CAND-0400,S4,AL022019:WCSC-0Q1K,sweeps/S4/S4-AL022019-WCSC-0Q1K/objects/748a49710c098603510f17a79cb12678196959a8f0a2e0bcb219cf09a338a088,,AL022019
CAND-0401,S4,AL022019:WCSC-0Q1M,sweeps/S4/S4-AL022019-WCSC-0Q1M/objects/4c0d8bdc78ef570e918f4ff67290a0c974b6772d05346780c1e6ea9a3a5b7bb0,,AL022019
CAND-0402,S4,AL022019:WCSC-0Q1N,sweeps/S4/S4-AL022019-WCSC-0Q1N/objects/cb0b8e1ddc46b481bf390a03a54179cbd1598f9ec02ac0e273fb48b137c9e797,,AL022019
CAND-0403,S4,AL022019:WCSC-0Q1P,sweeps/S4/S4-AL022019-WCSC-0Q1P/objects/04d3a4dc714290ce4ca38b17736de2894227ebb820ba920a22f6a5ab2c5c3c37,,AL022019
CAND-0404,S4,AL022019:WCSC-0Q1R,sweeps/S4/S4-AL022019-WCSC-0Q1R/objects/96300159f020f32d057909fbabd4cdea3038fd80222da7546e0798b0f8e2ea86,,AL022019
CAND-0405,S4,AL022019:WCSC-0Q1S,sweeps/S4/S4-AL022019-WCSC-0Q1S/objects/398629243714dd2790a1de1b9ca5b3fcf237849ac7661b005cd08ddf5472e38c,,AL022019
CAND-0406,S4,AL022019:WCSC-0Q1V,sweeps/S4/S4-AL022019-WCSC-0Q1V/objects/dc2de4096aa0f81215145482d9ba19dccd2493c185a67b404e248da4d61b91b1,,AL022019
CAND-0407,S4,AL022019:WCSC-0Q1W,sweeps/S4/S4-AL022019-WCSC-0Q1W/objects/7f3e3b424bcaf6f5814dedf0e7c7bbb526c56148550944a7aafa026a0927ef62,,AL022019
CAND-0408,S4,AL022019:WCSC-0Q1Y,sweeps/S4/S4-AL022019-WCSC-0Q1Y/objects/1674cd3a4b002b4af160d71c76f1cb8e53cf9e5d69d45b500076aba03bd0747d,,AL022019
CAND-0409,S4,AL022019:WCSC-0Q1Z,sweeps/S4/S4-AL022019-WCSC-0Q1Z/objects/39d49d2d7a34b59a80d900d5e66292a69e6fd4dd625647e780390914dbafabf9,,AL022019
CAND-0410,S4,AL022019:WCSC-0Q20,sweeps/S4/S4-AL022019-WCSC-0Q20/objects/21fa49e151a6f6f25c06a4b239e074fac4c2887b017ea032c5275cd0078f974e,,AL022019
CAND-0411,S4,AL022019:WCSC-0Q26,sweeps/S4/S4-AL022019-WCSC-0Q26/objects/988c7c604a166f5b83a8465e719d08bd8ff1fbdc2442eecf03b52961655a6710,,AL022019
CAND-0412,S4,AL022019:WCSC-0Q27,sweeps/S4/S4-AL022019-WCSC-0Q27/objects/0b3d115a7a310839586a32f2ccb8459af0c3158f2ed34fe3337a0793bca56252,,AL022019
CAND-0413,S4,AL022019:WCSC-0QAJ,sweeps/S4/S4-AL022019-WCSC-0QAJ/objects/52b06e4e9ba6179fbf64487db2631345ed53a5f385a3953682b5e8e1856c9ee6,,AL022019
CAND-0414,S4,AL022019:WCSC-0QAK,sweeps/S4/S4-AL022019-WCSC-0QAK/objects/974c2c148d2c808705a7e05f7c77e3d2b9109f8530d542e7aacb443a53f236e8,,AL022019
CAND-0415,S4,AL022019:WCSC-0QBU,sweeps/S4/S4-AL022019-WCSC-0QBU/objects/bcb2e38d217c8984e0be72fb21ddd16b6b5e61a754e2a675f3aedc7ab56891e9,,AL022019
CAND-0416,S4,AL022019:WCSC-0QC2,sweeps/S4/S4-AL022019-WCSC-0QC2/objects/087c4890fa53573f8e99cef9695dc4ebcf61b24330a5578ea147da2ae7d754a6,,AL022019
CAND-0417,S4,AL022019:WCSC-0QC3,sweeps/S4/S4-AL022019-WCSC-0QC3/objects/eabe8e38b87ae3a5d4d9168180f2aeab241be21eea07e412857151527e3d7a90,,AL022019
CAND-0418,S4,AL022019:WCSC-0QGK,sweeps/S4/S4-AL022019-WCSC-0QGK/objects/6ebc2592ad13b79b1dd76f778f252d7f294d683283cfb4e75ca5ababa3458b27,,AL022019
CAND-0419,S4,AL022019:WCSC-0QLR,sweeps/S4/S4-AL022019-WCSC-0QLR/objects/fd39b66b677b94682eb657722e6957e0e1f79fdde2d0b81dbe16698d1d31a155,,AL022019
CAND-0420,S4,AL022019:WCSC-0QWQ,sweeps/S4/S4-AL022019-WCSC-0QWQ/objects/320914e78b5e987294b58af7602122e8fa3e9435f15abcae66b9a59f12d427d0,,AL022019
CAND-0421,S4,AL022019:WCSC-0QZX,sweeps/S4/S4-AL022019-WCSC-0QZX/objects/1a723457c66b72d60dc4680eb8590aa4020265471f76e69dd73bb7b5c3368245,,AL022019
CAND-0422,S4,AL022019:WCSC-0R0Z,sweeps/S4/S4-AL022019-WCSC-0R0Z/objects/7aa7f6769ac2eae138a99c02610f9c394558b73834149a4bcc9bb9004823e841,,AL022019
CAND-0423,S4,AL022019:WCSC-0RLM,sweeps/S4/S4-AL022019-WCSC-0RLM/objects/d8ec4f8278db11be025bb2dbacd4f18a26520e76563b269ebc4b34e984315bd7,,AL022019
CAND-0424,S4,AL022019:WCSC-0RLY,sweeps/S4/S4-AL022019-WCSC-0RLY/objects/2c28faca5fc9cec8ca103f9316fe26cd7222d2d78a3b6f02aab0477cc6b38570,,AL022019
CAND-0425,S4,AL022019:WCSC-0RLZ,sweeps/S4/S4-AL022019-WCSC-0RLZ/objects/28aef401eb0beb9772a8ed7cdbe64e940e81e90dbf34d39b87915b58827a38f7,,AL022019
CAND-0426,S4,AL022019:WCSC-0RM3,sweeps/S4/S4-AL022019-WCSC-0RM3/objects/3e2165257d56cc1ccb343393b03d8a835425d044946466aea7c5944dedca4821,,AL022019
CAND-0427,S4,AL022019:WCSC-0RM7,sweeps/S4/S4-AL022019-WCSC-0RM7/objects/c8312288bdc36b98448e49d255a10899c1e72661df6327bc1a51846dcd589b56,,AL022019
CAND-0428,S4,AL022019:WCSC-0RM9,sweeps/S4/S4-AL022019-WCSC-0RM9/objects/ef40a861ce823241981fde541f503d70e5df3bd3e2a099f2d78287b394f10b73,,AL022019
CAND-0429,S4,AL022019:WCSC-0S97,sweeps/S4/S4-AL022019-WCSC-0S97/objects/0df5efad30ddc3f66640b3c9e11bac91c91542e870892c217b2154856ea4773e,,AL022019
CAND-0430,S4,AL022019:WCSC-0S9Y,sweeps/S4/S4-AL022019-WCSC-0S9Y/objects/68602e1abafd077e8c53edbfafdbb22cfcd4c90f4541b831ad4190cb12b440c1,,AL022019
CAND-0431,S4,AL022019:WCSC-0SEN,sweeps/S4/S4-AL022019-WCSC-0SEN/objects/7e5c912aa05a56664203bfc9a8334b60bbd2814a441fd4b42796842e8883aa4f,,AL022019
CAND-0432,S4,AL022019:WCSC-0SEQ,sweeps/S4/S4-AL022019-WCSC-0SEQ/objects/d4a94437762386e887818bbf80fb1a096ee8993773a795f8010a43efa10d0c45,,AL022019
CAND-0433,S4,AL022019:WCSC-0TLU,sweeps/S4/S4-AL022019-WCSC-0TLU/objects/c85ccdcdff6ff52eb56721501fb153c6745353c0cec252ab6c8f27f79d018ad5,,AL022019
CAND-0434,S4,AL022019:WCSC-0TLV,sweeps/S4/S4-AL022019-WCSC-0TLV/objects/7fb09a3568429a672e5985656e12c61946953ac58fdab2559acc68cd4e2ae8c3,,AL022019
CAND-0435,S4,AL022019:WCSC-0TYL,sweeps/S4/S4-AL022019-WCSC-0TYL/objects/0b58ee53fa7308d4f8f733a4d9f454140a7f90e76a2bd49a76d0547e3ceda69b,,AL022019
CAND-0436,S4,AL022019:WCSC-0U22,sweeps/S4/S4-AL022019-WCSC-0U22/objects/458db664789a7d271c045ca4e8c08d7332c2c293230ceb9709b0eda239adf9d1,,AL022019
CAND-0437,S4,AL022019:WCSC-0U2B,sweeps/S4/S4-AL022019-WCSC-0U2B/objects/72f816fe7331556afffba18c7c98df9c0d91b6f6719ca9cfe917c98150a0c090,,AL022019
CAND-0438,S4,AL022019:WCSC-0WMA,sweeps/S4/S4-AL022019-WCSC-0WMA/objects/7934af5630be8325fadcc3af6d84a92baf72c38c87f63e16a81913334969d54f,,AL022019
CAND-0439,S4,AL022019:WCSC-0WUH,sweeps/S4/S4-AL022019-WCSC-0WUH/objects/27aa26ca957fd4b771d35f9f373df44e29af4fb3509ac51e0c068758ffcf7622,,AL022019
CAND-0440,S4,AL022019:WCSC-0WUS,sweeps/S4/S4-AL022019-WCSC-0WUS/objects/bcce4e774a6a582cfa7e0278c26abb8ea02e58bc9aa02e166daa02337bdd4012,,AL022019
CAND-0441,S4,AL022019:WCSC-0WUT,sweeps/S4/S4-AL022019-WCSC-0WUT/objects/0e86e84969ba4a0844c104b009ee4ad7908dd8631327da36e7affbf280d44adb,,AL022019
CAND-0442,S4,AL022019:WCSC-0WUU,sweeps/S4/S4-AL022019-WCSC-0WUU/objects/282bc5afdb3fc8e4b1a655921809deed5d44060ff4d04f5214aff6cc64d87bfc,,AL022019
CAND-0443,S4,AL022019:WCSC-0WVQ,sweeps/S4/S4-AL022019-WCSC-0WVQ/objects/a207f25aea7f9511a5bcdf2d5e0de6d942e38c6a0511caf461ebc936e3ceac9f,,AL022019
CAND-0444,S4,AL022019:WCSC-0WVV,sweeps/S4/S4-AL022019-WCSC-0WVV/objects/7316b8d172291ebc77ceb0251b9f754764c9a7a85845b87c48ed851facfed844,,AL022019
CAND-0445,S4,AL022019:WCSC-0WVW,sweeps/S4/S4-AL022019-WCSC-0WVW/objects/21bd501e5775bec577ec23a37a5b3bf137dcf0b06822b352b56d271ea71069f4,,AL022019
CAND-0446,S4,AL022019:WCSC-0WVX,sweeps/S4/S4-AL022019-WCSC-0WVX/objects/04c274f03c9ff32081eec33fd2355fccfb34cbce43645b03abefa6364ab05563,,AL022019
CAND-0447,S4,AL022019:WCSC-0WW0,sweeps/S4/S4-AL022019-WCSC-0WW0/objects/575af7bbcef75ed1f844bdbdde39a6083593fc1b66cbe54a04c810c0a6689ece,,AL022019
CAND-0448,S4,AL022019:WCSC-0WW2,sweeps/S4/S4-AL022019-WCSC-0WW2/objects/cc28941b4b6e6564a5b40f33502d6e6ba3d5d8fdb06efeb0545a2b5225a91ed5,,AL022019
CAND-0449,S4,AL022019:WCSC-0WW5,sweeps/S4/S4-AL022019-WCSC-0WW5/objects/ddf2fffe063b735c48b0a8f00ed28e7ff89702c01cbe01e9c82e914f78ebddcb,,AL022019
CAND-0450,S4,AL022019:WCSC-0WWT,sweeps/S4/S4-AL022019-WCSC-0WWT/objects/4d19190dd0638b4746689e00de6fe4764ebbfd2ebb42387b149eef8d01c566e6,,AL022019
CAND-0451,S4,AL022019:WCSC-0WWV,sweeps/S4/S4-AL022019-WCSC-0WWV/objects/669d7e78aa35e8f0fd9587ca84a37a76617d12f5d183e89d4e1aed0d4a933c24,,AL022019
CAND-0452,S4,AL022019:WCSC-0WWW,sweeps/S4/S4-AL022019-WCSC-0WWW/objects/645d8d46ab6df65d0b72f54d106d9b47562105c4360c5f0fc7ddf156791a161b,,AL022019
CAND-0453,S4,AL022019:WCSC-0WXJ,sweeps/S4/S4-AL022019-WCSC-0WXJ/objects/721f4126c4035e0b76e6d14367d9c20d3bbe3a7383fab8432cfc6c0a704b58a1,,AL022019
CAND-0454,S4,AL022019:WCSC-0WXK,sweeps/S4/S4-AL022019-WCSC-0WXK/objects/a2c4de113de99993e0f43ca351136016057fa8cba2f0bf3cae1430b3c02beba6,,AL022019
CAND-0455,S4,AL022019:WCSC-0WXL,sweeps/S4/S4-AL022019-WCSC-0WXL/objects/5aa2a59e4f883b0efea7b256169e925c3181ae50548fb99c18a7638a945777df,,AL022019
CAND-0456,S4,AL022019:WCSC-0WXM,sweeps/S4/S4-AL022019-WCSC-0WXM/objects/b66c6e95d9aea031104a39e82588959868b530124facd181fc7a381ba387e974,,AL022019
CAND-0457,S4,AL022019:WCSC-0WXQ,sweeps/S4/S4-AL022019-WCSC-0WXQ/objects/987c2194ccaf99c6c246081741ecb93e052ecbecb6b3a4f7ec077f1289fd7498,,AL022019
CAND-0458,S4,AL022019:WCSC-0WXR,sweeps/S4/S4-AL022019-WCSC-0WXR/objects/34192c3fdd2974b8b7ee438bbb701dab8e2f3372113bffeeb65c2879906e48ed,,AL022019
CAND-0459,S4,AL022019:WCSC-0WY2,sweeps/S4/S4-AL022019-WCSC-0WY2/objects/3ff7344a8fc68e288319788b8c86d8f31c0797c6cb4fec9d61fa88befdbbd96a,,AL022019
CAND-0460,S4,AL022019:WCSC-0WY5,sweeps/S4/S4-AL022019-WCSC-0WY5/objects/f010f7d2ece7067bf37584c5bd8c94ffa84f4329017667b1b624040299bf782a,,AL022019
CAND-0461,S4,AL022019:WCSC-0WY6,sweeps/S4/S4-AL022019-WCSC-0WY6/objects/daae5ed32f4bcf861b131214338a7574ff336656cfda5e510dfcc683648243db,,AL022019
CAND-0462,S4,AL022019:WCSC-0WYG,sweeps/S4/S4-AL022019-WCSC-0WYG/objects/37137c9044eb268cb6d23cd147300b71b356f596a86fc813165bdbe42a604eca,,AL022019
CAND-0463,S4,AL022019:WCSC-0WYH,sweeps/S4/S4-AL022019-WCSC-0WYH/objects/0ca8edb9ebd12cba16ce72f95fbc51552369740a733fe55a1ac318c243b9bb41,,AL022019
CAND-0464,S4,AL022019:WCSC-0WYJ,sweeps/S4/S4-AL022019-WCSC-0WYJ/objects/388d490c77ef152ab67919c277d52c54e552a2fd10ca1b876d2e584a0b33adf7,,AL022019
CAND-0465,S4,AL022019:WCSC-0WYK,sweeps/S4/S4-AL022019-WCSC-0WYK/objects/7290ebc9784825c1d101bb3ea33892d157253b332a81f78dca51fd1ce6ec9f97,,AL022019
CAND-0466,S4,AL022019:WCSC-0WYR,sweeps/S4/S4-AL022019-WCSC-0WYR/objects/074e6df67e014f770cad777d960fe50f62478473f5d0938e0248c5467cef58da,,AL022019
CAND-0467,S4,AL022019:WCSC-0WYZ,sweeps/S4/S4-AL022019-WCSC-0WYZ/objects/ad1dfda97078cd0d6cdc9713536942771ae670abc1b78f7775f815cc129cd191,,AL022019
CAND-0468,S4,AL022019:WCSC-0WZ7,sweeps/S4/S4-AL022019-WCSC-0WZ7/objects/819a920da5dcffbcb33cc432f4261d44d9d778bddebf8a943eae0bbbef3ef367,,AL022019
CAND-0469,S4,AL022019:WCSC-0WZB,sweeps/S4/S4-AL022019-WCSC-0WZB/objects/2bf2c75f209dc5b4564adb4d8f18e2ac0381e13c235ab5bfd177c3b3470b2ae4,,AL022019
CAND-0470,S4,AL022019:WCSC-0WZT,sweeps/S4/S4-AL022019-WCSC-0WZT/objects/ad4ac8cf384a24de9b97a6ff56982ba01962166d5d9c66145aa4856e689c90f6,,AL022019
CAND-0471,S4,AL022019:WCSC-0WZV,sweeps/S4/S4-AL022019-WCSC-0WZV/objects/4302f19367786e660467950696bb14b0a30b5772be7af8c64dbae1f22212be77,,AL022019
CAND-0472,S4,AL022019:WCSC-0X0B,sweeps/S4/S4-AL022019-WCSC-0X0B/objects/bb43f3f020ad68dd93dd215b49da4446af5606b56f784f5c7b10643eb1db6353,,AL022019
CAND-0473,S4,AL022019:WCSC-0X0S,sweeps/S4/S4-AL022019-WCSC-0X0S/objects/1f92aa7e5d1482fbdb84cf04d4c0a1977e9f16b783249655f8d8979124cb51ba,,AL022019
CAND-0474,S4,AL022019:WCSC-0X18,sweeps/S4/S4-AL022019-WCSC-0X18/objects/b7b7513d0416bc7ce27fc768183b753a1411c8970d0c364971dcf2632f2fb956,,AL022019
CAND-0475,S4,AL022019:WCSC-0X20,sweeps/S4/S4-AL022019-WCSC-0X20/objects/3d003651e1eccaa40ef2c2faa5141d271757fa2b04517b7742c440d895ad7f56,,AL022019
CAND-0476,S4,AL022019:WCSC-0X24,sweeps/S4/S4-AL022019-WCSC-0X24/objects/4fbd3ca980bbf3fd832865eca8214eae9062d34d94d7aec59ead8b364ef49de6,,AL022019
CAND-0477,S4,AL022019:WCSC-0X2K,sweeps/S4/S4-AL022019-WCSC-0X2K/objects/6170692e919b1c0848bbbca7af9d2c6c82e446691c4a25196c959f3f61753ff3,,AL022019
CAND-0478,S4,AL022019:WCSC-0X2L,sweeps/S4/S4-AL022019-WCSC-0X2L/objects/027b726dff2b984e4196b68a3c453ad0e03b03e9787327df4add402408eb423e,,AL022019
CAND-0479,S4,AL022019:WCSC-0X2M,sweeps/S4/S4-AL022019-WCSC-0X2M/objects/a846c2b7316e09b0ccf1cd936d2b556cc2f90b133403cf1bbb8dd44f2f7f947e,,AL022019
CAND-0480,S4,AL022019:WCSC-0X32,sweeps/S4/S4-AL022019-WCSC-0X32/objects/003db4ec694c2c7121194ac4d37fc97641064322ee821c057a66945841a9ddbb,,AL022019
CAND-0481,S4,AL022019:WCSC-0X5U,sweeps/S4/S4-AL022019-WCSC-0X5U/objects/4b348de0cdfdc9c90c6e9585ad45c17a85b8633ff25567b26eb222b437d4e88b,,AL022019
CAND-0482,S4,AL022019:WCSC-0X62,sweeps/S4/S4-AL022019-WCSC-0X62/objects/3f9efa262a1c9e347ba212ea52affeb2ac8de6e79378cf43f8cc43fe43c8c45e,,AL022019
CAND-0483,S4,AL022019:WCSC-0X64,sweeps/S4/S4-AL022019-WCSC-0X64/objects/663943d60389287a2198b6f65598abf4ee90137481298e277ad9678d6055f12a,,AL022019
CAND-0484,S4,AL022019:WCSC-0X6G,sweeps/S4/S4-AL022019-WCSC-0X6G/objects/fac19eab3113f2a920f287113fa693b644eb1e67cedd7716feafcc47fd704b55,,AL022019
CAND-0485,S4,AL022019:WCSC-0X6H,sweeps/S4/S4-AL022019-WCSC-0X6H/objects/76eec53027da9880308ae960f1ea2fa00a1522bd283a0fe5b8d8bacf78c5425e,,AL022019
CAND-0486,S4,AL022019:WCSC-0X6J,sweeps/S4/S4-AL022019-WCSC-0X6J/objects/66c5d1ec14d24b45c1acb656ed7369180a13c6bbe0a23801f067b05cd5038a57,,AL022019
CAND-0487,S4,AL022019:WCSC-0X6K,sweeps/S4/S4-AL022019-WCSC-0X6K/objects/d598838458fae1569c73d8383c1043addc010f8fbf97a934622d5d9394e6c099,,AL022019
CAND-0488,S4,AL022019:WCSC-0X6L,sweeps/S4/S4-AL022019-WCSC-0X6L/objects/92ebb66575113e3ad4db8587d486753aeffef64b8e6e80a043fd68b15f915060,,AL022019
CAND-0489,S4,AL022019:WCSC-0X7G,sweeps/S4/S4-AL022019-WCSC-0X7G/objects/86e358829d7a2b8e968c4d111b50f27ffb7075ff3b95ed3b30a57c2a93909b89,,AL022019
CAND-0490,S4,AL022019:WCSC-0X7L,sweeps/S4/S4-AL022019-WCSC-0X7L/objects/ec76a82727db10377efa0f3126e983e25c188a3e13785ed9248b13d2de9946f8,,AL022019
CAND-0491,S4,AL022019:WCSC-0X7M,sweeps/S4/S4-AL022019-WCSC-0X7M/objects/3ec4929753195cda77b921bba9d5f0833e19584e1bb7c4b15f39010a28c9d3a2,,AL022019
CAND-0492,S4,AL022019:WCSC-0X7N,sweeps/S4/S4-AL022019-WCSC-0X7N/objects/760bfa47bc847a81e14b3f5144f0fa79586f01c77cd11c8de52767d9b37efbbc,,AL022019
CAND-0493,S4,AL022019:WCSC-0X84,sweeps/S4/S4-AL022019-WCSC-0X84/objects/6d58590b50fd389e2ead5e5e78e689a2420ec6898ca2b2a7e797624b6febfea5,,AL022019
CAND-0494,S4,AL022019:WCSC-0X8B,sweeps/S4/S4-AL022019-WCSC-0X8B/objects/bfe1ff82baf92135e389f891fe5f7060e1b882dbfc6749200c2ca6748b0971e8,,AL022019
CAND-0495,S4,AL022019:WCSC-0X8T,sweeps/S4/S4-AL022019-WCSC-0X8T/objects/414b24037d232c3f1dd1b79fbd97efcb76e93ab8c9372f1cea729dd4cbb00b0a,,AL022019
CAND-0496,S4,AL022019:WCSC-0YAD,sweeps/S4/S4-AL022019-WCSC-0YAD/objects/ed21ed0fe5fc811ede8d7c0e8e7c9894fcac1580d389e8643b208cefc767a51f,,AL022019
CAND-0497,S4,AL022019:WCSC-0YCU,sweeps/S4/S4-AL022019-WCSC-0YCU/objects/67050d3854b143009be2cc68b855c3be355ad51bfc575c284e5188df9887be24,,AL022019
CAND-0498,S4,AL022019:WCSC-0YF8,sweeps/S4/S4-AL022019-WCSC-0YF8/objects/a37f83208ea9752767930c370c4134a932363ab0e7a33dc6bc013236db81df1a,,AL022019
CAND-0499,S4,AL022019:WCSC-0YPD,sweeps/S4/S4-AL022019-WCSC-0YPD/objects/3f6ff3484b2879404816da273056cfa4812ac8b118aad9a6461b0dcb60bee5f2,,AL022019
CAND-0500,S4,AL022019:WCSC-0YSK,sweeps/S4/S4-AL022019-WCSC-0YSK/objects/9595b335654f354c396b31168a558b07efa97e3db6085cff8a195526585b37a1,,AL022019
CAND-0501,S4,AL022019:WCSC-0YSP,sweeps/S4/S4-AL022019-WCSC-0YSP/objects/e5c5735bfdd154e67fe07eb0aef1024e532f2bbfb74ece228f8c81c2fd7ca9cf,,AL022019
CAND-0502,S4,AL022019:WCSC-0YST,sweeps/S4/S4-AL022019-WCSC-0YST/objects/8f692f4b55cc3b024f48d360d1eee4e3e487f71951ba28196073a8be38a475a8,,AL022019
CAND-0503,S4,AL022019:WCSC-0Z9R,sweeps/S4/S4-AL022019-WCSC-0Z9R/objects/242906ae7e64334a856ca73b5067717556a540bcb31803a8555c7856a3f469b2,,AL022019
CAND-0504,S4,AL022020:WCSC-0R7H,sweeps/S4/S4-AL022020-WCSC-0R7H/objects/aae7b436bbc78a12e52c9f4a20228cafda2704debea15abd63ea9592828a3425,,AL022020
CAND-0505,S4,AL022020:WCSC-0RCW,sweeps/S4/S4-AL022020-WCSC-0RCW/objects/c2fce05abfe79de98d28546214d1accefbf7b0d5af1ecf2d3a1b86ce277e8752,,AL022020
CAND-0506,S4,AL022020:WCSC-0U9B,sweeps/S4/S4-AL022020-WCSC-0U9B/objects/166bb6012f3d4392ebf35f79d16fdd74eeda6334fa032c912976fb09f6ba30f2,,AL022020
CAND-0507,S4,AL022020:WCSC-0WAD,sweeps/S4/S4-AL022020-WCSC-0WAD/objects/8d0c1671f9764d6281abec0523a23a0845cb2178138fe59b39e9c82cd8706929,,AL022020
CAND-0508,S4,AL022020:WCSC-0WBR,sweeps/S4/S4-AL022020-WCSC-0WBR/objects/2f0adcd803c7929abc0725740b0a4f1a29a97f76fac0d27107e9c0236620b2e6,,AL022020
CAND-0509,S4,AL022020:WCSC-0WER,sweeps/S4/S4-AL022020-WCSC-0WER/objects/fd009241d9314ec7a478c3b4d2d205df96bdf8e91b7a6ebdddd824d78fd5cf78,,AL022020
CAND-0510,S4,AL022020:WCSC-0WF9,sweeps/S4/S4-AL022020-WCSC-0WF9/objects/a967f15a72c36bbc2db5def3a7567e79f902db3d20b9899a3b22dd649b9fcccf,,AL022020
CAND-0511,S4,AL022020:WCSC-0WGN,sweeps/S4/S4-AL022020-WCSC-0WGN/objects/5f1cc2468c51b5be74df75527aa99a1f21532c9a53bea6e4c93ddf1b0cc2b200,,AL022020
CAND-0512,S4,AL022020:WCSC-0ZM6,sweeps/S4/S4-AL022020-WCSC-0ZM6/objects/184d2ca5134c2403dead8dc996ff27eb9de3d9835d040f57ce344bb167f581aa,,AL022020
CAND-0513,S4,AL022024:WCSC-08UQ,sweeps/S4/S4-AL022024-WCSC-08UQ/objects/c5f755969717e7a9dd51d8661738648761eda960e3befa66b86e362d954a31cd,,AL022024
CAND-0514,S4,AL022024:WCSC-08V5,sweeps/S4/S4-AL022024-WCSC-08V5/objects/75d4b613705a37a075a624e7cf4b4683ae35989eb88909bb4ceab0f2ec3550e8,,AL022024
CAND-0515,S4,AL022024:WCSC-09FR,sweeps/S4/S4-AL022024-WCSC-09FR/objects/42d1d0b6d14e2413b3fd37b06bfb467b2a26b738db217a71366d2acdbf5aa776,,AL022024
CAND-0516,S4,AL022024:WCSC-0A8H,sweeps/S4/S4-AL022024-WCSC-0A8H/objects/49b9ed419579c22f087e4d0066b8580568a2d097bf4469241ea7bf213a53d2a7,,AL022024
CAND-0517,S4,AL022024:WCSC-0A8U,sweeps/S4/S4-AL022024-WCSC-0A8U/objects/bcef7171673a302a11be11791755ff2ccb284e5fac4765a1ced022c68f0487d5,,AL022024
CAND-0518,S4,AL022024:WCSC-0ACE,sweeps/S4/S4-AL022024-WCSC-0ACE/objects/a780746f9f674af8a91eef30b0cdf1e34f09123bb4513343c7e4dc2c0db40eb8,,AL022024
CAND-0519,S4,AL022024:WCSC-0ACF,sweeps/S4/S4-AL022024-WCSC-0ACF/objects/fe217ffc92cb008095fe7a1cc9b042f194dfb1a7fb845af7ba00686dfa0bac06,,AL022024
CAND-0520,S4,AL022024:WCSC-0B06,sweeps/S4/S4-AL022024-WCSC-0B06/objects/a4ec82e9230212809adc3a8bae033c2840a10cf5f50f11a3cbace877819c6dd9,,AL022024
CAND-0521,S4,AL022024:WCSC-0B4Y,sweeps/S4/S4-AL022024-WCSC-0B4Y/objects/aba1db72cd8c2ec9ddf6391088ad2aacdaadbd65cef6520fce2fbfbd28096e85,,AL022024
CAND-0522,S4,AL022024:WCSC-0B57,sweeps/S4/S4-AL022024-WCSC-0B57/objects/aa16a5d25670fda814ba85192b596d8d5dbc6ca795b4c5d65691994354fe62bb,,AL022024
CAND-0523,S4,AL022024:WCSC-0BYK,sweeps/S4/S4-AL022024-WCSC-0BYK/objects/450b3afa6811f036adf4af644b0d32d10ab28ea9af07db660a51d6553203f4e6,,AL022024
CAND-0524,S4,AL022024:WCSC-0CMG,sweeps/S4/S4-AL022024-WCSC-0CMG/objects/c990e09870d380e01544c1ce6e2f2d74c43d661beb510ae70ddcfadb0a7097ff,,AL022024
CAND-0525,S4,AL022024:WCSC-0D0W,sweeps/S4/S4-AL022024-WCSC-0D0W/objects/ee8aea05bcd7dbe49a8cff5a007cc22fef784372d82353fb3a1caeddd796b3aa,,AL022024
CAND-0526,S4,AL022024:WCSC-0DA3,sweeps/S4/S4-AL022024-WCSC-0DA3/objects/c77d4f19d87e89f853206da3bcb49e55075d19db2a2c70d9740c6c27cf61d263,,AL022024
CAND-0527,S4,AL022024:WCSC-0DA5,sweeps/S4/S4-AL022024-WCSC-0DA5/objects/0775d20af78e567ead7570eeac7c5d0ecdace6d8a5ac0c15a0c6ad98bfb23602,,AL022024
CAND-0528,S4,AL022024:WCSC-0N8G,sweeps/S4/S4-AL022024-WCSC-0N8G/objects/7cfa6de35d762991252f0cc5623b70b4cad0a20dc0f5a7085933f719a7b75d85,,AL022024
CAND-0529,S4,AL022024:WCSC-0PTP,sweeps/S4/S4-AL022024-WCSC-0PTP/objects/27b17861f7d4da525decaf185667b1e413fc70adcd0855160c9c6c19f2dc3da1,,AL022024
CAND-0530,S4,AL022024:WCSC-0PTU,sweeps/S4/S4-AL022024-WCSC-0PTU/objects/0c93f3cce339161785aab06945ab97df8b18edc05e45e243ac11f506208ece5b,,AL022024
CAND-0531,S4,AL022024:WCSC-0Q1U,sweeps/S4/S4-AL022024-WCSC-0Q1U/objects/b2a321430bb6f38b23e327988a32014c9bff6d0868605d0a8ce7fa69d1d1be0c,,AL022024
CAND-0532,S4,AL022024:WCSC-0R2U,sweeps/S4/S4-AL022024-WCSC-0R2U/objects/a3adab0b2376066b813b70974a2861e3af1b304ce338328223a93c9299131c9a,,AL022024
CAND-0533,S4,AL022024:WCSC-0R2V,sweeps/S4/S4-AL022024-WCSC-0R2V/objects/5d62615cc4d854f1e613115e59b6ec0949b8c5c3ef2cb5167e433223ff6940b6,,AL022024
CAND-0534,S4,AL022024:WCSC-0R3A,sweeps/S4/S4-AL022024-WCSC-0R3A/objects/d1f19e5843f9784c5e420040b3bc55fe16630663f9bf87dc51a9c99e9a865d15,,AL022024
CAND-0535,S4,AL022024:WCSC-0R6X,sweeps/S4/S4-AL022024-WCSC-0R6X/objects/f1799b056e7af93631c4f10fd08d15a092f161c6b37cc27e752a8121b5b02e31,,AL022024
CAND-0536,S4,AL022024:WCSC-0RAV,sweeps/S4/S4-AL022024-WCSC-0RAV/objects/53273e1137b7df25aca583d0449deb9eb6a67934b7d211c280ecdbd898a13af5,,AL022024
CAND-0537,S4,AL022024:WCSC-0RB3,sweeps/S4/S4-AL022024-WCSC-0RB3/objects/dcd25ee325bcc53bce048ea0d9b30a517a051f3e62693c2f427d56bf31846964,,AL022024
CAND-0538,S4,AL022024:WCSC-0RB4,sweeps/S4/S4-AL022024-WCSC-0RB4/objects/1273059af8efea0cb4c97955eace07ca02776cb8a77478cca874135b292fbe85,,AL022024
CAND-0539,S4,AL022024:WCSC-0RBE,sweeps/S4/S4-AL022024-WCSC-0RBE/objects/467661a7c5d027478555d566e3e284d6b1681baa7587912496d3bcfc9155c66b,,AL022024
CAND-0540,S4,AL022024:WCSC-0RBF,sweeps/S4/S4-AL022024-WCSC-0RBF/objects/ca99d175aade79398dd364ed1b1445d73a3baf64cf6083e0e7bf2811686a9c4e,,AL022024
CAND-0541,S4,AL022024:WCSC-0REG,sweeps/S4/S4-AL022024-WCSC-0REG/objects/6527729ddbce1835af3cad2e7d5f1d1de528dad05aa2b3ec4d243cc4ce55362f,,AL022024
CAND-0542,S4,AL022024:WCSC-0REH,sweeps/S4/S4-AL022024-WCSC-0REH/objects/656bc8b69f007027bb11d0e7d4285b0ebf7765a6c0f1b54c61b3b5bf8ff9fa35,,AL022024
CAND-0543,S4,AL022024:WCSC-0RH8,sweeps/S4/S4-AL022024-WCSC-0RH8/objects/62cd24a104a0778fcda98f49352ca78ec297d186af98a06a0e5ace53010e4234,,AL022024
CAND-0544,S4,AL022024:WCSC-0TBM,sweeps/S4/S4-AL022024-WCSC-0TBM/objects/5237d6dc00c1590aeab927ca1b2cd9ce905fa449e3dbd4a7414ca83be8151638,,AL022024
CAND-0545,S4,AL022024:WCSC-0TG6,sweeps/S4/S4-AL022024-WCSC-0TG6/objects/af5178ab36a3af63c8c0b4447ddced163c2cdfb3b11a6636256ac0e2cb0e662f,,AL022024
CAND-0546,S4,AL022024:WCSC-0TG7,sweeps/S4/S4-AL022024-WCSC-0TG7/objects/d65ffb1ab0b23a78c1db252fe6a35cb144428b47a4337d757ef9c338788d5415,,AL022024
CAND-0547,S4,AL022024:WCSC-0TKH,sweeps/S4/S4-AL022024-WCSC-0TKH/objects/41177fe0ec461891a9edb2a8a5f03551375fbb73115bfddb3e2c720830677108,,AL022024
CAND-0548,S4,AL022024:WCSC-0TKQ,sweeps/S4/S4-AL022024-WCSC-0TKQ/objects/dd916cab2de9d09a4330ca0403caab9acbe7f907ce501a0fb1a7c300c11d9610,,AL022024
CAND-0549,S4,AL022024:WCSC-0TMQ,sweeps/S4/S4-AL022024-WCSC-0TMQ/objects/5e4bfecce9bc66d4e935832d654d066ba48be14bccac46b677ffe6b083ca933b,,AL022024
CAND-0550,S4,AL022024:WCSC-0TNM,sweeps/S4/S4-AL022024-WCSC-0TNM/objects/6f1dee49d739c96cf3eff25b8fc2eac8dc6405bde04d0416b4f21f7f8252a158,,AL022024
CAND-0551,S4,AL022024:WCSC-0TP3,sweeps/S4/S4-AL022024-WCSC-0TP3/objects/96effdd37cca188e4cf8c87167f809f72840ad521285871c4492c82a32cdfdd6,,AL022024
CAND-0552,S4,AL022024:WCSC-0TP4,sweeps/S4/S4-AL022024-WCSC-0TP4/objects/fa961d71a124bcaafcbe343905865b4b23c17390c21edee61da95eff8e61eba9,,AL022024
CAND-0553,S4,AL022024:WCSC-0TRY,sweeps/S4/S4-AL022024-WCSC-0TRY/objects/f2d07ac5b5ba0478723fd1a255e61364e87b67e5add0b088db176fdd0db64221,,AL022024
CAND-0554,S4,AL022024:WCSC-0TSR,sweeps/S4/S4-AL022024-WCSC-0TSR/objects/a47e41c5d166b271b983a1b432da0a2978998e9d666bb91b60a67be096d5dc16,,AL022024
CAND-0555,S4,AL022024:WCSC-0TSS,sweeps/S4/S4-AL022024-WCSC-0TSS/objects/ef72846d3456b4a023713ccc1235a7f0fdbdb5371dc48bd9e27e03fc979d9a14,,AL022024
CAND-0556,S4,AL022024:WCSC-0TTR,sweeps/S4/S4-AL022024-WCSC-0TTR/objects/cf0e8c1d40f48faf0f49342c6b5deca62d333328b84b41f7c2338fd2ebbe941e,,AL022024
CAND-0557,S4,AL022024:WCSC-0TUN,sweeps/S4/S4-AL022024-WCSC-0TUN/objects/9ea63bbb2a41ef84a0e8711047fc5a3836c4e548ea96208ffc45e4e26eb91a3f,,AL022024
CAND-0558,S4,AL022024:WCSC-0TUP,sweeps/S4/S4-AL022024-WCSC-0TUP/objects/384efd49878db12d32c65b779139a3bf31bfff4a22f0d8bb035355cae425e8b2,,AL022024
CAND-0559,S4,AL022024:WCSC-0TUW,sweeps/S4/S4-AL022024-WCSC-0TUW/objects/c924302b83f86ead7224a345d40df9d1c96d7769957385b41a041c826689de53,,AL022024
CAND-0560,S4,AL022024:WCSC-0TUX,sweeps/S4/S4-AL022024-WCSC-0TUX/objects/ea8dc2e85638f621e814d70f483debd8c440a5b5191c19357a1f44efaf296128,,AL022024
CAND-0561,S4,AL022024:WCSC-0TX5,sweeps/S4/S4-AL022024-WCSC-0TX5/objects/f27c68146d70d66d0497fae6a276983bcac8be811a63135f2b5f0310800df8cb,,AL022024
CAND-0562,S4,AL022024:WCSC-0U03,sweeps/S4/S4-AL022024-WCSC-0U03/objects/381177d7e6e1253e26949cf603e65d423eee4b388015b96255d65164ce143674,,AL022024
CAND-0563,S4,AL022024:WCSC-0U1T,sweeps/S4/S4-AL022024-WCSC-0U1T/objects/5c6d08881ce04c6303bb3b1e28682900d100b9ada1470aa57cba608689ef7154,,AL022024
CAND-0564,S4,AL022024:WCSC-0W0Y,sweeps/S4/S4-AL022024-WCSC-0W0Y/objects/b6522fcba4fd10351c43ebb236c4166b2011aae9442f501bb5c54a9afae8ef85,,AL022024
CAND-0565,S4,AL022024:WCSC-0W10,sweeps/S4/S4-AL022024-WCSC-0W10/objects/d54ecd784e9a8ee5b413366850faae39cccf22e6a84fc715ccf832ef6b5df8ec,,AL022024
CAND-0566,S4,AL022024:WCSC-0W22,sweeps/S4/S4-AL022024-WCSC-0W22/objects/98bf42595f3066a0127b01c7ede8a9edc321fa797c49d985ef0b0cbe72814ee6,,AL022024
CAND-0567,S4,AL022024:WCSC-0W26,sweeps/S4/S4-AL022024-WCSC-0W26/objects/a40d78b1343a031d4d1d15ae37cae2c7d72ddee633e378a5c0e396b5e01c0815,,AL022024
CAND-0568,S4,AL022024:WCSC-0W27,sweeps/S4/S4-AL022024-WCSC-0W27/objects/d5682f71c71b08d927610d60ccdc966c81e46401b12de5a74f375387203ce0d3,,AL022024
CAND-0569,S4,AL022024:WCSC-0W28,sweeps/S4/S4-AL022024-WCSC-0W28/objects/4566fdb8404ab3ae7ae359bda5e0806f1b2dca0ea2d472cec1da97403b084b28,,AL022024
CAND-0570,S4,AL022024:WCSC-0W3N,sweeps/S4/S4-AL022024-WCSC-0W3N/objects/6f2fb93cd0fc9a4cc679b2c64b62a986c52d8dd8e5471b395f776bdc999fedaa,,AL022024
CAND-0571,S4,AL022024:WCSC-0W55,sweeps/S4/S4-AL022024-WCSC-0W55/objects/3fcad1a4ee3c58bb4493918688ca3c347e946c2e849ebafb74a6c3ddac774179,,AL022024
CAND-0572,S4,AL022024:WCSC-0W5P,sweeps/S4/S4-AL022024-WCSC-0W5P/objects/333de5eb2eb9208f661a5dc5bb2a44d0ff9a5f7cce6c8f5ec4cac6e93f72ff60,,AL022024
CAND-0573,S4,AL022024:WCSC-0W6S,sweeps/S4/S4-AL022024-WCSC-0W6S/objects/d0975067d516e6a9b4904dbd24bb78f78832f7d6f8b02601f6fdb4eae5ed6639,,AL022024
CAND-0574,S4,AL022024:WCSC-0W76,sweeps/S4/S4-AL022024-WCSC-0W76/objects/e6f8130ba8ef2cd39704fc65762c0fb0443c1aa89cf5997409a393e393652098,,AL022024
CAND-0575,S4,AL022024:WCSC-0W78,sweeps/S4/S4-AL022024-WCSC-0W78/objects/e042b28c09144eee1425217f367786883201c567f90f1da09df12405d24421e4,,AL022024
CAND-0576,S4,AL022024:WCSC-0W89,sweeps/S4/S4-AL022024-WCSC-0W89/objects/ec5d17d8c7b8b72a29c616f915832d1b42a0f126f5da6bb546edc659184d998b,,AL022024
CAND-0577,S4,AL022024:WCSC-0W8V,sweeps/S4/S4-AL022024-WCSC-0W8V/objects/2cf61e3ae62d0f00fecc45515d3b4b7168b7ac52bda93ba09864bd711348cdb6,,AL022024
CAND-0578,S4,AL022024:WCSC-0W8W,sweeps/S4/S4-AL022024-WCSC-0W8W/objects/f552aef8ef25ce5b4ef117a548c774af1049a8b624cb015147fff4369a23dc49,,AL022024
CAND-0579,S4,AL022024:WCSC-0WF3,sweeps/S4/S4-AL022024-WCSC-0WF3/objects/209206960ecb51bc14d7b5e2266b0376ce48df330872c68bc376f6f5f01d9c4c,,AL022024
CAND-0580,S4,AL022024:WCSC-0WG6,sweeps/S4/S4-AL022024-WCSC-0WG6/objects/49482b3fa0f435f8d2f47847351c5817a63de9d9e480fc8fe6114c2c8ce5a39d,,AL022024
CAND-0581,S4,AL022024:WCSC-0WH3,sweeps/S4/S4-AL022024-WCSC-0WH3/objects/c708db66a2d2c555f7f23fd1d9e5610c92dc6f5433a96d4fb8b10ff0df0ee56f,,AL022024
CAND-0582,S4,AL022024:WCSC-0WHQ,sweeps/S4/S4-AL022024-WCSC-0WHQ/objects/dd85d6b8422658de1a8cb5b6ca4112a1851860c5c7a9cc724fb93383807ef258,,AL022024
CAND-0583,S4,AL022024:WCSC-0WJA,sweeps/S4/S4-AL022024-WCSC-0WJA/objects/cb52f8a882e90e028ca7aa7d27785d14d5fb023f6c26fa6c9544a1f53df82c0f,,AL022024
CAND-0584,S4,AL022024:WCSC-0WJE,sweeps/S4/S4-AL022024-WCSC-0WJE/objects/a0dcd69e68e51636925dcee1f3b854c2ddef73851cbf4801d57f30516603148c,,AL022024
CAND-0585,S4,AL022024:WCSC-0WKA,sweeps/S4/S4-AL022024-WCSC-0WKA/objects/20f5666bb139c702d615aad972f5fd2f7680a25a65dbdc6f82616d089e7adf36,,AL022024
CAND-0586,S4,AL022024:WCSC-0WKB,sweeps/S4/S4-AL022024-WCSC-0WKB/objects/1c60d7e92873253074d85ff8d7c20bf5a6dfd2e4f29b60b2dc789d7b7d6af410,,AL022024
CAND-0587,S4,AL022024:WCSC-0WME,sweeps/S4/S4-AL022024-WCSC-0WME/objects/55972e9caefa890dbafe6279a281ebb3e9c9469cb1c1f7c1646b0792b3a4140c,,AL022024
CAND-0588,S4,AL022024:WCSC-0WMU,sweeps/S4/S4-AL022024-WCSC-0WMU/objects/ad407290478a13175c9e38aab96aaa780f25afe0259ec201493de104d8275825,,AL022024
CAND-0589,S4,AL022024:WCSC-0WNB,sweeps/S4/S4-AL022024-WCSC-0WNB/objects/44f35cf960a05614456b00d2277d2f7066c9f443a51fe68ad681d1865fe87a27,,AL022024
CAND-0590,S4,AL022024:WCSC-0WNE,sweeps/S4/S4-AL022024-WCSC-0WNE/objects/8cceb66a8a72686c47810803569b7ac79aa1859d04e118ff0c42cdb1210f3f4f,,AL022024
CAND-0591,S4,AL022024:WCSC-0WNF,sweeps/S4/S4-AL022024-WCSC-0WNF/objects/b9449a1469f2c22dbd8bad768f866257a9d52de5eb4b8d210a92d6d47494e82b,,AL022024
CAND-0592,S4,AL022024:WCSC-0WNN,sweeps/S4/S4-AL022024-WCSC-0WNN/objects/4796dc3b2f5f9d76dbe0b5609df77c360a6643fe7cea9a1d0de88393e0f812ea,,AL022024
CAND-0593,S4,AL022024:WCSC-0WNP,sweeps/S4/S4-AL022024-WCSC-0WNP/objects/d42d2452dbf4d1fa8a958ec75d19fbed8ccccc3de76cb15fe23007edabc19723,,AL022024
CAND-0594,S4,AL022024:WCSC-0WNQ,sweeps/S4/S4-AL022024-WCSC-0WNQ/objects/8a051d706e15ce46ce9727d4647fa4df372df20c4da5e32107c002f1bf3c3821,,AL022024
CAND-0595,S4,AL022024:WCSC-0WNZ,sweeps/S4/S4-AL022024-WCSC-0WNZ/objects/520105164461920b95d55d6db0bed467a30a65ccbf078d0825b43a3f9981e220,,AL022024
CAND-0596,S4,AL022024:WCSC-0WP7,sweeps/S4/S4-AL022024-WCSC-0WP7/objects/62c153c658e08109d58fdc36c571f893f02b4f6e24c9cc87f9de0a8ac778800e,,AL022024
CAND-0597,S4,AL022024:WCSC-0WP9,sweeps/S4/S4-AL022024-WCSC-0WP9/objects/22e52000daddd987ffb629a9b764a1f7a903e744f232ab5845d8c32017c78bad,,AL022024
CAND-0598,S4,AL022024:WCSC-0WPA,sweeps/S4/S4-AL022024-WCSC-0WPA/objects/87fc4c16a69f93e53c03c25c2a5028819c5343b1b883f376a0631c4af15e8308,,AL022024
CAND-0599,S4,AL022024:WCSC-0WPT,sweeps/S4/S4-AL022024-WCSC-0WPT/objects/6160097d7a1eda624ea63aecb32ebc0e44c7609e28f8e3eafbf31c073ec709cf,,AL022024
CAND-0600,S4,AL022024:WCSC-0WRF,sweeps/S4/S4-AL022024-WCSC-0WRF/objects/c44477c88807c33ec1ade8eb6e740e8e50f93c59fecb904a71c5d523747d884e,,AL022024
CAND-0601,S4,AL022024:WCSC-0WRG,sweeps/S4/S4-AL022024-WCSC-0WRG/objects/6a3fbcc5f043a96a377bb557326cb24b44e2f03bced095a240ba8adc027d465c,,AL022024
CAND-0602,S4,AL022024:WCSC-0WRH,sweeps/S4/S4-AL022024-WCSC-0WRH/objects/9289e3b8f0c3fc031eaea1f703b8fbc5dad66996075f4f94dc80dd4f53bd6671,,AL022024
CAND-0603,S4,AL022024:WCSC-0WRX,sweeps/S4/S4-AL022024-WCSC-0WRX/objects/1838598e32de315e6449dc9270f7261db899e50bbfec0abb231b1511c301f0eb,,AL022024
CAND-0604,S4,AL022024:WCSC-0WS0,sweeps/S4/S4-AL022024-WCSC-0WS0/objects/127f736d1d9086823bde9bb9f0ce76817ccba75e7d29119e1e055362d859cd0d,,AL022024
CAND-0605,S4,AL022024:WCSC-0WT4,sweeps/S4/S4-AL022024-WCSC-0WT4/objects/7ac9de6393a893a91201888d72ffac78af37eb6ed08c53c3b67c77b96daca619,,AL022024
CAND-0606,S4,AL022024:WCSC-0WTP,sweeps/S4/S4-AL022024-WCSC-0WTP/objects/2d1a11a7aa08a7354b6c81beae5490bb938e9896b1f9ed511530b4a7ecad1c72,,AL022024
CAND-0607,S4,AL022024:WCSC-0WU5,sweeps/S4/S4-AL022024-WCSC-0WU5/objects/1e091bcaba86cafff430485559610644562290a12f29f375aff4d01c88a2f8f4,,AL022024
CAND-0608,S4,AL022024:WCSC-0WU7,sweeps/S4/S4-AL022024-WCSC-0WU7/objects/642fd9bf71c83ffc801bb112b7649969ad1cc054df7e3c1c4106620415e1131d,,AL022024
CAND-0609,S4,AL022024:WCSC-0WU9,sweeps/S4/S4-AL022024-WCSC-0WU9/objects/bfb9257b54eca2f59c1dbce983fc9274d22444ad19b216a9f1d63181e461063d,,AL022024
CAND-0610,S4,AL022024:WCSC-0WUY,sweeps/S4/S4-AL022024-WCSC-0WUY/objects/c1cc91ad5477a39f8e648e03959820f4b8e36bb2507c4699757b54f8f7892f1c,,AL022024
CAND-0611,S4,AL022024:WCSC-0WV0,sweeps/S4/S4-AL022024-WCSC-0WV0/objects/63ff5c04a58805a35f3efa329a1b4ee7860ec3429051dee5123532ec31a248af,,AL022024
CAND-0612,S4,AL022024:WCSC-0WV1,sweeps/S4/S4-AL022024-WCSC-0WV1/objects/adf0866653057d9e3ce586c328ffed7a818ecb0924115a3a3eccf2677cf7bdca,,AL022024
CAND-0613,S4,AL022024:WCSC-0WV2,sweeps/S4/S4-AL022024-WCSC-0WV2/objects/fb889d1fd06e7be2c56cef29ddd2c3086c571f6ff8178ab2965ec76750d64d6b,,AL022024
CAND-0614,S4,AL022024:WCSC-0WV3,sweeps/S4/S4-AL022024-WCSC-0WV3/objects/f6fb3c4650f1ca29d7a911007b9352291df768a79377fe2105e92c395bce538d,,AL022024
CAND-0615,S4,AL022024:WCSC-0WV4,sweeps/S4/S4-AL022024-WCSC-0WV4/objects/bd63637d6ee4a654e68188409b08cffd4a6e10e3d75be9649cfabfdb1e032278,,AL022024
CAND-0616,S4,AL022024:WCSC-0WV6,sweeps/S4/S4-AL022024-WCSC-0WV6/objects/d7533e3d3866d652f6637ffe608fcd65342ef16780179ff3cbf330ea0cfba51a,,AL022024
CAND-0617,S4,AL022024:WCSC-0WV8,sweeps/S4/S4-AL022024-WCSC-0WV8/objects/3ab29bc38f5b001cfaa6a904f5a491948b54f0909b9403c72c735126f64915a0,,AL022024
CAND-0618,S4,AL022024:WCSC-0WVC,sweeps/S4/S4-AL022024-WCSC-0WVC/objects/d18e9be8f93569e5823fae5ccb314566267dda67128dcf2b491c7d1cc06f91a5,,AL022024
CAND-0619,S4,AL022024:WCSC-0WVD,sweeps/S4/S4-AL022024-WCSC-0WVD/objects/fd40f04d9352da1c22e77023e11f0317f8dc53d2c1a6507694cf04eebf0a4eaa,,AL022024
CAND-0620,S4,AL022024:WCSC-0WW6,sweeps/S4/S4-AL022024-WCSC-0WW6/objects/b3f5938c155968df43fe6436fc6afd1fa1b79221bdffc4d965c0e83df254368f,,AL022024
CAND-0621,S4,AL022024:WCSC-0WW9,sweeps/S4/S4-AL022024-WCSC-0WW9/objects/3f58f3164ab25e8e551dbbc012d62855dc846533e011df5b8eb5b703094663a8,,AL022024
CAND-0622,S4,AL022024:WCSC-0WWB,sweeps/S4/S4-AL022024-WCSC-0WWB/objects/eddf725807e3f8fa1b0424c659238b694704d6a72d7202e23d835d156a1cfe16,,AL022024
CAND-0623,S4,AL022024:WCSC-0WZX,sweeps/S4/S4-AL022024-WCSC-0WZX/objects/e10f22923de0fc50c53efc9ad21ebf520a85ee8863fd3aacb62de71c9c1ee8f6,,AL022024
CAND-0624,S4,AL022024:WCSC-0X00,sweeps/S4/S4-AL022024-WCSC-0X00/objects/5b41eee95a278e901f281fc9648828a60b9bc53d93f5bae1273e1431f2219b92,,AL022024
CAND-0625,S4,AL022024:WCSC-0X01,sweeps/S4/S4-AL022024-WCSC-0X01/objects/857e27f59f7e8c3da7c44f2e0a58272cde8dca5153eed42dbe2bea7bc305091f,,AL022024
CAND-0626,S4,AL022024:WCSC-0X0F,sweeps/S4/S4-AL022024-WCSC-0X0F/objects/ff96ba8241c7ffa23e813d7bad05241bf610542dacfbecfb89a1820c2e8a0d6e,,AL022024
CAND-0627,S4,AL022024:WCSC-0X0G,sweeps/S4/S4-AL022024-WCSC-0X0G/objects/e16b8e5f3b98092690ea3ad983a07a4f4d7130fedb1d2ba3d15935426760ae38,,AL022024
CAND-0628,S4,AL022024:WCSC-0X0H,sweeps/S4/S4-AL022024-WCSC-0X0H/objects/850da09ff41bca9ff30c2ae26f7152b619d93c9dd61164f622f044b025bf8f90,,AL022024
CAND-0629,S4,AL022024:WCSC-0X5S,sweeps/S4/S4-AL022024-WCSC-0X5S/objects/ca548cbfaea5a7064c82f6bbda83d0b037c97171808ce16cf5676f711f24204b,,AL022024
CAND-0630,S4,AL022024:WCSC-0X5T,sweeps/S4/S4-AL022024-WCSC-0X5T/objects/f31e24e6f027f93cf24f01bcf48b1b51cdf9a016c5835022d49cb34b4052ca9f,,AL022024
CAND-0631,S4,AL022024:WCSC-0X6A,sweeps/S4/S4-AL022024-WCSC-0X6A/objects/789151216e5514bde2e6c80fdb4c43d6e3627eecff9bcb35b74d4366bfd1cfc2,,AL022024
CAND-0632,S4,AL022024:WCSC-0X6B,sweeps/S4/S4-AL022024-WCSC-0X6B/objects/366df42dc6188a55d7ab2f32fae798a6967ac65330356accd5a88b4db44b2e38,,AL022024
CAND-0633,S4,AL022024:WCSC-0X6C,sweeps/S4/S4-AL022024-WCSC-0X6C/objects/d7d429446da2e7704d2681d8488287756bda6caef2c1205fbbc5fff9bd9c2728,,AL022024
CAND-0634,S4,AL022024:WCSC-0X6M,sweeps/S4/S4-AL022024-WCSC-0X6M/objects/c4c92f7ac67bc42191ae1c559723f487c40369c8d6b6486181e1946db1c4302f,,AL022024
CAND-0635,S4,AL022024:WCSC-0X6N,sweeps/S4/S4-AL022024-WCSC-0X6N/objects/87619fa0b40efe8c2e0f9f6ee36b89698b5b7e3147a0209b2447afffa33923e8,,AL022024
CAND-0636,S4,AL022024:WCSC-0X6P,sweeps/S4/S4-AL022024-WCSC-0X6P/objects/56e54aa15c19cf3640b5bf9f622c24dd79a56067d5326d1c777f815fb1d6e050,,AL022024
CAND-0637,S4,AL022024:WCSC-0X75,sweeps/S4/S4-AL022024-WCSC-0X75/objects/5238541be9add78190dde452194641015f0911cd4d69c24c8bdbb2170e06876c,,AL022024
CAND-0638,S4,AL022024:WCSC-0X76,sweeps/S4/S4-AL022024-WCSC-0X76/objects/2bcbcd2795e6f4c79ccd53b216a237b3c1415f6e3e11f5027e99a7daadfd339f,,AL022024
CAND-0639,S4,AL022024:WCSC-0X77,sweeps/S4/S4-AL022024-WCSC-0X77/objects/4c2eb6efb53ef8e7860e781a9b9be45df03895abec69011d61a997501e54c233,,AL022024
CAND-0640,S4,AL022024:WCSC-0X78,sweeps/S4/S4-AL022024-WCSC-0X78/objects/ebff94cca942803045ec570428ffb36a1d340c4fc6adcc5e381bdd7ef3a19b83,,AL022024
CAND-0641,S4,AL022024:WCSC-0X7Q,sweeps/S4/S4-AL022024-WCSC-0X7Q/objects/b0713c13b3dc39fe87fc99f2e056fb0b692ba86cb352f6f6aae1626d66e31896,,AL022024
CAND-0642,S4,AL022024:WCSC-0X7R,sweeps/S4/S4-AL022024-WCSC-0X7R/objects/c034f93841bfde68000b9aa6740e35f63e2371441b53e489afb23df4e87f208b,,AL022024
CAND-0643,S4,AL022024:WCSC-0X8U,sweeps/S4/S4-AL022024-WCSC-0X8U/objects/6352d96543f5098040df6914556f8a9bfb89fb1fb22551841d9034b0ad0c7ed9,,AL022024
CAND-0644,S4,AL022024:WCSC-0X8W,sweeps/S4/S4-AL022024-WCSC-0X8W/objects/6da280ed84f6f5731afd55bd83cb06751c6aec1a39fbccff52ec84c1d35aa3c5,,AL022024
CAND-0645,S4,AL022024:WCSC-0X9A,sweeps/S4/S4-AL022024-WCSC-0X9A/objects/faf4b40c798c2eff28cc6ffc02fc4f908dd91cca98d41b0c0ec1d32b05e66ada,,AL022024
CAND-0646,S4,AL022024:WCSC-0X9B,sweeps/S4/S4-AL022024-WCSC-0X9B/objects/857c6f919d21bb3ca2584fd9e7591f2c9db6bcc14d990d89aabc6e5d9bbb4806,,AL022024
CAND-0647,S4,AL022024:WCSC-0X9C,sweeps/S4/S4-AL022024-WCSC-0X9C/objects/f13fdf2f04089137d659e657445599e79e0508847dd515a38cc70561dac2b988,,AL022024
CAND-0648,S4,AL022024:WCSC-0X9D,sweeps/S4/S4-AL022024-WCSC-0X9D/objects/94959b1b1f735627ef5772fa27d09022ec4d03ad25feba6c5013d008533856c2,,AL022024
CAND-0649,S4,AL022024:WCSC-0X9E,sweeps/S4/S4-AL022024-WCSC-0X9E/objects/344e9899d40ef7d990a1e94ed93befd4d15457101cc58ee3515463f5f4527b6a,,AL022024
CAND-0650,S4,AL022024:WCSC-0X9M,sweeps/S4/S4-AL022024-WCSC-0X9M/objects/7948a5f2def97e37afe06682cc344e0684d211c640e4c891fcf731e04d378f0e,,AL022024
CAND-0651,S4,AL022024:WCSC-0X9R,sweeps/S4/S4-AL022024-WCSC-0X9R/objects/b780b47d47e61c0c0d48dd4413d2c5f40d0fe92db7288d5294c9b4acc532531e,,AL022024
CAND-0652,S4,AL022024:WCSC-0X9S,sweeps/S4/S4-AL022024-WCSC-0X9S/objects/432e9117207fe88773ca9bcc8f00f271b67090c478bc47f4f5c8760d775fbcec,,AL022024
CAND-0653,S4,AL022024:WCSC-0X9U,sweeps/S4/S4-AL022024-WCSC-0X9U/objects/c05dc688a2c4ccd3df1611ad4bddc730b11b8595b20da0b0970059e0aa1b85f3,,AL022024
CAND-0654,S4,AL022024:WCSC-0X9X,sweeps/S4/S4-AL022024-WCSC-0X9X/objects/0a4253a1a99a9e2e2e18786c2dcb97b4a22042f15387d408736e4e9f33f7202a,,AL022024
CAND-0655,S4,AL022024:WCSC-0X9Y,sweeps/S4/S4-AL022024-WCSC-0X9Y/objects/829683a85a7598a09777694d918630925a558ba06fa84e19622b2646a278edec,,AL022024
CAND-0656,S4,AL022024:WCSC-0X9Z,sweeps/S4/S4-AL022024-WCSC-0X9Z/objects/057dbdc0912fc8411637c75c1e86b7a63fd0a6779d90afed22349bf0e678ef64,,AL022024
CAND-0657,S4,AL022024:WCSC-0XA0,sweeps/S4/S4-AL022024-WCSC-0XA0/objects/4c2e1a5864296a9186aa3ed9c25be40a9dbf7835bb85ab0828489624f9fe2a43,,AL022024
CAND-0658,S4,AL022024:WCSC-0XAC,sweeps/S4/S4-AL022024-WCSC-0XAC/objects/9a0af6026f811dac5b4885bd192fa5b1e17e82d1c27e5cbc9628efd0bf085603,,AL022024
CAND-0659,S4,AL022024:WCSC-0XAK,sweeps/S4/S4-AL022024-WCSC-0XAK/objects/1f44cd03d84f4bc23f218e92d480916214381ff04c6273e502026e4d84f46fa8,,AL022024
CAND-0660,S4,AL022024:WCSC-0XAL,sweeps/S4/S4-AL022024-WCSC-0XAL/objects/3ad272a91ecf6338006eb682fef8998409d502d2dda63c45d17688c683f31c97,,AL022024
CAND-0661,S4,AL022024:WCSC-0XAM,sweeps/S4/S4-AL022024-WCSC-0XAM/objects/9d62ad90b6730a4100321be4b5ec7a65cfbd30db1f3aeeef3f6e9345d737da91,,AL022024
CAND-0662,S4,AL022024:WCSC-0XAN,sweeps/S4/S4-AL022024-WCSC-0XAN/objects/17723d337282476c518e89d01ba61cfe590329e765fac952caaa49e984878631,,AL022024
CAND-0663,S4,AL022024:WCSC-0XB1,sweeps/S4/S4-AL022024-WCSC-0XB1/objects/be0496c8aa42fe5f8cc96e792e1d219e7e6cae8d52369e5c71b81e9424741c71,,AL022024
CAND-0664,S4,AL022024:WCSC-0XB2,sweeps/S4/S4-AL022024-WCSC-0XB2/objects/ecdafce6a974ee80e3cff81f7d17d82bcea564b3120774dba87536f48536c7e6,,AL022024
CAND-0665,S4,AL022024:WCSC-0XB3,sweeps/S4/S4-AL022024-WCSC-0XB3/objects/dc949c80065d5f18f9c78b8d2e3c1243e139fdbdccd26a472f08ee2bca3a9caf,,AL022024
CAND-0666,S4,AL022024:WCSC-0XB4,sweeps/S4/S4-AL022024-WCSC-0XB4/objects/5061f517849a90d1021045e514f2ac780167ef792f5297f9afb1def34e7c4402,,AL022024
CAND-0667,S4,AL022024:WCSC-0Y5W,sweeps/S4/S4-AL022024-WCSC-0Y5W/objects/5245c4f013ba5ba1bf36efd86f315747a5b01bf0df5667a14fcfaaa9b1f2967f,,AL022024
CAND-0668,S4,AL022024:WCSC-0Y5X,sweeps/S4/S4-AL022024-WCSC-0Y5X/objects/535a26bfbfb4321a9a1324b675ddd72f080a9685d62cbbb129eeba6e1f90d2ae,,AL022024
CAND-0669,S4,AL022024:WCSC-0Y5Y,sweeps/S4/S4-AL022024-WCSC-0Y5Y/objects/50157dd45e888e0eb7a7a1137eb5f0040e6cb574b83900e8923f7530e42167ef,,AL022024
CAND-0670,S4,AL022024:WCSC-0Y9M,sweeps/S4/S4-AL022024-WCSC-0Y9M/objects/7d2b52efbbedb8fc929572dbf13e850fb35097629a8c17dc74c25a701a809a64,,AL022024
CAND-0671,S4,AL022024:WCSC-0Y9N,sweeps/S4/S4-AL022024-WCSC-0Y9N/objects/0f0a05de634f4d12dafea71fafa7a9e84364980adc7758f129c6f75d622a3da3,,AL022024
CAND-0672,S4,AL022024:WCSC-0YA4,sweeps/S4/S4-AL022024-WCSC-0YA4/objects/714c7eb9047c9ff77f86e2eea6993329e11685c930bb3ee78fab78fdd88b88d0,,AL022024
CAND-0673,S4,AL022024:WCSC-0YA5,sweeps/S4/S4-AL022024-WCSC-0YA5/objects/0a902bd5dda3901d8ede196fac4ef3360e532a0a76445e79b8ab1c972a1e0b16,,AL022024
CAND-0674,S4,AL022024:WCSC-0YA6,sweeps/S4/S4-AL022024-WCSC-0YA6/objects/bba7ead4997d39b789e53f5cdf1dcb80a66e1222396b92757fc876b98e444c83,,AL022024
CAND-0675,S4,AL022024:WCSC-0YAC,sweeps/S4/S4-AL022024-WCSC-0YAC/objects/284afc66433f5334e03cf8f154f7db270e8f3f11bf58e1af83abde595ef4cd21,,AL022024
CAND-0676,S4,AL022024:WCSC-0YET,sweeps/S4/S4-AL022024-WCSC-0YET/objects/f638cec5fe8792d5bb1cf06518f21c5be94e5fe9ed2355f1c118999e8129e98b,,AL022024
CAND-0677,S4,AL022024:WCSC-0YEU,sweeps/S4/S4-AL022024-WCSC-0YEU/objects/b5ad5b44c4a40673ec88ccfb1b710b5807e80e7b4a24f7c464c95f87f418b898,,AL022024
CAND-0678,S4,AL022024:WCSC-11ZX,sweeps/S4/S4-AL022024-WCSC-11ZX/objects/8cd5bd6b3c640a0c2e4eea77663b4feda2a0d8bac85dbc8e2aaf923a215a1838,,AL022024
CAND-0679,S4,AL022024:WCSC-120Y,sweeps/S4/S4-AL022024-WCSC-120Y/objects/078a0ecc1e5ed4359feac34005931403d3acf6ae055d15d4d96896afdd0d6c2b,,AL022024
CAND-0680,S4,AL022024:WCSC-120Z,sweeps/S4/S4-AL022024-WCSC-120Z/objects/dc9010547a9eaee44d919a9c513ad3f24128a837b736d3bc8dfd9f500e576c8f,,AL022024
CAND-0681,S4,AL022024:WCSC-121L,sweeps/S4/S4-AL022024-WCSC-121L/objects/3eade24a15d0b4f62cac6b2d28bfa402d3584a0dc163644c839c1738ee1bf170,,AL022024
CAND-0682,S4,AL022024:WCSC-123R,sweeps/S4/S4-AL022024-WCSC-123R/objects/45d62ff16a61edfd142720d1f8ce1b2bb544e4b0d068071660391bfaa6b70cc2,,AL022024
CAND-0683,S4,AL022024:WCSC-125T,sweeps/S4/S4-AL022024-WCSC-125T/objects/55c61a9822290cdf7058f1f57668e77f6db6be4dbe56dbf077d32dabe5c7306b,,AL022024
CAND-0684,S4,AL022024:WCSC-127X,sweeps/S4/S4-AL022024-WCSC-127X/objects/cdb62ea9ca3e9512e0b4ecd04f4cc1f4bcf02f529c25906220d951c29733d703,,AL022024
CAND-0685,S4,AL022024:WCSC-1285,sweeps/S4/S4-AL022024-WCSC-1285/objects/00cb25c3e72aa35c0d51e83fb8d15270396c2b77f93eb6613b76a4d7ca60276e,,AL022024
CAND-0686,S4,AL022024:WCSC-128Z,sweeps/S4/S4-AL022024-WCSC-128Z/objects/2017855e63ee3bb37e28685e206abc1be45d53649f6bfb256d2a7b9824425c7d,,AL022024
CAND-0687,S4,AL032010:WCSC-0BDF,sweeps/S4/S4-AL032010-WCSC-0BDF/objects/12592c10f855bf8bd3f7e73eea41f2d2103988e5ba5941c2d57600e01b2ffbc6,,AL032010
CAND-0688,S4,AL032010:WCSC-0E4C,sweeps/S4/S4-AL032010-WCSC-0E4C/objects/127d0a9f887b561bdaf7bb56fa1b67b3b55bbdebbd9a6c96c999c843871c4add,,AL032010
CAND-0689,S4,AL032010:WCSC-0E4D,sweeps/S4/S4-AL032010-WCSC-0E4D/objects/1a1f2c76f237d7b5034c9943cb061b61746023e656c28e24b71a19f1e4c13da4,,AL032010
CAND-0690,S4,AL032010:WCSC-0E6N,sweeps/S4/S4-AL032010-WCSC-0E6N/objects/59448e18493373abde41232c2eea406a9d00046b503d1548818b57518201b863,,AL032010
CAND-0691,S4,AL032010:WCSC-0EX5,sweeps/S4/S4-AL032010-WCSC-0EX5/objects/a4084945fc42ab0d12bd47cec76c225f7392d4a8dc2a96111f66e9aa57b0ec2b,,AL032010
CAND-0692,S4,AL032010:WCSC-0EZA,sweeps/S4/S4-AL032010-WCSC-0EZA/objects/5541af512300acb670f6a5e82f7d918f0a35da835659c234fb27b6a034dd2f08,,AL032010
CAND-0693,S4,AL032010:WCSC-0MWW,sweeps/S4/S4-AL032010-WCSC-0MWW/objects/9bfb5b679e2134ab4c486581a6c3e156e882ab9b876c1c72980e9e8a1ec85bd3,,AL032010
CAND-0694,S4,AL032010:WCSC-0N8K,sweeps/S4/S4-AL032010-WCSC-0N8K/objects/ca8806d46642d7c7d82bf46f145a915c2bebd2324f35b45678ca06fff116e0df,,AL032010
CAND-0695,S4,AL032010:WCSC-0NE2,sweeps/S4/S4-AL032010-WCSC-0NE2/objects/9604422b9913d8916be2f006eb162ea3bda592dab7486bd3a4fd0409d9d508fc,,AL032010
CAND-0696,S4,AL032010:WCSC-0NE3,sweeps/S4/S4-AL032010-WCSC-0NE3/objects/ce399787ce1aced6b5f2386709f773fe1cddb625597b3a279cb1da262100d971,,AL032010
CAND-0697,S4,AL032010:WCSC-0NPA,sweeps/S4/S4-AL032010-WCSC-0NPA/objects/c940289d75cb579f72e980aa031e0df338659ff6a80ed18874de1fcb1e6d8877,,AL032010
CAND-0698,S4,AL032010:WCSC-0NPC,sweeps/S4/S4-AL032010-WCSC-0NPC/objects/69e1b499593a65d8e05c03bd2cba2b54020eee96b527d8fad38c096d9758ce44,,AL032010
CAND-0699,S4,AL032010:WCSC-0PJ1,sweeps/S4/S4-AL032010-WCSC-0PJ1/objects/c7f3c026d9a1cb8de5bd5ece18e52fb3989545397fd4fad81d8d57dbe1968c55,,AL032010
CAND-0700,S4,AL032010:WCSC-0PNQ,sweeps/S4/S4-AL032010-WCSC-0PNQ/objects/313b66189e074f59880770261d35e5c36dffd57e5d23106d82f966f37c707429,,AL032010
CAND-0701,S4,AL032010:WCSC-0Q0R,sweeps/S4/S4-AL032010-WCSC-0Q0R/objects/01ad9b57385a0abfa19beec6fdd5396c0dba7969455b48aacf8f2f27014bd1e1,,AL032010
CAND-0702,S4,AL032010:WCSC-0Q0S,sweeps/S4/S4-AL032010-WCSC-0Q0S/objects/2bba9ab558ffb1412c0b022d765423013328d3f152065f6a3de3296b698998d3,,AL032010
CAND-0703,S4,AL032010:WCSC-0Q0X,sweeps/S4/S4-AL032010-WCSC-0Q0X/objects/6537cc354de9b022ebe56f7a0686e599e302cd43aa5ab8e9353dab3715622138,,AL032010
CAND-0704,S4,AL032010:WCSC-0Q0Y,sweeps/S4/S4-AL032010-WCSC-0Q0Y/objects/405c521798921570f63533e2c750c4ac906f61b488dcefbaf642e98c9249c27d,,AL032010
CAND-0705,S4,AL032010:WCSC-0Q0Z,sweeps/S4/S4-AL032010-WCSC-0Q0Z/objects/f84e10ae826ebb2c2f22bd70056f5e3e32f80f67b76e31f74ae192da91d49f8f,,AL032010
CAND-0706,S4,AL032010:WCSC-0Q11,sweeps/S4/S4-AL032010-WCSC-0Q11/objects/601273da659fecaf5c201c0ad8688ec80d80611a8a2604b64a743fc5ba2cedef,,AL032010
CAND-0707,S4,AL032010:WCSC-0Q13,sweeps/S4/S4-AL032010-WCSC-0Q13/objects/b98596bcf896c91ad2e3d4ad681ab50a37d101b6cf780cb405c4b65862dcce1a,,AL032010
CAND-0708,S4,AL032010:WCSC-0Q15,sweeps/S4/S4-AL032010-WCSC-0Q15/objects/5a61c91bfff30704f1e162eeee7c32e0b9b21fc0876f606c898144bddf872f73,,AL032010
CAND-0709,S4,AL032010:WCSC-0Q1C,sweeps/S4/S4-AL032010-WCSC-0Q1C/objects/f60f9b0bedbf73438afc428016cd1584e2bd08fc4db4a2e210cbc2b0516cf576,,AL032010
CAND-0710,S4,AL032010:WCSC-0Q1D,sweeps/S4/S4-AL032010-WCSC-0Q1D/objects/cd44b471bca65907a6d5e5378357232b6db8751587f57d9eae59f5c38bc3b3b3,,AL032010
CAND-0711,S4,AL032010:WCSC-0Q1E,sweeps/S4/S4-AL032010-WCSC-0Q1E/objects/53a3109203a9096ce2ae48785e6a68608e4fe6d82698fe395d6459ac3b567bee,,AL032010
CAND-0712,S4,AL032010:WCSC-0Q1F,sweeps/S4/S4-AL032010-WCSC-0Q1F/objects/08f64fcc55207220c5d7c01c4a491ec8e51d8f30d10301e14fd2214be8c1c259,,AL032010
CAND-0713,S4,AL032010:WCSC-0Q1K,sweeps/S4/S4-AL032010-WCSC-0Q1K/objects/68f3eeac55b1432158d29619af68b70cbeaf567715fced192d3c3497303b24c6,,AL032010
CAND-0714,S4,AL032010:WCSC-0Q1M,sweeps/S4/S4-AL032010-WCSC-0Q1M/objects/b6707de4707b9827f033a8d0266ee2a8b80c9b5c1b0a526b7ceabafeaee05a80,,AL032010
CAND-0715,S4,AL032010:WCSC-0Q1N,sweeps/S4/S4-AL032010-WCSC-0Q1N/objects/00ed48e9ed275b93b2ad67c239d7a3fd8ad69e092700a420951338e1ae97b079,,AL032010
CAND-0716,S4,AL032010:WCSC-0Q1P,sweeps/S4/S4-AL032010-WCSC-0Q1P/objects/ae7c64d9ca1dcc9d4eca870f25a14633068994bdf6847b1b09c629d8224a5b61,,AL032010
CAND-0717,S4,AL032010:WCSC-0Q1R,sweeps/S4/S4-AL032010-WCSC-0Q1R/objects/c129a0c9e0bac6402336659ce394d5bcc3aea136d9f7d84e0c837b21ee61b486,,AL032010
CAND-0718,S4,AL032010:WCSC-0Q1S,sweeps/S4/S4-AL032010-WCSC-0Q1S/objects/452c65c93a97dc4dba8e33d25507cbbd058490e6c474cb1e1a7ab1b4e5b90a8c,,AL032010
CAND-0719,S4,AL032010:WCSC-0Q1V,sweeps/S4/S4-AL032010-WCSC-0Q1V/objects/b38846044ec8263d6a2974fc2db6a4b7ce35e398726ff7e529fb688e988a3bf5,,AL032010
CAND-0720,S4,AL032010:WCSC-0Q1W,sweeps/S4/S4-AL032010-WCSC-0Q1W/objects/da20cc32f0a6d34f1d22b6f6fd9722547aa136f4cfdda9d278ddd67a80c51557,,AL032010
CAND-0721,S4,AL032010:WCSC-0Q1Y,sweeps/S4/S4-AL032010-WCSC-0Q1Y/objects/76e13c077b6ac5390156ca9749786d0c45f25d52a154d0409fdef5b1ca424425,,AL032010
CAND-0722,S4,AL032010:WCSC-0Q1Z,sweeps/S4/S4-AL032010-WCSC-0Q1Z/objects/3cb90a196a6d046454ec0a1b1e4b82d9442f28ef352bb520d53b6c9107f05483,,AL032010
CAND-0723,S4,AL032010:WCSC-0Q20,sweeps/S4/S4-AL032010-WCSC-0Q20/objects/ded3f93a99daa23292b68be5719c547cd408152dfbeed63138e2a0f1ed7b91e6,,AL032010
CAND-0724,S4,AL032010:WCSC-0Q26,sweeps/S4/S4-AL032010-WCSC-0Q26/objects/328e56b4624e56b87fe00e36a28b733234094a15bb0d15a47e6019840f1d3c89,,AL032010
CAND-0725,S4,AL032010:WCSC-0Q27,sweeps/S4/S4-AL032010-WCSC-0Q27/objects/8d01931b53c5febdc91e8bc4cb3b52d3094bb4ef9bb04fecb0e5952af70e6523,,AL032010
CAND-0726,S4,AL032010:WCSC-0QAJ,sweeps/S4/S4-AL032010-WCSC-0QAJ/objects/c3c77327f3b7011fa1b71d8203abd2f1be73c4bc6f5c5060d9dd4828baf7a87e,,AL032010
CAND-0727,S4,AL032010:WCSC-0QAK,sweeps/S4/S4-AL032010-WCSC-0QAK/objects/fe7c3851391a4e394cc66fd73dbc237604265dba32759b6009005e59ecab8f0b,,AL032010
CAND-0728,S4,AL032010:WCSC-0QBU,sweeps/S4/S4-AL032010-WCSC-0QBU/objects/0a8744b6264532bab17119401da0295a9cb84c37fb15d26192e7b55822461513,,AL032010
CAND-0729,S4,AL032010:WCSC-0QC2,sweeps/S4/S4-AL032010-WCSC-0QC2/objects/441edcf54ae27094d480ccf841aa1f19c6c48fb81a42a31f1a3c11c541a7c4f5,,AL032010
CAND-0730,S4,AL032010:WCSC-0QC3,sweeps/S4/S4-AL032010-WCSC-0QC3/objects/5637f7d8d1f19e51d0b04a8327d94d6c881daab3135e93692103dbb80a6f5bda,,AL032010
CAND-0731,S4,AL032010:WCSC-0QGK,sweeps/S4/S4-AL032010-WCSC-0QGK/objects/ed10805b5ec13abe5fe073afce85bf8357d42cd83bc55d472dc1072f54abdb1b,,AL032010
CAND-0732,S4,AL032010:WCSC-0QLR,sweeps/S4/S4-AL032010-WCSC-0QLR/objects/d5d4d2c04594408788db7b03b18ee537b795f13e1cd6676ce96b63d73cc93464,,AL032010
CAND-0733,S4,AL032010:WCSC-0QWQ,sweeps/S4/S4-AL032010-WCSC-0QWQ/objects/64d2e27b3dd5c5916d8f33910f49036b9158159c490d8bc70179577a53af139c,,AL032010
CAND-0734,S4,AL032010:WCSC-0QZX,sweeps/S4/S4-AL032010-WCSC-0QZX/objects/818b2c09a098a55aba0a7a19555363ad5b489ade62dfb8e707cd8a056f2c4c99,,AL032010
CAND-0735,S4,AL032010:WCSC-0R0Z,sweeps/S4/S4-AL032010-WCSC-0R0Z/objects/97b365b89f21b81e93c1c80e1eee768b0f3060083638329909756828fde6fda0,,AL032010
CAND-0736,S4,AL032010:WCSC-0RLM,sweeps/S4/S4-AL032010-WCSC-0RLM/objects/9c59c9186709123ad631884893af95dc8a8413e598c29fed88bd89077da74666,,AL032010
CAND-0737,S4,AL032010:WCSC-0RLY,sweeps/S4/S4-AL032010-WCSC-0RLY/objects/229b66f9dd58f18aa7ba82aea96f227ec78ae0dccb866bbf87573ccbd39db3ad,,AL032010
CAND-0738,S4,AL032010:WCSC-0RLZ,sweeps/S4/S4-AL032010-WCSC-0RLZ/objects/d0abd3eb6dfc1b7e9c3269e4071e4cae82c2ca822d8f9bd344abc8d1e6c41032,,AL032010
CAND-0739,S4,AL032010:WCSC-0RM3,sweeps/S4/S4-AL032010-WCSC-0RM3/objects/98da577df536cfbc712c85fb9311ad2c05e55bb08bcc189e68dcdcf025dad228,,AL032010
CAND-0740,S4,AL032010:WCSC-0RM7,sweeps/S4/S4-AL032010-WCSC-0RM7/objects/b250ebfa734d0d9edf20db27a959560e0f3ea919b67eb6c8e607b141f0d4f6a7,,AL032010
CAND-0741,S4,AL032010:WCSC-0RM9,sweeps/S4/S4-AL032010-WCSC-0RM9/objects/25f069bf0f71e7c60df04cb4345f915c3c784376abb1c5c33790c2b0cc05dd84,,AL032010
CAND-0742,S4,AL032010:WCSC-0S97,sweeps/S4/S4-AL032010-WCSC-0S97/objects/721193f13402d65bb3d55fac3b55e14d945e31716f7701cd4b2db9696375b14d,,AL032010
CAND-0743,S4,AL032010:WCSC-0S9Y,sweeps/S4/S4-AL032010-WCSC-0S9Y/objects/37bc7c9baf9e09810eb485070965ae33eb72feb939c84f81d2dc2146a748dd2a,,AL032010
CAND-0744,S4,AL032010:WCSC-0SEN,sweeps/S4/S4-AL032010-WCSC-0SEN/objects/9b8902e4569fb8b046219ce0b8496a974166126f8321af203d8015fb2efc6641,,AL032010
CAND-0745,S4,AL032010:WCSC-0SEQ,sweeps/S4/S4-AL032010-WCSC-0SEQ/objects/dccec3e7de5787dd480e6cb3a017db35e8a328a2aa18f014d3700f3cad0bd4cb,,AL032010
CAND-0746,S4,AL032010:WCSC-0TLU,sweeps/S4/S4-AL032010-WCSC-0TLU/objects/615828500af7e75f919cc16dc3a029d50cd50df07d304e1393dd45ffdafa2d55,,AL032010
CAND-0747,S4,AL032010:WCSC-0TLV,sweeps/S4/S4-AL032010-WCSC-0TLV/objects/eb4653566aedd8b227995b57eebba32203fe861df86a650e15f9d1f19d4073b0,,AL032010
CAND-0748,S4,AL032010:WCSC-0TYL,sweeps/S4/S4-AL032010-WCSC-0TYL/objects/59dca5f26062133d4ea7d431a976477a65965925fc973a05bf045d316d63f1a4,,AL032010
CAND-0749,S4,AL032010:WCSC-0U22,sweeps/S4/S4-AL032010-WCSC-0U22/objects/6d41b768ce6bc759255311a8de86bbd429fac180d5e9f01ddda77b1ce509b792,,AL032010
CAND-0750,S4,AL032010:WCSC-0U2B,sweeps/S4/S4-AL032010-WCSC-0U2B/objects/424c4cf3a73e0c7585b4cfc74eb910f157e987b73e358987f09aa1b7f3e8b3db,,AL032010
CAND-0751,S4,AL032010:WCSC-0WMA,sweeps/S4/S4-AL032010-WCSC-0WMA/objects/2f4163fbdaeba549543ea871baf2a2a77129a549e1b003e74b9590747ec22a30,,AL032010
CAND-0752,S4,AL032010:WCSC-0WUH,sweeps/S4/S4-AL032010-WCSC-0WUH/objects/fbd327c43f26be6acaa821c5769d875da8111a66eeb067c7fb36d77f31f1aced,,AL032010
CAND-0753,S4,AL032010:WCSC-0WUS,sweeps/S4/S4-AL032010-WCSC-0WUS/objects/4d36a848cf4b8b5a6c8cc97831166ba4e3ae8312d03dc478c85704e8c4d33dee,,AL032010
CAND-0754,S4,AL032010:WCSC-0WUT,sweeps/S4/S4-AL032010-WCSC-0WUT/objects/71d77883d2cda68d5c556caae56405c5435cc0d919ff55daf4a8e03e5afbb535,,AL032010
CAND-0755,S4,AL032010:WCSC-0WUU,sweeps/S4/S4-AL032010-WCSC-0WUU/objects/37dc6012a5ab72f6353b7243b2eb4d72324c27dadfae379f2e176b2af5efaa61,,AL032010
CAND-0756,S4,AL032010:WCSC-0WVQ,sweeps/S4/S4-AL032010-WCSC-0WVQ/objects/eabfce57d17bf321749f57938af41b25ed1bfb369f6dc0b35797097ebdf855b9,,AL032010
CAND-0757,S4,AL032010:WCSC-0WVV,sweeps/S4/S4-AL032010-WCSC-0WVV/objects/196b0d365898f3e6650b6c83956ad767c965f1d70eb6061e601aafe079e08e31,,AL032010
CAND-0758,S4,AL032010:WCSC-0WVW,sweeps/S4/S4-AL032010-WCSC-0WVW/objects/5f38d10dd9ee277d0d517fa0975b75a7f4773d64cabc5341b098ef2f0c8369a1,,AL032010
CAND-0759,S4,AL032010:WCSC-0WVX,sweeps/S4/S4-AL032010-WCSC-0WVX/objects/73f5cd81b1d9cb7770d189692c744faaab99229b0f708e078980999e1a9c9857,,AL032010
CAND-0760,S4,AL032010:WCSC-0WW0,sweeps/S4/S4-AL032010-WCSC-0WW0/objects/f12f1228b8d028e2e8d4c5a700104dad71b645aaf091e8ac0dcc94c1baaae211,,AL032010
CAND-0761,S4,AL032010:WCSC-0WW2,sweeps/S4/S4-AL032010-WCSC-0WW2/objects/15e9c24d4fc77e98c7cefd47312d3c79c0d1735bb55e0d5bd062eda2cc1841e4,,AL032010
CAND-0762,S4,AL032010:WCSC-0WW5,sweeps/S4/S4-AL032010-WCSC-0WW5/objects/326dd7c53ee7ed1797111b9a24d3548c5c45c9249aed6d575d69a068b0914fa9,,AL032010
CAND-0763,S4,AL032010:WCSC-0WWT,sweeps/S4/S4-AL032010-WCSC-0WWT/objects/0a562aae12e3242cc87332e5c59de18e3f35167a6a7ae67667c7b4a8b4493b73,,AL032010
CAND-0764,S4,AL032010:WCSC-0WWV,sweeps/S4/S4-AL032010-WCSC-0WWV/objects/5edb0d1ecbdbb2261facccd1748f06b6ed63940fe9a8b1360845839380fe299b,,AL032010
CAND-0765,S4,AL032010:WCSC-0WWW,sweeps/S4/S4-AL032010-WCSC-0WWW/objects/02a45c85b4fd7890db410662a44689ac3829ecc97cc3fac892fb60f5931a4ec0,,AL032010
CAND-0766,S4,AL032010:WCSC-0WXJ,sweeps/S4/S4-AL032010-WCSC-0WXJ/objects/ddd147236233dd286013041f294fdc8a3e38734c29ea94f1513c274525161255,,AL032010
CAND-0767,S4,AL032010:WCSC-0WXK,sweeps/S4/S4-AL032010-WCSC-0WXK/objects/2ce7d1d1a3ffa5ff13786c974edce7522742808fb3d253f987499d5b0b72735e,,AL032010
CAND-0768,S4,AL032010:WCSC-0WXL,sweeps/S4/S4-AL032010-WCSC-0WXL/objects/fb01b8f71b9083fcf69e68d68d80dd30e4d445c3efebaf36759d496f5aa14b7a,,AL032010
CAND-0769,S4,AL032010:WCSC-0WXM,sweeps/S4/S4-AL032010-WCSC-0WXM/objects/6e02e288e95b0e9e60bdf9e2cd8ee9ccdf986f217c67b9db03b689ea8f3cfd94,,AL032010
CAND-0770,S4,AL032010:WCSC-0WXQ,sweeps/S4/S4-AL032010-WCSC-0WXQ/objects/a6b3463b9a1063dcd56c631cdbefed405fb7611443e5690ddcc300eb79914d0b,,AL032010
CAND-0771,S4,AL032010:WCSC-0WXR,sweeps/S4/S4-AL032010-WCSC-0WXR/objects/77f6a59945caf41f152c0006dbe72a979b3fdc55d21cee1eee33bb90a276202c,,AL032010
CAND-0772,S4,AL032010:WCSC-0WY2,sweeps/S4/S4-AL032010-WCSC-0WY2/objects/2be6eea68ea048e263ed66604b8f8527851db83fef9377ecc9c8ed35bb3b502b,,AL032010
CAND-0773,S4,AL032010:WCSC-0WY5,sweeps/S4/S4-AL032010-WCSC-0WY5/objects/0c532d1b26f74ba47715c690d32eb1f8b8e64fddd228e3c1e44b9a29f6fe51ef,,AL032010
CAND-0774,S4,AL032010:WCSC-0WY6,sweeps/S4/S4-AL032010-WCSC-0WY6/objects/39143019fd98625bc07c3719e2853dffc65203dfbe0db6429a735664a762fb36,,AL032010
CAND-0775,S4,AL032010:WCSC-0WYG,sweeps/S4/S4-AL032010-WCSC-0WYG/objects/10dab37f3eae4cbcb99feb1f003b4cd67af1ae40d31972f9f058b81614b87d30,,AL032010
CAND-0776,S4,AL032010:WCSC-0WYH,sweeps/S4/S4-AL032010-WCSC-0WYH/objects/3703f0d692319e3ecca9d89599bbf020169f70b02aa98e3651702c5c73a60bd9,,AL032010
CAND-0777,S4,AL032010:WCSC-0WYJ,sweeps/S4/S4-AL032010-WCSC-0WYJ/objects/eaeb87c92eeabf042880e090f99c0f5317c9807819c1ad157370a40bb687f270,,AL032010
CAND-0778,S4,AL032010:WCSC-0WYK,sweeps/S4/S4-AL032010-WCSC-0WYK/objects/a5a9622e1447c419bdb3213d3068856a7464e1beae76842ea39e66368efb83ce,,AL032010
CAND-0779,S4,AL032010:WCSC-0WYR,sweeps/S4/S4-AL032010-WCSC-0WYR/objects/b5fb28e1848ce100acfa1ebe7379187994ff9cec37295a086607c6cb349ddf82,,AL032010
CAND-0780,S4,AL032010:WCSC-0WYZ,sweeps/S4/S4-AL032010-WCSC-0WYZ/objects/d073d35b13c27530d75e9538e9c07b04f074f79861352a2dc55678579774696d,,AL032010
CAND-0781,S4,AL032010:WCSC-0WZ7,sweeps/S4/S4-AL032010-WCSC-0WZ7/objects/c5696f43638c4431618f567422005e4f35881f0b6f4e3970abf4e2f0e3dbb3c1,,AL032010
CAND-0782,S4,AL032010:WCSC-0WZB,sweeps/S4/S4-AL032010-WCSC-0WZB/objects/bea9c5946b238d1d9d8878063b81e2a3812ab1811354a7dc05bb60706d29aefe,,AL032010
CAND-0783,S4,AL032010:WCSC-0WZT,sweeps/S4/S4-AL032010-WCSC-0WZT/objects/22077ec4b7c6b8c09d65168566c976445dd056135c962f1d070dd807409d30ae,,AL032010
CAND-0784,S4,AL032010:WCSC-0WZV,sweeps/S4/S4-AL032010-WCSC-0WZV/objects/0416349e1b494f4cb67d89135cba8f0d5f27092ec37648a1cede660ff235f4ce,,AL032010
CAND-0785,S4,AL032010:WCSC-0X0B,sweeps/S4/S4-AL032010-WCSC-0X0B/objects/20bc824bad9a40fe1474f2275bd8561cfad7fc4b186148986595aca7b1e2be9c,,AL032010
CAND-0786,S4,AL032010:WCSC-0X0S,sweeps/S4/S4-AL032010-WCSC-0X0S/objects/34b3c510649d2bd947f4d62b76a535d5db0b26d6dc1b6f262cd2585fb3f776e2,,AL032010
CAND-0787,S4,AL032010:WCSC-0X18,sweeps/S4/S4-AL032010-WCSC-0X18/objects/54d0dea0376081344fe8da340a10050ca529c0cb941c175a277e873fd67941e3,,AL032010
CAND-0788,S4,AL032010:WCSC-0X20,sweeps/S4/S4-AL032010-WCSC-0X20/objects/e60c2aba56fcdebe93f1a925c3bf6e31d06bce412b413ec564ea6b205172e55e,,AL032010
CAND-0789,S4,AL032010:WCSC-0X24,sweeps/S4/S4-AL032010-WCSC-0X24/objects/6c0e3de876eeb42de8573be61920e463a95308f07cf52115a3ce509bea6a38eb,,AL032010
CAND-0790,S4,AL032010:WCSC-0X2K,sweeps/S4/S4-AL032010-WCSC-0X2K/objects/29ca552a49d1e90bb671f767aae31462dc1ad3c130eff2497a9cd05ab7688661,,AL032010
CAND-0791,S4,AL032010:WCSC-0X2L,sweeps/S4/S4-AL032010-WCSC-0X2L/objects/82e29ce3c24a05ac8c74bc647d80e0498db3713956b8fa8414e2351f567a9b20,,AL032010
CAND-0792,S4,AL032010:WCSC-0X2M,sweeps/S4/S4-AL032010-WCSC-0X2M/objects/ba4b6c613b9a84760d2df10e9565fdc6b83ff7cba089a126e835ea27f6e6a4fd,,AL032010
CAND-0793,S4,AL032010:WCSC-0X32,sweeps/S4/S4-AL032010-WCSC-0X32/objects/68f14c514f78bac2ee50ea41dceb44af0eca1478a8d10cfe34477e6553194aee,,AL032010
CAND-0794,S4,AL032010:WCSC-0X5U,sweeps/S4/S4-AL032010-WCSC-0X5U/objects/0a0d1a138d9098b2d596651993da7ef17c8a67ad05bd44b0b57afced08724088,,AL032010
CAND-0795,S4,AL032010:WCSC-0X62,sweeps/S4/S4-AL032010-WCSC-0X62/objects/92a8d352d34574e110ecea315e0e1e5765936b38952aca41e997dc683c6150f2,,AL032010
CAND-0796,S4,AL032010:WCSC-0X64,sweeps/S4/S4-AL032010-WCSC-0X64/objects/361c363ed4a2aaaa8a7803cfaa3dcd428384d985c1b6d611fb0b81cecd717072,,AL032010
CAND-0797,S4,AL032010:WCSC-0X6G,sweeps/S4/S4-AL032010-WCSC-0X6G/objects/3be78cff449631a5d8ee73fed2169b4ec423849dead7b0adb0be275a0c427c9d,,AL032010
CAND-0798,S4,AL032010:WCSC-0X6H,sweeps/S4/S4-AL032010-WCSC-0X6H/objects/3a9e05e38e8eaf8799e163966771d68039725498157e66aac2916d85ff343744,,AL032010
CAND-0799,S4,AL032010:WCSC-0X6J,sweeps/S4/S4-AL032010-WCSC-0X6J/objects/3551c80f7bb678d091f510c91782c1b81c5cbc41e11c70e9d3b5c43c8858b72e,,AL032010
CAND-0800,S4,AL032010:WCSC-0X6K,sweeps/S4/S4-AL032010-WCSC-0X6K/objects/3e8681936b47b898e0611e6cb36cfcb7a37c7bba490902ce9ff1d840aa519600,,AL032010
CAND-0801,S4,AL032010:WCSC-0X6L,sweeps/S4/S4-AL032010-WCSC-0X6L/objects/61319baee7fbf482d966b22a2a05765e120c8ed43f44dae7fde695bbd9d0b2c9,,AL032010
CAND-0802,S4,AL032010:WCSC-0X7G,sweeps/S4/S4-AL032010-WCSC-0X7G/objects/939a356ce789f71b22a9b8439d03d7fb22d05e8c8996b05ac3a51bbb9c73ae69,,AL032010
CAND-0803,S4,AL032010:WCSC-0X7L,sweeps/S4/S4-AL032010-WCSC-0X7L/objects/41e1e6b6da1cff47eb725bb46d117940c68f2534dba0fa1471b04807d97471db,,AL032010
CAND-0804,S4,AL032010:WCSC-0X7M,sweeps/S4/S4-AL032010-WCSC-0X7M/objects/8583ab28050e9d1514e289137e65ed6e0f1e74d1496f5a7bcf7b07b434182ee1,,AL032010
CAND-0805,S4,AL032010:WCSC-0X7N,sweeps/S4/S4-AL032010-WCSC-0X7N/objects/b0b5cda339e0ed523ddc32c76f48379481c3d0a987947cfba2849aeacaf6ba23,,AL032010
CAND-0806,S4,AL032010:WCSC-0X84,sweeps/S4/S4-AL032010-WCSC-0X84/objects/7062506bc76ef006dfe50904f2e06a20dde0022fe85ef4e32ba3474d48ed8129,,AL032010
CAND-0807,S4,AL032010:WCSC-0X8B,sweeps/S4/S4-AL032010-WCSC-0X8B/objects/8e2bfe8b42938ea08abc240c119676de8d2ae77d8a431f4d69b54e80e3049441,,AL032010
CAND-0808,S4,AL032010:WCSC-0X8T,sweeps/S4/S4-AL032010-WCSC-0X8T/objects/ae0378ce54fba6b4fdcc8929e7c05f4d84ed55334eeccee77bfac6c44d6f7ad8,,AL032010
CAND-0809,S4,AL032010:WCSC-0YAD,sweeps/S4/S4-AL032010-WCSC-0YAD/objects/34e0c51c4205ca77aeeeceedeaa5dcf70367a08be8d92ef2729a821a7736ac08,,AL032010
CAND-0810,S4,AL032010:WCSC-0YCU,sweeps/S4/S4-AL032010-WCSC-0YCU/objects/1109fa10656eabd87ca3b95ed37b0460daac9342ca5e01a1ba614d807f45a694,,AL032010
CAND-0811,S4,AL032010:WCSC-0YF8,sweeps/S4/S4-AL032010-WCSC-0YF8/objects/4775e68afed3e0277fa890f637193820d7723e0bc21b01b36d08ea86aea60ebc,,AL032010
CAND-0812,S4,AL032010:WCSC-0YPD,sweeps/S4/S4-AL032010-WCSC-0YPD/objects/c9903c734de65480ab64d18ef28fae5259ed2c38e2bcdb824c80c351533c31fc,,AL032010
CAND-0813,S4,AL032010:WCSC-0YSK,sweeps/S4/S4-AL032010-WCSC-0YSK/objects/a9ced074dcd3899916ae68c3582746057ec607983a9937906a91e493061d1ae9,,AL032010
CAND-0814,S4,AL032010:WCSC-0YSP,sweeps/S4/S4-AL032010-WCSC-0YSP/objects/5b7d7c935437120dbbb6b65f571f36664fc5f4c13041716b0fe6cc375ac5a0d4,,AL032010
CAND-0815,S4,AL032010:WCSC-0YST,sweeps/S4/S4-AL032010-WCSC-0YST/objects/4bece6d353b0b3b8f00b1b730c54c7a297485c762b5229ee326306c68ed7f5c2,,AL032010
CAND-0816,S4,AL032010:WCSC-0Z9R,sweeps/S4/S4-AL032010-WCSC-0Z9R/objects/3d32a3438b729218becc58248661e33ccbae7d7e6823c8136582bf714d044151,,AL032010
CAND-0817,S4,AL032017:WCSC-08UQ,sweeps/S4/S4-AL032017-WCSC-08UQ/objects/dfe7a9784f5725b9170c5f3264e6250929e6cae6b4155bace8a09364d1036e66,,AL032017
CAND-0818,S4,AL032017:WCSC-08V5,sweeps/S4/S4-AL032017-WCSC-08V5/objects/ea3b41598be2d3379af9ee970480cc479591d391468a4f0552aae5b96fe34055,,AL032017
CAND-0819,S4,AL032017:WCSC-08YD,sweeps/S4/S4-AL032017-WCSC-08YD/objects/3b1762a2c70b8b448c9e16082b66a3233039a8567c123ec7bb447a512bbf3288,,AL032017
CAND-0820,S4,AL032017:WCSC-09FR,sweeps/S4/S4-AL032017-WCSC-09FR/objects/74df7cf02fe5a424514d3f5cca032e566305ff279b96f89b6de954216ab7d190,,AL032017
CAND-0821,S4,AL032017:WCSC-0A8H,sweeps/S4/S4-AL032017-WCSC-0A8H/objects/8ccc0264c17af6c3112b7ba46c72efc1dc6ca59a10dc2d879157ab7179c136e5,,AL032017
CAND-0822,S4,AL032017:WCSC-0A8U,sweeps/S4/S4-AL032017-WCSC-0A8U/objects/83afd309962d65b70eb6bf9b2f9520fc0f24bffa55efdeba246a42e3d6bad156,,AL032017
CAND-0823,S4,AL032017:WCSC-0ACE,sweeps/S4/S4-AL032017-WCSC-0ACE/objects/3812907534647d0928e192532ed0dfef115d0068b6295def968cdc9095abbf27,,AL032017
CAND-0824,S4,AL032017:WCSC-0ACF,sweeps/S4/S4-AL032017-WCSC-0ACF/objects/cc0174ca2a667c75f29be3cea20713f729aee98f0e4b05cf24e5986626036586,,AL032017
CAND-0825,S4,AL032017:WCSC-0B06,sweeps/S4/S4-AL032017-WCSC-0B06/objects/18c7488290e636194291687d58e99a655b08ee22e314b87ada9e957293857e68,,AL032017
CAND-0826,S4,AL032017:WCSC-0B4Y,sweeps/S4/S4-AL032017-WCSC-0B4Y/objects/2110ed87360a4f267014bf70eba51329e21ade64ab706eacb6befdcd1e150225,,AL032017
CAND-0827,S4,AL032017:WCSC-0B57,sweeps/S4/S4-AL032017-WCSC-0B57/objects/3165e275ba4717165447ddee3565d4c1dea81412c79f1c9f95f77a01f677dbbc,,AL032017
CAND-0828,S4,AL032017:WCSC-0BYK,sweeps/S4/S4-AL032017-WCSC-0BYK/objects/661aea2c2c14220d52910cb92aa768cc981fa2cd739243a82b0c738f260fab20,,AL032017
CAND-0829,S4,AL032017:WCSC-0CMG,sweeps/S4/S4-AL032017-WCSC-0CMG/objects/09dfe7c6b4422b17b1aa76cabdb255a54d422df7cbebae27b700051b842d6593,,AL032017
CAND-0830,S4,AL032017:WCSC-0D0W,sweeps/S4/S4-AL032017-WCSC-0D0W/objects/a1aae97f941fa222e1445148a3bb44996eeef39b65416d528ad393585fc176db,,AL032017
CAND-0831,S4,AL032017:WCSC-0DA3,sweeps/S4/S4-AL032017-WCSC-0DA3/objects/df08db4d4bf0e37a156a154f8491718a665de98b2272853502ca1dff294a6883,,AL032017
CAND-0832,S4,AL032017:WCSC-0DA5,sweeps/S4/S4-AL032017-WCSC-0DA5/objects/4086d5003f2004a3547cc44f41c88fcd5570eae6fc30f394c392d9d7d7b2bdba,,AL032017
CAND-0833,S4,AL032017:WCSC-0N8G,sweeps/S4/S4-AL032017-WCSC-0N8G/objects/c70ae56b30ec85566ef0ad2bac85393ec68f19f4bb6f57111f7f1ef1e327ba22,,AL032017
CAND-0834,S4,AL032017:WCSC-0PTH,sweeps/S4/S4-AL032017-WCSC-0PTH/objects/c2f9668dd9bdfe7312735b3116b27b0583dccce73eddd10244a8a77de3a4d1db,,AL032017
CAND-0835,S4,AL032017:WCSC-0PTP,sweeps/S4/S4-AL032017-WCSC-0PTP/objects/95620eb491859352762d0e5faef0b551fb8605e3aa9df00d09ccdec0598b9f6a,,AL032017
CAND-0836,S4,AL032017:WCSC-0PTU,sweeps/S4/S4-AL032017-WCSC-0PTU/objects/d8450bc267fc8ebf6691b6632ee58292262eeda6f7b20b96d12d85b973674450,,AL032017
CAND-0837,S4,AL032017:WCSC-0Q1U,sweeps/S4/S4-AL032017-WCSC-0Q1U/objects/e5bfcee97a75a42bfda9b63858c1e61f0910296b0f09ea7448df3f797e1d5548,,AL032017
CAND-0838,S4,AL032017:WCSC-0R2S,sweeps/S4/S4-AL032017-WCSC-0R2S/objects/58748f6ef5569c0f6cdd801f01a9c9c179992b6314c2025c517f4a5bae02b817,,AL032017
CAND-0839,S4,AL032017:WCSC-0R2T,sweeps/S4/S4-AL032017-WCSC-0R2T/objects/0eeb879d0bdfd4311a256224490c2a44920b170ddb4b9d55fee124ea5dc24e7c,,AL032017
CAND-0840,S4,AL032017:WCSC-0R2U,sweeps/S4/S4-AL032017-WCSC-0R2U/objects/5273128803a878087fc8a1a0c6a14bbd9e1822ad8299ea6a4122fae2e84e9b71,,AL032017
CAND-0841,S4,AL032017:WCSC-0R2V,sweeps/S4/S4-AL032017-WCSC-0R2V/objects/39e8ee7cabc4e1744159d69850407e48885301614b2822b9b94dba5edff64e74,,AL032017
CAND-0842,S4,AL032017:WCSC-0R37,sweeps/S4/S4-AL032017-WCSC-0R37/objects/348e9ecc7c8f939763295b49ffcd4542b7740c266a38ee011f58e7ab022f38d9,,AL032017
CAND-0843,S4,AL032017:WCSC-0R3A,sweeps/S4/S4-AL032017-WCSC-0R3A/objects/a2f2e61b9e29959b669e315b561447859353293e83d45128c0986da1dc7923ec,,AL032017
CAND-0844,S4,AL032017:WCSC-0R6X,sweeps/S4/S4-AL032017-WCSC-0R6X/objects/8dfec214f715ccba8fca90240dd45d05a8441bc0c5815fb63a4d6acdff28a8ab,,AL032017
CAND-0845,S4,AL032017:WCSC-0RAV,sweeps/S4/S4-AL032017-WCSC-0RAV/objects/42d9dd9eb7f1bdda5e49b4e7cd53d8414b679dacd31361447e7c894df2614687,,AL032017
CAND-0846,S4,AL032017:WCSC-0RB3,sweeps/S4/S4-AL032017-WCSC-0RB3/objects/6e6250c3a24f80467d8e775d3b095693f221b3c0704ea9fbb227caa19f110bc1,,AL032017
CAND-0847,S4,AL032017:WCSC-0RB4,sweeps/S4/S4-AL032017-WCSC-0RB4/objects/91840b6872f3c63679a4773a041109c64f5b7f6c7f49dc6d63b2b102ea8615be,,AL032017
CAND-0848,S4,AL032017:WCSC-0RBE,sweeps/S4/S4-AL032017-WCSC-0RBE/objects/8891ba16cea6518a7a536acb95a418587f1da68fb87a9f01fe5852c1b1353c5f,,AL032017
CAND-0849,S4,AL032017:WCSC-0RBF,sweeps/S4/S4-AL032017-WCSC-0RBF/objects/90c5f163484fca09f4ba5e244b5eed853dac1083e12d8739f293a66c575c9220,,AL032017
CAND-0850,S4,AL032017:WCSC-0REG,sweeps/S4/S4-AL032017-WCSC-0REG/objects/0c9746c5f67fca57d6cb291b20c960c87a457e8a261c113e65981b29678eb69d,,AL032017
CAND-0851,S4,AL032017:WCSC-0REH,sweeps/S4/S4-AL032017-WCSC-0REH/objects/4372dae2c3744eb7c09887cf4fe4b6ce221420824fccab07bc5fddc3dc9d2b69,,AL032017
CAND-0852,S4,AL032017:WCSC-0REX,sweeps/S4/S4-AL032017-WCSC-0REX/objects/6ca86e826d92f1c5fab8c2ff223b112357a2d63d4c30bb649913275c932672ea,,AL032017
CAND-0853,S4,AL032017:WCSC-0RH8,sweeps/S4/S4-AL032017-WCSC-0RH8/objects/0d6c0475f682c0d21ec5e7432cdc5df21c9a9ca9a18e1baa54ecee117b52f1fa,,AL032017
CAND-0854,S4,AL032017:WCSC-0TBM,sweeps/S4/S4-AL032017-WCSC-0TBM/objects/813134b2a38f3871bb960e3ce569489893082b4e36a53fa6fa387a2efb3296c7,,AL032017
CAND-0855,S4,AL032017:WCSC-0TG6,sweeps/S4/S4-AL032017-WCSC-0TG6/objects/41faf18351561b5a9bfef65ceb35382b884b0b6dc60c0f9e26ba917b0ff08bd2,,AL032017
CAND-0856,S4,AL032017:WCSC-0TG7,sweeps/S4/S4-AL032017-WCSC-0TG7/objects/aa025d5e767e9828c76b0f930dceb4ba40bb278608be3817dc64fdedaa1c2699,,AL032017
CAND-0857,S4,AL032017:WCSC-0TKH,sweeps/S4/S4-AL032017-WCSC-0TKH/objects/1c26d79a8bf8d0ccec56b75a2240271e1aeca190de1d0f57c259f589cfbe7c6c,,AL032017
CAND-0858,S4,AL032017:WCSC-0TKQ,sweeps/S4/S4-AL032017-WCSC-0TKQ/objects/fd9a19ef17249f0aa290049a85b3aaa3de470a7039e415e8f63df4f83be013ce,,AL032017
CAND-0859,S4,AL032017:WCSC-0TMQ,sweeps/S4/S4-AL032017-WCSC-0TMQ/objects/bc594b9a537404ff7894ebe95ecad13277cd595893e736c06e99959391ee3539,,AL032017
CAND-0860,S4,AL032017:WCSC-0TNM,sweeps/S4/S4-AL032017-WCSC-0TNM/objects/35f11b9704430b397cd397fe92fda900e3ad1ded0e007bb5739ce6bdee50edd8,,AL032017
CAND-0861,S4,AL032017:WCSC-0TP3,sweeps/S4/S4-AL032017-WCSC-0TP3/objects/589e8bed670fd6858e23986fd0be5e4aa48556f849bc0a9ddf05734542a615fb,,AL032017
CAND-0862,S4,AL032017:WCSC-0TP4,sweeps/S4/S4-AL032017-WCSC-0TP4/objects/53306b422d79e50b2986093dde08d915a3126b0498ed5da8aa48a508de76b71f,,AL032017
CAND-0863,S4,AL032017:WCSC-0TRY,sweeps/S4/S4-AL032017-WCSC-0TRY/objects/1613786801cf9c0a31bc22a42590db0a42c2631bab894d62fbca1a76d9a66942,,AL032017
CAND-0864,S4,AL032017:WCSC-0TSR,sweeps/S4/S4-AL032017-WCSC-0TSR/objects/c633e21a8a0425e40b0b4e707470491d65d6fdaccb89728f259430fde47020dc,,AL032017
CAND-0865,S4,AL032017:WCSC-0TSS,sweeps/S4/S4-AL032017-WCSC-0TSS/objects/970a354ef4918cd30106099c922ed0feab0bf5fb346a4f826426f3cc63cfae30,,AL032017
CAND-0866,S4,AL032017:WCSC-0TTR,sweeps/S4/S4-AL032017-WCSC-0TTR/objects/2719458356ebe1a446fbf74631190e1a0ea8689f5fc47d6667706751db1637a6,,AL032017
CAND-0867,S4,AL032017:WCSC-0TUN,sweeps/S4/S4-AL032017-WCSC-0TUN/objects/6d6d2129ef9423a86da6449e4050b1392c8ce803f9f30e886e325f63ca2f1794,,AL032017
CAND-0868,S4,AL032017:WCSC-0TUP,sweeps/S4/S4-AL032017-WCSC-0TUP/objects/156f1f4bc4ad95ebdb3f30a66da8b6c08f8b071a7fb129d08edd0f262ca564f5,,AL032017
CAND-0869,S4,AL032017:WCSC-0TUQ,sweeps/S4/S4-AL032017-WCSC-0TUQ/objects/9a9efd6e45581cdbfc0ea54e2419ace18f9a65bd0b589e567492f511896beae9,,AL032017
CAND-0870,S4,AL032017:WCSC-0TUW,sweeps/S4/S4-AL032017-WCSC-0TUW/objects/551fd6f5513d9cabe89ecd8fd182564428e339faeff70477e2ea703e248cdc76,,AL032017
CAND-0871,S4,AL032017:WCSC-0TUX,sweeps/S4/S4-AL032017-WCSC-0TUX/objects/9f774bd64410052860c8660e3ebeeb8f2b98afc868b8d3b0321df6246f39e991,,AL032017
CAND-0872,S4,AL032017:WCSC-0TV7,sweeps/S4/S4-AL032017-WCSC-0TV7/objects/218cc5d57a3702d02e2663af988a0f4cbca8c4b38fe9c38166cdb4386b9b53fa,,AL032017
CAND-0873,S4,AL032017:WCSC-0TX5,sweeps/S4/S4-AL032017-WCSC-0TX5/objects/e5c150c82972cda00ee48df1285ae5c4fde9d7c1e5e97e9018c992356e83bbd3,,AL032017
CAND-0874,S4,AL032017:WCSC-0TX7,sweeps/S4/S4-AL032017-WCSC-0TX7/objects/b4d56d0cecdb3b793dcbdf73e7ea83211b070a6335cafb6419ce1dacea9faf07,,AL032017
CAND-0875,S4,AL032017:WCSC-0TYV,sweeps/S4/S4-AL032017-WCSC-0TYV/objects/acc86fca8c5870bb501b51684118cd9efe1ef0e581fe75908c6cb251446e742d,,AL032017
CAND-0876,S4,AL032017:WCSC-0U03,sweeps/S4/S4-AL032017-WCSC-0U03/objects/801d7603a0befa1402b5b0c50cd68615bed02af38ed8f084d377c3d6db83bade,,AL032017
CAND-0877,S4,AL032017:WCSC-0U1T,sweeps/S4/S4-AL032017-WCSC-0U1T/objects/2b4fccacc5081a9709fea35d2cb3d3b5924259acfba3a0be3f1c6b4f2688592a,,AL032017
CAND-0878,S4,AL032017:WCSC-0W0Y,sweeps/S4/S4-AL032017-WCSC-0W0Y/objects/42f8f87cc19715e4d9fd2d80cb70db4bff8eba22f2873b742853d6dd2e410a64,,AL032017
CAND-0879,S4,AL032017:WCSC-0W10,sweeps/S4/S4-AL032017-WCSC-0W10/objects/540ae862cdeee2ff87b6faa8ef3ba8aabce8350a93481b33c15f7c5bb18f007a,,AL032017
CAND-0880,S4,AL032017:WCSC-0W14,sweeps/S4/S4-AL032017-WCSC-0W14/objects/47d6955fc6c6f4fc8282e1f1a8558da56d7ded62a20e6a0346d2e24cef071933,,AL032017
CAND-0881,S4,AL032017:WCSC-0W17,sweeps/S4/S4-AL032017-WCSC-0W17/objects/ebe8a807f8264749b110f1ea73150e3df1ee9ad3f886b0043b134314c720df9c,,AL032017
CAND-0882,S4,AL032017:WCSC-0W1H,sweeps/S4/S4-AL032017-WCSC-0W1H/objects/801efd799271754678feecfcb58e95b7a2aa91e4933f0a1b5eaf4ba2bbbc41f8,,AL032017
CAND-0883,S4,AL032017:WCSC-0W1K,sweeps/S4/S4-AL032017-WCSC-0W1K/objects/74b2f5b18f7b02fe3a3760523d4339a493d17f4eb1f967738bf97e1a5fd7e60f,,AL032017
CAND-0884,S4,AL032017:WCSC-0W1U,sweeps/S4/S4-AL032017-WCSC-0W1U/objects/bd473475ebb3c9e909e2cb75e6942bde0c52aeab5db51b9f005525def6251038,,AL032017
CAND-0885,S4,AL032017:WCSC-0W1X,sweeps/S4/S4-AL032017-WCSC-0W1X/objects/86d5c0de417eb978ff999e154575838a72f684b9f206ed34598e956c8172af0d,,AL032017
CAND-0886,S4,AL032017:WCSC-0W1Z,sweeps/S4/S4-AL032017-WCSC-0W1Z/objects/7fb5ddef14a8b4fd2213fefec73a2d7f72aa352b94a7e26abd8fc70fdae0ab4a,,AL032017
CAND-0887,S4,AL032017:WCSC-0W22,sweeps/S4/S4-AL032017-WCSC-0W22/objects/42d1919c8d4e79d6c15a9bde95b657c5f005cf7ac7b5802f6dcdd6d235676199,,AL032017
CAND-0888,S4,AL032017:WCSC-0W26,sweeps/S4/S4-AL032017-WCSC-0W26/objects/c5305017a45c28891f02fe2d6d27c4798dbd14935d403b0c8d77791ae7b00c9e,,AL032017
CAND-0889,S4,AL032017:WCSC-0W27,sweeps/S4/S4-AL032017-WCSC-0W27/objects/c173e948e4ee150a43c459470cb5e0cae632fa55e36807e501fb577b56f3a22e,,AL032017
CAND-0890,S4,AL032017:WCSC-0W28,sweeps/S4/S4-AL032017-WCSC-0W28/objects/afc0cef8838ffcc926a112f3625f123940f7d356c8c3a6cdedaddc4b0ca52419,,AL032017
CAND-0891,S4,AL032017:WCSC-0W3N,sweeps/S4/S4-AL032017-WCSC-0W3N/objects/c7f11bf7057b36f91da493f34ea8f4d604e6ea15a97b007c85ee92172cb71b31,,AL032017
CAND-0892,S4,AL032017:WCSC-0W4J,sweeps/S4/S4-AL032017-WCSC-0W4J/objects/2ed3f86ea868413dba6588062664204d8e88ef5e6226b693a2ae74b4e410e892,,AL032017
CAND-0893,S4,AL032017:WCSC-0W4M,sweeps/S4/S4-AL032017-WCSC-0W4M/objects/fa5ec2cbe8f181d8ca2727552dd63a777331bf1d78b16e93bbe4214ce4e0660b,,AL032017
CAND-0894,S4,AL032017:WCSC-0W53,sweeps/S4/S4-AL032017-WCSC-0W53/objects/d1513e552dc44135c8cfbd6c342ee15436466cd7c54a44f500fb19534e6d7a57,,AL032017
CAND-0895,S4,AL032017:WCSC-0W55,sweeps/S4/S4-AL032017-WCSC-0W55/objects/af7033f1c0cfdef77145a4660e82ed5c76014bbfaef901e138875f1eff0da4fc,,AL032017
CAND-0896,S4,AL032017:WCSC-0W5P,sweeps/S4/S4-AL032017-WCSC-0W5P/objects/097443c3df0a7195f765548a94aa0c8160b0fa5635b8a3e8bd6c825465f6986d,,AL032017
CAND-0897,S4,AL032017:WCSC-0W75,sweeps/S4/S4-AL032017-WCSC-0W75/objects/ab47c099b919c07ea4504225b9d8c1bc78dcc3b643c3f86c6240feeb574c477c,,AL032017
CAND-0898,S4,AL032017:WCSC-0W76,sweeps/S4/S4-AL032017-WCSC-0W76/objects/a95c504149b1d03cc492c7de0d62d55b3604e6631815285856747671bf165976,,AL032017
CAND-0899,S4,AL032017:WCSC-0W78,sweeps/S4/S4-AL032017-WCSC-0W78/objects/43de00c3db45df6e95360f6d1effdf54d507fd49708082268f61b6ecf5a16abe,,AL032017
CAND-0900,S4,AL032017:WCSC-0W89,sweeps/S4/S4-AL032017-WCSC-0W89/objects/fc40f204d5afe47a8fca56335097966af77020c6521558b4b45fd073eb8af560,,AL032017
CAND-0901,S4,AL032017:WCSC-0W8V,sweeps/S4/S4-AL032017-WCSC-0W8V/objects/34e13b4b0ebb8909c2d427d3c4c86e213b2e92d07544eddd2110c9ab3fec1857,,AL032017
CAND-0902,S4,AL032017:WCSC-0W8W,sweeps/S4/S4-AL032017-WCSC-0W8W/objects/6cdb91221ffebc629545edf2b822583f33d97a46fe0abcea608a808e7a5f7d56,,AL032017
CAND-0903,S4,AL032017:WCSC-0WF3,sweeps/S4/S4-AL032017-WCSC-0WF3/objects/5f51370dc6318acbf31e659daa676950b4003a96fa1ce60cdeb2917d8502fc41,,AL032017
CAND-0904,S4,AL032017:WCSC-0WG6,sweeps/S4/S4-AL032017-WCSC-0WG6/objects/06bec47b13386e206f75e94618915775a705472084496d03840645f4579362a8,,AL032017
CAND-0905,S4,AL032017:WCSC-0WH3,sweeps/S4/S4-AL032017-WCSC-0WH3/objects/fe5e366d988ecd683a7203c09c91e497b72ea8ce1c1e6a17ffa9fc69cb5184f2,,AL032017
CAND-0906,S4,AL032017:WCSC-0WHQ,sweeps/S4/S4-AL032017-WCSC-0WHQ/objects/c7fd29cc0e23452e028484a440fb00a9afc89f3a90a526365ec8b0b40750c202,,AL032017
CAND-0907,S4,AL032017:WCSC-0WJA,sweeps/S4/S4-AL032017-WCSC-0WJA/objects/10a6c12cd4e63fd71e8324fa2906d5b29a864eaa170c7fdcc88924dafb27d8e0,,AL032017
CAND-0908,S4,AL032017:WCSC-0WJE,sweeps/S4/S4-AL032017-WCSC-0WJE/objects/3cf70c6ea73f0674fd428e30571f1f5769922abe67c394bc389b6b95a895dad3,,AL032017
CAND-0909,S4,AL032017:WCSC-0WKA,sweeps/S4/S4-AL032017-WCSC-0WKA/objects/6d5b0d44b236983fa5f3acca956344a5c95e325aa1b30ca6c33146c4ccf6cbf7,,AL032017
CAND-0910,S4,AL032017:WCSC-0WKB,sweeps/S4/S4-AL032017-WCSC-0WKB/objects/f0910ec8bda5147bee3af055c904e11082b3516b0cafad28c9025ce8c79cb108,,AL032017
CAND-0911,S4,AL032017:WCSC-0WLG,sweeps/S4/S4-AL032017-WCSC-0WLG/objects/2dc6867a56e2c933c10567245cc4703f91af2ba453a35d8acb4c0517ad5b9f3e,,AL032017
CAND-0912,S4,AL032017:WCSC-0WLH,sweeps/S4/S4-AL032017-WCSC-0WLH/objects/a23c1a4a92b556a13cac216beea1606858da98bfd201b602a17a546334a33441,,AL032017
CAND-0913,S4,AL032017:WCSC-0WLJ,sweeps/S4/S4-AL032017-WCSC-0WLJ/objects/2ccafc4c61bc52a7ea749b5631d6d1cfddfaf233b5198b5df1d79d10b8cd5ce9,,AL032017
CAND-0914,S4,AL032017:WCSC-0WME,sweeps/S4/S4-AL032017-WCSC-0WME/objects/4b5e49b25679c40c5ba363741115cc07c0e95edc71612a767ff6b210b712f0c7,,AL032017
CAND-0915,S4,AL032017:WCSC-0WMU,sweeps/S4/S4-AL032017-WCSC-0WMU/objects/287a40a4467c65f50d471beb2315ae23fbb1b5d5379c7f9c69054e42a843aa2a,,AL032017
CAND-0916,S4,AL032017:WCSC-0WMX,sweeps/S4/S4-AL032017-WCSC-0WMX/objects/42af76772b19ee0c23ece351282bee169b48008e7f22aad33398af852bd98450,,AL032017
CAND-0917,S4,AL032017:WCSC-0WMY,sweeps/S4/S4-AL032017-WCSC-0WMY/objects/7dd3bdff344e72cb46cdf832cee4ddff854a7612f37193e8713cc77e59d0a34e,,AL032017
CAND-0918,S4,AL032017:WCSC-0WMZ,sweeps/S4/S4-AL032017-WCSC-0WMZ/objects/c2558cd5043e07cfab6f2b261f1488f282dc86f97e6e1b173c520374cb21a595,,AL032017
CAND-0919,S4,AL032017:WCSC-0WNB,sweeps/S4/S4-AL032017-WCSC-0WNB/objects/194004aa4122dfa897522b5dfa70221c2081730bb97cbfc0be01f6fc6d591445,,AL032017
CAND-0920,S4,AL032017:WCSC-0WNE,sweeps/S4/S4-AL032017-WCSC-0WNE/objects/154e9b240925cefd8a774ded45d227afdaa3934f0d434ad7e91ac4ef8043ac38,,AL032017
CAND-0921,S4,AL032017:WCSC-0WNF,sweeps/S4/S4-AL032017-WCSC-0WNF/objects/f6454317a97b007a45aea93a8c4104c565824498d082c89de85bb803047d024b,,AL032017
CAND-0922,S4,AL032017:WCSC-0WNN,sweeps/S4/S4-AL032017-WCSC-0WNN/objects/14b7420706ef10befc80b63f9e31d90e50511344508a044a7dbbdeec55253aad,,AL032017
CAND-0923,S4,AL032017:WCSC-0WNP,sweeps/S4/S4-AL032017-WCSC-0WNP/objects/94db874a175b07903bad10adf56b782c104a7544f23079bd6dff2f3e356d48b3,,AL032017
CAND-0924,S4,AL032017:WCSC-0WNQ,sweeps/S4/S4-AL032017-WCSC-0WNQ/objects/98480de952ba7242579f81c572adae97e6f762b4b12ccfaac20aa5cbc0f7eba4,,AL032017
CAND-0925,S4,AL032017:WCSC-0WNZ,sweeps/S4/S4-AL032017-WCSC-0WNZ/objects/6b36827ed900716746fb5d32ffda2b5f076bc680b89afcb8df9a4a2197e2c888,,AL032017
CAND-0926,S4,AL032017:WCSC-0WP7,sweeps/S4/S4-AL032017-WCSC-0WP7/objects/7e19f184306dde6a877933fe840d1e0278faf8b6dceab6303d127eef5c7c0e54,,AL032017
CAND-0927,S4,AL032017:WCSC-0WP9,sweeps/S4/S4-AL032017-WCSC-0WP9/objects/06164addfdb66e6dd217ccd3f6e833e2e1871b593daac50eb18a10074cb4bf22,,AL032017
CAND-0928,S4,AL032017:WCSC-0WPA,sweeps/S4/S4-AL032017-WCSC-0WPA/objects/5bd0bf1ac48875545c315fd68f264f8db14be866abfc14f3d56c2a8199ada34e,,AL032017
CAND-0929,S4,AL032017:WCSC-0WPT,sweeps/S4/S4-AL032017-WCSC-0WPT/objects/025937ee6cee8620b38714a0cc12f47aba73df4d4a07c86855755170c208f03b,,AL032017
CAND-0930,S4,AL032017:WCSC-0WRF,sweeps/S4/S4-AL032017-WCSC-0WRF/objects/5182ea909323509ecadc10e0cabb90b10e7ec2d24724d56774933dd7e096219a,,AL032017
CAND-0931,S4,AL032017:WCSC-0WRG,sweeps/S4/S4-AL032017-WCSC-0WRG/objects/564817bf166d779b45324ba766de9170a800e2ede2bc06e7c33ed399b8b52074,,AL032017
CAND-0932,S4,AL032017:WCSC-0WRH,sweeps/S4/S4-AL032017-WCSC-0WRH/objects/9435f1ba30f059ecfb0ca1b21c832f9f08a1d99a48f7b0233fc2ac3b92ee4b32,,AL032017
CAND-0933,S4,AL032017:WCSC-0WRX,sweeps/S4/S4-AL032017-WCSC-0WRX/objects/016d0aea2b15a478f95428a597e70af796bac76c2d09112d0bae2b1b9b7ccf79,,AL032017
CAND-0934,S4,AL032017:WCSC-0WS0,sweeps/S4/S4-AL032017-WCSC-0WS0/objects/db00c3b96a11c1eb01dd41786c5021f2eee9b9c12ad7783ef6308fb33cb736ec,,AL032017
CAND-0935,S4,AL032017:WCSC-0WT4,sweeps/S4/S4-AL032017-WCSC-0WT4/objects/92fc697ced618e5ef76da99499c53b0a5a7b5f88aefcd470c73411a36910e602,,AL032017
CAND-0936,S4,AL032017:WCSC-0WTP,sweeps/S4/S4-AL032017-WCSC-0WTP/objects/84c7da1442f54f561aa3de2c9aea4d87151609e447a35c2dc05ae73bd3ec4fce,,AL032017
CAND-0937,S4,AL032017:WCSC-0WU5,sweeps/S4/S4-AL032017-WCSC-0WU5/objects/7107b499d485ec28bccebf21071c2bf5ec9801a953185e3e143c7b061c87c8ce,,AL032017
CAND-0938,S4,AL032017:WCSC-0WU7,sweeps/S4/S4-AL032017-WCSC-0WU7/objects/8b27084170fd02f7805cc0a5acb35c8c0a111633370dee03ed6e2d21f6212ce2,,AL032017
CAND-0939,S4,AL032017:WCSC-0WU9,sweeps/S4/S4-AL032017-WCSC-0WU9/objects/966344488ff348b64e08f1ef84e0817e574978a37b31bdac53168eb3abb460da,,AL032017
CAND-0940,S4,AL032017:WCSC-0WV0,sweeps/S4/S4-AL032017-WCSC-0WV0/objects/7a9177f2f824df658e7f95a16151c33bd7c793c892e1538b6fd58202d0ec5137,,AL032017
CAND-0941,S4,AL032017:WCSC-0WV1,sweeps/S4/S4-AL032017-WCSC-0WV1/objects/7fd67a5829db29da8078508763f2e4d2f74c2391d4531e8884bd98f4aa5b5e6d,,AL032017
CAND-0942,S4,AL032017:WCSC-0WV2,sweeps/S4/S4-AL032017-WCSC-0WV2/objects/a42c0d07b28e44ca057571fda1e94d199892c3758c82dfeb3a63b7568971466e,,AL032017
CAND-0943,S4,AL032017:WCSC-0WV3,sweeps/S4/S4-AL032017-WCSC-0WV3/objects/9f89e513f5b0289a40adcd6d00b6c4e1f776bc2e227483f5eee61177499f91e7,,AL032017
CAND-0944,S4,AL032017:WCSC-0WV4,sweeps/S4/S4-AL032017-WCSC-0WV4/objects/44f660025223662d9355bfabf5ba7243286feba11d2eecc194948748d2511cc3,,AL032017
CAND-0945,S4,AL032017:WCSC-0WV6,sweeps/S4/S4-AL032017-WCSC-0WV6/objects/d664d654b08cc85d80d45d9b3d6947c86e6fdf604ccde6dd9934e555fe642602,,AL032017
CAND-0946,S4,AL032017:WCSC-0WV8,sweeps/S4/S4-AL032017-WCSC-0WV8/objects/88d95702b8fa987c86ae8b3109e3dc5cee4a213f8a9dc7651fd8282165cdab04,,AL032017
CAND-0947,S4,AL032017:WCSC-0WVC,sweeps/S4/S4-AL032017-WCSC-0WVC/objects/e24877369df1c49319ad872c5fde1bbb278f50459da6f55c0301b467d703ab95,,AL032017
CAND-0948,S4,AL032017:WCSC-0WVD,sweeps/S4/S4-AL032017-WCSC-0WVD/objects/2faab83a43521f81f002b20c358d94eba089f9971919c9a29cb1be7fe2ca09b4,,AL032017
CAND-0949,S4,AL032017:WCSC-0WW9,sweeps/S4/S4-AL032017-WCSC-0WW9/objects/37c7a4bae2d489a96ac6a366170a1b64d097c14c521214a10f57c34715181334,,AL032017
CAND-0950,S4,AL032017:WCSC-0WWH,sweeps/S4/S4-AL032017-WCSC-0WWH/objects/5b23bb4f8a27f749c46a13daf6f4cd8bbb401d93238d3d8c8f0569094149f2e0,,AL032017
CAND-0951,S4,AL032017:WCSC-0WWK,sweeps/S4/S4-AL032017-WCSC-0WWK/objects/6e39fcc62f46aee003be7fc63fd84559064e3788c0f0f11d4548023f8cfb397e,,AL032017
CAND-0952,S4,AL032017:WCSC-0WWN,sweeps/S4/S4-AL032017-WCSC-0WWN/objects/4d3b1c7b8ab212ecacbf86bb214a64c4304e7c0ae99acef4081738c3b23993f3,,AL032017
CAND-0953,S4,AL032017:WCSC-0WWY,sweeps/S4/S4-AL032017-WCSC-0WWY/objects/072427f43df3ff25f064338e23100f2f4a7fe15d373225f4a72723da06341f78,,AL032017
CAND-0954,S4,AL032017:WCSC-0WWZ,sweeps/S4/S4-AL032017-WCSC-0WWZ/objects/b431e8e104280bc2f62bf347fab6b753e0892f7c092c5161fb7403a48d881e1e,,AL032017
CAND-0955,S4,AL032017:WCSC-0WYP,sweeps/S4/S4-AL032017-WCSC-0WYP/objects/597c9d2dc181c13147bb931faab6a3645de991b95eb701f3d28d03c4105a71ea,,AL032017
CAND-0956,S4,AL032017:WCSC-0WYQ,sweeps/S4/S4-AL032017-WCSC-0WYQ/objects/af4c9378a0f697529de131664c175aced3d22469a615138c311cde2ec66db6c6,,AL032017
CAND-0957,S4,AL032017:WCSC-0WZ4,sweeps/S4/S4-AL032017-WCSC-0WZ4/objects/56f1bc5c8c60385182067b2621e7cc6f70bcf6465738a980ec5bceeec519f953,,AL032017
CAND-0958,S4,AL032017:WCSC-0WZM,sweeps/S4/S4-AL032017-WCSC-0WZM/objects/d367f39699677060ccf5c8fb6961007a0355fa0c948abed084fd1bfe8c80b1b2,,AL032017
CAND-0959,S4,AL032017:WCSC-0X02,sweeps/S4/S4-AL032017-WCSC-0X02/objects/271e5c674b5d1403e8addd45d392f25d9278c268aee62e1f727813bdd54abd30,,AL032017
CAND-0960,S4,AL032017:WCSC-0X2Q,sweeps/S4/S4-AL032017-WCSC-0X2Q/objects/444f6ea502a399011e03c4e4bc33c4ea9abfb9bb23598995992051ac36083de0,,AL032017
CAND-0961,S4,AL032017:WCSC-0X2R,sweeps/S4/S4-AL032017-WCSC-0X2R/objects/73f63d3775944124618010b9fa6b7cccf546c82773dc9770376b72374ea22dd9,,AL032017
CAND-0962,S4,AL032017:WCSC-0X2U,sweeps/S4/S4-AL032017-WCSC-0X2U/objects/207880c1374ce92c5c6f2e00752cb499bed11043a88b71fc5225426eb8dbdce0,,AL032017
CAND-0963,S4,AL032017:WCSC-0X5S,sweeps/S4/S4-AL032017-WCSC-0X5S/objects/80b94eb25381cd3cce8dfa0b946e164ee6ddc76b8507bd2b9d368520578ee2c9,,AL032017
CAND-0964,S4,AL032017:WCSC-0X5T,sweeps/S4/S4-AL032017-WCSC-0X5T/objects/778b19a94acefa0505123b6211edf2779db59abfa09ba998be3066ee21224761,,AL032017
CAND-0965,S4,AL032017:WCSC-0X6A,sweeps/S4/S4-AL032017-WCSC-0X6A/objects/22209856f73b8145987e20322b210052a967873dd3bf47de08c15f8aa433f439,,AL032017
CAND-0966,S4,AL032017:WCSC-0X6B,sweeps/S4/S4-AL032017-WCSC-0X6B/objects/e41acb5a4126b2afb79bf4e7ce0fb99656a2c50b636f6583e25059a26ee9c907,,AL032017
CAND-0967,S4,AL032017:WCSC-0X6C,sweeps/S4/S4-AL032017-WCSC-0X6C/objects/388e7d77f04e06bb66856f6e5e93d959d7d41815ffa607ecc53cc890cc2f1c18,,AL032017
CAND-0968,S4,AL032017:WCSC-0X6D,sweeps/S4/S4-AL032017-WCSC-0X6D/objects/c092e6b4f661257a9c35d834f63144063b0ea0b730a1039e9205394440d3b9ae,,AL032017
CAND-0969,S4,AL032017:WCSC-0X6M,sweeps/S4/S4-AL032017-WCSC-0X6M/objects/64203ea27faff8096fc078b8a6bdc59aec42dceb8d120cb9816527aa9468d279,,AL032017
CAND-0970,S4,AL032017:WCSC-0X6N,sweeps/S4/S4-AL032017-WCSC-0X6N/objects/3de8bd8caa388e65d6d9003a4cd21aa71a281de7dd9d17f37390dd93937e8861,,AL032017
CAND-0971,S4,AL032017:WCSC-0X6P,sweeps/S4/S4-AL032017-WCSC-0X6P/objects/d4879a28c82013753a191945fc225296724aa6a9e93a069a9c309a520f8478b4,,AL032017
CAND-0972,S4,AL032017:WCSC-0X75,sweeps/S4/S4-AL032017-WCSC-0X75/objects/dedef6146b26c476c1d9ab6426d85c5217c07ab00ac7eedd14156d8931e3f617,,AL032017
CAND-0973,S4,AL032017:WCSC-0X76,sweeps/S4/S4-AL032017-WCSC-0X76/objects/a422cd9b0926a7fcb2e3d62095030dfde96c70596db2bf3da3b8663628dfbd58,,AL032017
CAND-0974,S4,AL032017:WCSC-0X77,sweeps/S4/S4-AL032017-WCSC-0X77/objects/1645d54e92ddb430ec5b56004858ba796561dbc39187b29f223bb774ea107656,,AL032017
CAND-0975,S4,AL032017:WCSC-0X78,sweeps/S4/S4-AL032017-WCSC-0X78/objects/739b0d4eab9896ac463357ba72abc6f3ca3748683dcdd1de0bcebeba931b8ceb,,AL032017
CAND-0976,S4,AL032017:WCSC-0X7Q,sweeps/S4/S4-AL032017-WCSC-0X7Q/objects/921a6272ccea1c836b78a07773b3615ffecb3318382402259d5f97c78eeb7bd2,,AL032017
CAND-0977,S4,AL032017:WCSC-0X7R,sweeps/S4/S4-AL032017-WCSC-0X7R/objects/418f09d49e603db7c2813b6d4c96251f6f1eb2adc1c53dc5cf295fdc7085c99d,,AL032017
CAND-0978,S4,AL032017:WCSC-0X8U,sweeps/S4/S4-AL032017-WCSC-0X8U/objects/3894c623ba1cb1ca7465d15940983a11dfeafae948706e28f64c68e2156b503e,,AL032017
CAND-0979,S4,AL032017:WCSC-0X8W,sweeps/S4/S4-AL032017-WCSC-0X8W/objects/837f1497a7c018843ea2f269f45868e3efbd141ad6151328db03581c05e1c402,,AL032017
CAND-0980,S4,AL032017:WCSC-0X93,sweeps/S4/S4-AL032017-WCSC-0X93/objects/b5cae3e4b476d57389657303cf086c6945a60c238cafad378973e057021eff47,,AL032017
CAND-0981,S4,AL032017:WCSC-0X9A,sweeps/S4/S4-AL032017-WCSC-0X9A/objects/bde817b91e7e45685d7ab5542d8018707438fa4623cc977245d4f81d600aaf51,,AL032017
CAND-0982,S4,AL032017:WCSC-0X9B,sweeps/S4/S4-AL032017-WCSC-0X9B/objects/ed4695859d198ac0f8c241166b89c840b5aad4e06a2d25a4889809cafaf77960,,AL032017
CAND-0983,S4,AL032017:WCSC-0X9C,sweeps/S4/S4-AL032017-WCSC-0X9C/objects/acbca93aaad773f24eb7f95484479c4863bc6e9c5c387fa72d45ec711b469fb0,,AL032017
CAND-0984,S4,AL032017:WCSC-0X9D,sweeps/S4/S4-AL032017-WCSC-0X9D/objects/56e14a39cd8de11a18142350afeb43ffd268ee83a034a318318b68b64e72097f,,AL032017
CAND-0985,S4,AL032017:WCSC-0X9E,sweeps/S4/S4-AL032017-WCSC-0X9E/objects/a70ff93c54d8c0755f7b7b05132c21890696b43f1c84cd4279f1de8050ce2933,,AL032017
CAND-0986,S4,AL032017:WCSC-0X9M,sweeps/S4/S4-AL032017-WCSC-0X9M/objects/7570e5bb015ce606391b8e2dbe4468a39cadb362c44b5913363ec51884762e95,,AL032017
CAND-0987,S4,AL032017:WCSC-0X9R,sweeps/S4/S4-AL032017-WCSC-0X9R/objects/1389c62475aab77a9f1e6e38a29de1b797b5749d0cc03b69f0778b77a6c18d9f,,AL032017
CAND-0988,S4,AL032017:WCSC-0X9S,sweeps/S4/S4-AL032017-WCSC-0X9S/objects/812ed359baac7fc430b065d44d6d03c6bf653316bdd9988b64d5a6392f3bcc14,,AL032017
CAND-0989,S4,AL032017:WCSC-0X9U,sweeps/S4/S4-AL032017-WCSC-0X9U/objects/b0decb817ea659ac0fd7be0d6f82176bf6f45a10c9905d733d518bcda5878f35,,AL032017
CAND-0990,S4,AL032017:WCSC-0X9X,sweeps/S4/S4-AL032017-WCSC-0X9X/objects/ba9a50b3fdec458e6a604b72d2938a3e9aceba7c2540602b43e121f4830d9a49,,AL032017
CAND-0991,S4,AL032017:WCSC-0X9Y,sweeps/S4/S4-AL032017-WCSC-0X9Y/objects/d4412a4659a57e9469d16bf61d8be9c91fb51f4f29d19a9ab54bb93016412016,,AL032017
CAND-0992,S4,AL032017:WCSC-0X9Z,sweeps/S4/S4-AL032017-WCSC-0X9Z/objects/b269b2360a79f39be3f0809238e387941302c4d9f505c29dc4e571088e1a3403,,AL032017
CAND-0993,S4,AL032017:WCSC-0XA0,sweeps/S4/S4-AL032017-WCSC-0XA0/objects/0890ee2b5a4da8827eea4939a46adef1c23c0995996361cc1542ba514a11d2d8,,AL032017
CAND-0994,S4,AL032017:WCSC-0XAC,sweeps/S4/S4-AL032017-WCSC-0XAC/objects/b93318bd1d6ee73ab6a8506bf9bd24b09cfc258b368330156ea287ddbe18c4fb,,AL032017
CAND-0995,S4,AL032017:WCSC-0XAD,sweeps/S4/S4-AL032017-WCSC-0XAD/objects/7502023e17036762e688ccd7a2a75272eb109e1dd960f1ce4bd3341515de9816,,AL032017
CAND-0996,S4,AL032017:WCSC-0XAK,sweeps/S4/S4-AL032017-WCSC-0XAK/objects/9a9d8086c4eb990a9bf7a2019cb2acadb8eeea0e3f5753a280d760fecbb753ce,,AL032017
CAND-0997,S4,AL032017:WCSC-0XAL,sweeps/S4/S4-AL032017-WCSC-0XAL/objects/7a1328ea23a97e2cb79e7c034ae7696eeb63371343df78a63c06ff2a95884112,,AL032017
CAND-0998,S4,AL032017:WCSC-0XAM,sweeps/S4/S4-AL032017-WCSC-0XAM/objects/5f44ec84dbda20a836b4e143cdeb4c5af9de8a4c0239dad72ae8104472ffd597,,AL032017
CAND-0999,S4,AL032017:WCSC-0XAN,sweeps/S4/S4-AL032017-WCSC-0XAN/objects/0c854c1da161b68757b283ce9011c8733c4b3551921fa72c63735a3187cb12b0,,AL032017
CAND-1000,S4,AL032017:WCSC-0XAU,sweeps/S4/S4-AL032017-WCSC-0XAU/objects/17c84b0911db49b8413166b37ea6d6311ff566663dda6d05313ce51b36c6713f,,AL032017
CAND-1001,S4,AL032017:WCSC-0XB1,sweeps/S4/S4-AL032017-WCSC-0XB1/objects/1e448ad438ae3382b7eb82fe56ed38454fbde977ff61c9d9f68aad6c62017828,,AL032017
CAND-1002,S4,AL032017:WCSC-0XB2,sweeps/S4/S4-AL032017-WCSC-0XB2/objects/fbdc89a6582e65097b529cb8e6ea8dc569544c9c79bb84026f3885b3e7a0239b,,AL032017
CAND-1003,S4,AL032017:WCSC-0XB3,sweeps/S4/S4-AL032017-WCSC-0XB3/objects/329225355fdbc202fadb5f68a9bc4890214d92e5d2db7d2f3ce90cd0f43b8260,,AL032017
CAND-1004,S4,AL032017:WCSC-0XB4,sweeps/S4/S4-AL032017-WCSC-0XB4/objects/19389595da5bb316407df721536cb1fa912390cfa560458549c5d573e26a0123,,AL032017
CAND-1005,S4,AL032017:WCSC-0Y5U,sweeps/S4/S4-AL032017-WCSC-0Y5U/objects/3dabfbbcfaf7a6246ce5c54dca9a3ccbdfa36ec50c15a2bbebf869d8ae1c9be3,,AL032017
CAND-1006,S4,AL032017:WCSC-0Y5W,sweeps/S4/S4-AL032017-WCSC-0Y5W/objects/b1cc1d76a5b97119a5174e65cb52898c3c2b354301c831115c8163d27b6da3d3,,AL032017
CAND-1007,S4,AL032017:WCSC-0Y5X,sweeps/S4/S4-AL032017-WCSC-0Y5X/objects/239976291c596575514cd0e88631d2a279c3c6c3cd590c94e8b2c220363bfcb0,,AL032017
CAND-1008,S4,AL032017:WCSC-0Y5Y,sweeps/S4/S4-AL032017-WCSC-0Y5Y/objects/11f9ee484c5a708f1f4a182a2e483d664964db5f349b6070749b940fc3775245,,AL032017
CAND-1009,S4,AL032017:WCSC-0Y9M,sweeps/S4/S4-AL032017-WCSC-0Y9M/objects/03cd218f315aa25817ad858a92c671280952435c4725549fccc6587cdcc5862d,,AL032017
CAND-1010,S4,AL032017:WCSC-0Y9N,sweeps/S4/S4-AL032017-WCSC-0Y9N/objects/d686e1ece12570aaa4f0d38103d00a24960a109510658f85ecd9649f838e1c60,,AL032017
CAND-1011,S4,AL032017:WCSC-0YA4,sweeps/S4/S4-AL032017-WCSC-0YA4/objects/fc065b08efb178829d6bcb38ffb21de99c5384824a88082d4ee6c923400f59a8,,AL032017
CAND-1012,S4,AL032017:WCSC-0YA5,sweeps/S4/S4-AL032017-WCSC-0YA5/objects/2878bcdae996859598733663f3b1b1b322ebd85c5769ee87a6229d7cec5fc2aa,,AL032017
CAND-1013,S4,AL032017:WCSC-0YA6,sweeps/S4/S4-AL032017-WCSC-0YA6/objects/fec1b7401abae4ee22f790482be3817c5796e5647305f8982105bf6c1b2747ca,,AL032017
CAND-1014,S4,AL032017:WCSC-0YAC,sweeps/S4/S4-AL032017-WCSC-0YAC/objects/6e6cf2ca85863a9d8b0d9be3fbc5af0418d1f328aebfd68eba21459cd97b4ce7,,AL032017
CAND-1015,S4,AL032017:WCSC-0YET,sweeps/S4/S4-AL032017-WCSC-0YET/objects/af4ed6114d719e6b1c3518262b0293bc376103379cd8f5bb43d414faf84155ca,,AL032017
CAND-1016,S4,AL032017:WCSC-0YEU,sweeps/S4/S4-AL032017-WCSC-0YEU/objects/1fa12fbd0787cdac5c35f73a100f25648dedbd738b6dff3f9d4e1f3ce83666a7,,AL032017
CAND-1017,S4,AL032017:WCSC-0ZAN,sweeps/S4/S4-AL032017-WCSC-0ZAN/objects/5396e0c1186ec40ba8d4876530e7f3c297c2c925eeb823dfc6a1a91392747324,,AL032017
CAND-1018,S4,AL032017:WCSC-0ZAQ,sweeps/S4/S4-AL032017-WCSC-0ZAQ/objects/88b087980c6d8368edd95df23e89403f43c10633abeaa9902bacebb51a431c8c,,AL032017
CAND-1019,S4,AL032017:WCSC-0ZRU,sweeps/S4/S4-AL032017-WCSC-0ZRU/objects/f90130620275736d592f57874bb832edfcd9845e1ed2a00f4364c560c8bba6b1,,AL032017
CAND-1020,S4,AL032017:WCSC-0ZSB,sweeps/S4/S4-AL032017-WCSC-0ZSB/objects/56e22eb728102466304a27afb9e82ce1adb13282778bf5322ab9974addeb6cd4,,AL032017
CAND-1021,S4,AL032017:WCSC-11ZX,sweeps/S4/S4-AL032017-WCSC-11ZX/objects/49c8ddb6c65be33e7bdfa164e37c6dcd68821203f91ba1d66ef96e92b4fa513c,,AL032017
CAND-1022,S4,AL032017:WCSC-120Y,sweeps/S4/S4-AL032017-WCSC-120Y/objects/5bdd4da36fec06640d982c3feeed317bf95304b7b1282ca0399219bcd0c9436d,,AL032017
CAND-1023,S4,AL032017:WCSC-120Z,sweeps/S4/S4-AL032017-WCSC-120Z/objects/88b36089b74d5fbcaabc8e6b988c1ccfbf3f9e102bc53abb54728c33068fed88,,AL032017
CAND-1024,S4,AL032017:WCSC-121L,sweeps/S4/S4-AL032017-WCSC-121L/objects/d9ae4b7e07743050f398dc5075722af65910fe317f77efeea75383f653951996,,AL032017
CAND-1025,S4,AL032017:WCSC-123M,sweeps/S4/S4-AL032017-WCSC-123M/objects/60d52d0d8e38db43c7e22978c5cbcabf0acbab6b048f1811dc32e9dea25977fb,,AL032017
CAND-1026,S4,AL032017:WCSC-123R,sweeps/S4/S4-AL032017-WCSC-123R/objects/9690093d9bba539e21cafbf9c2cc9faf7d187d4ccd9eec3b96768621fc7ae9b1,,AL032017
CAND-1027,S4,AL032017:WCSC-125D,sweeps/S4/S4-AL032017-WCSC-125D/objects/cc58c3d7c301ead9df8974591248b107c74ef50121c0edbfd2f2a4428e496560,,AL032017
CAND-1028,S4,AL032017:WCSC-125T,sweeps/S4/S4-AL032017-WCSC-125T/objects/24465c25cda26d61b0e8cbb46f4f3b580ee79989673f2b5ee4fe4566a0effda6,,AL032017
CAND-1029,S4,AL032017:WCSC-127X,sweeps/S4/S4-AL032017-WCSC-127X/objects/d1a8e1069df55a18d00eb71b3f6b5193d3872bff6ecab79261e62fb8a4bfb3d4,,AL032017
CAND-1030,S4,AL032017:WCSC-127Z,sweeps/S4/S4-AL032017-WCSC-127Z/objects/b25844edee6a65db71ed89d82200558b73c6ae09e88d37e25a3e0ffa4d7fff45,,AL032017
CAND-1031,S4,AL032017:WCSC-1285,sweeps/S4/S4-AL032017-WCSC-1285/objects/85b6d0820e969f45e6fba91b6c23c8431ba3af08132372c371c399b5085aa68d,,AL032017
CAND-1032,S4,AL032017:WCSC-128Z,sweeps/S4/S4-AL032017-WCSC-128Z/objects/224e74b3bb63fa3e9ea03644dfbad78b0b0e6cdc90e3d820ec982d75d4c7479d,,AL032017
CAND-1033,S4,AL032020:WCSC-04W5,sweeps/S4/S4-AL032020-WCSC-04W5/objects/a4141fba59f9a59a5a651d7d2ba28346862d9179bdc783b4193ac273e3fadd7e,,AL032020
CAND-1034,S4,AL032020:WCSC-0AD4,sweeps/S4/S4-AL032020-WCSC-0AD4/objects/05790c7e314765c33071b9c51ac168184cb4c4988571c585eda7c6dd007988cb,,AL032020
CAND-1035,S4,AL032020:WCSC-0B19,sweeps/S4/S4-AL032020-WCSC-0B19/objects/09ce01ab87576d0854c2ea4b02199b0ba26e0f01b399db7eda0d503caff3179e,,AL032020
CAND-1036,S4,AL032020:WCSC-0B4Y,sweeps/S4/S4-AL032020-WCSC-0B4Y/objects/bb1a0bf15ccbcce01da7965137c394a0438a67bcfeab2912b4a8acaddde9f766,,AL032020
CAND-1037,S4,AL032020:WCSC-0B57,sweeps/S4/S4-AL032020-WCSC-0B57/objects/7e0c0cef855a37c35b721fc24b85ef63606962298f705fcba96ca479e9a85e4b,,AL032020
CAND-1038,S4,AL032020:WCSC-0BDF,sweeps/S4/S4-AL032020-WCSC-0BDF/objects/b9087e897d5ed3791a0db7dd2d2bd6e3e069b75f3cdfda5e092ccf739c51d82b,,AL032020
CAND-1039,S4,AL032020:WCSC-0DA3,sweeps/S4/S4-AL032020-WCSC-0DA3/objects/79b765d201d36057d8f61c88d15e2bacaf4d26bb660ce0bf11e1a77cf9b6c9d6,,AL032020
CAND-1040,S4,AL032020:WCSC-0DF2,sweeps/S4/S4-AL032020-WCSC-0DF2/objects/329c0e9997974ed813d0ed71a93a9f50519f43071d4a8e174e1e9966b823e7f3,,AL032020
CAND-1041,S4,AL032020:WCSC-0DF5,sweeps/S4/S4-AL032020-WCSC-0DF5/objects/5ef17ac34a9431545341f5dad9c61b7b7c69729e124f7708e7e7344b31a4e4c9,,AL032020
CAND-1042,S4,AL032020:WCSC-0E4C,sweeps/S4/S4-AL032020-WCSC-0E4C/objects/7c88911e5c2766ff5eb7f7e46fae4ed92738640f65624576b30f49da323134af,,AL032020
CAND-1043,S4,AL032020:WCSC-0E4D,sweeps/S4/S4-AL032020-WCSC-0E4D/objects/dd446ffcf89aece32f147392532e58a5a5ac5d41740e6c1030bd150570ba8306,,AL032020
CAND-1044,S4,AL032020:WCSC-0E6N,sweeps/S4/S4-AL032020-WCSC-0E6N/objects/d603fed9d569e25b528c2196f540485c5f7a07fd3cd15ea7828aee5ca45cf8b9,,AL032020
CAND-1045,S4,AL032020:WCSC-0EX5,sweeps/S4/S4-AL032020-WCSC-0EX5/objects/68e336227c7be25aa63e620d02773706a880a48f70eaded0197e65ee0a35c40c,,AL032020
CAND-1046,S4,AL032020:WCSC-0EZA,sweeps/S4/S4-AL032020-WCSC-0EZA/objects/e7da1f52ded6848f4a470339fd6f80d1fd0ebf7c4f179b4b87cbfb87f71c0147,,AL032020
CAND-1047,S4,AL032020:WCSC-0MWW,sweeps/S4/S4-AL032020-WCSC-0MWW/objects/448c2b34655df667bb539106bd97e7692de19e7e10801e22c1a4f9130eeca55e,,AL032020
CAND-1048,S4,AL032020:WCSC-0N8K,sweeps/S4/S4-AL032020-WCSC-0N8K/objects/13977c4ef21fafc8e7bd45e3818878a86940d96af1d5c42a6d4b6e54616d0e9c,,AL032020
CAND-1049,S4,AL032020:WCSC-0NE2,sweeps/S4/S4-AL032020-WCSC-0NE2/objects/ea3aaef7774f4679dd534d8a48ced5833fa27edbfbe08c096c9f2e6142550e80,,AL032020
CAND-1050,S4,AL032020:WCSC-0NE3,sweeps/S4/S4-AL032020-WCSC-0NE3/objects/4ed7d8b6c140c47e463633ffd0855db4d4f9f8f86242457659103b0d4c871d98,,AL032020
CAND-1051,S4,AL032020:WCSC-0NPA,sweeps/S4/S4-AL032020-WCSC-0NPA/objects/0709aa5866c50bb51dcaf73cdc33c57d3f03f54c60e19b2506805291f590c1db,,AL032020
CAND-1052,S4,AL032020:WCSC-0NPC,sweeps/S4/S4-AL032020-WCSC-0NPC/objects/9b2911035eace372d57ec26aeaf5c1e7f9a0b1d5c722d5f4195d1af0a35f061d,,AL032020
CAND-1053,S4,AL032020:WCSC-0PJ1,sweeps/S4/S4-AL032020-WCSC-0PJ1/objects/dea25ac34a899c92e25316c55aafbbe374306d34a274efbb21ebec84631a44d7,,AL032020
CAND-1054,S4,AL032020:WCSC-0PNQ,sweeps/S4/S4-AL032020-WCSC-0PNQ/objects/49638afc5e4956a05d5eeb7b575598cd53cefc062882a2b2638a5da0fd71337f,,AL032020
CAND-1055,S4,AL032020:WCSC-0Q0R,sweeps/S4/S4-AL032020-WCSC-0Q0R/objects/11ad8c053d5bb994f036553f4c72b2f95e8d168d080b17ddcdc16dd233f7f52f,,AL032020
CAND-1056,S4,AL032020:WCSC-0Q0S,sweeps/S4/S4-AL032020-WCSC-0Q0S/objects/83869fee770cb9f0421c21496e166cc9fcf779d746e6a00ce357de75297067a8,,AL032020
CAND-1057,S4,AL032020:WCSC-0Q0X,sweeps/S4/S4-AL032020-WCSC-0Q0X/objects/51445bd47640f1299b54329fde9f15657da72f6b13cbe1fbe0ac4a56a0845f5f,,AL032020
CAND-1058,S4,AL032020:WCSC-0Q0Y,sweeps/S4/S4-AL032020-WCSC-0Q0Y/objects/59d7c24d64cdb427152cef339a861db363c22e09f76525aadffc7e20f26ba949,,AL032020
CAND-1059,S4,AL032020:WCSC-0Q0Z,sweeps/S4/S4-AL032020-WCSC-0Q0Z/objects/26952b14cf9e44aa206450fbce32f9fb437f11df2b55318d5e40d3830f3fe4ed,,AL032020
CAND-1060,S4,AL032020:WCSC-0Q11,sweeps/S4/S4-AL032020-WCSC-0Q11/objects/48b6b772c2b4eb1d248a85c160ea73b5a2c9b0f424df7062614351650b37292c,,AL032020
CAND-1061,S4,AL032020:WCSC-0Q13,sweeps/S4/S4-AL032020-WCSC-0Q13/objects/182259de13afacfe9a1121d6d71d393d9c33088ae377973dd44de52a73003f48,,AL032020
CAND-1062,S4,AL032020:WCSC-0Q15,sweeps/S4/S4-AL032020-WCSC-0Q15/objects/9e4dc2ef090b868187ce157d36ef309aacf6fcacba3aab115c914a988f6ad6d4,,AL032020
CAND-1063,S4,AL032020:WCSC-0Q1C,sweeps/S4/S4-AL032020-WCSC-0Q1C/objects/106e1c604702117b5f4ddfa013a45254954290b702a2905d262d02d34ce8af7b,,AL032020
CAND-1064,S4,AL032020:WCSC-0Q1D,sweeps/S4/S4-AL032020-WCSC-0Q1D/objects/36141ec581d68046d68120ff969b1937b4c53e2e8e509490e70e94628e94f98a,,AL032020
CAND-1065,S4,AL032020:WCSC-0Q1E,sweeps/S4/S4-AL032020-WCSC-0Q1E/objects/ea27d487d8bd4ee6ba5cd2810cf0520f71695bb1606ae6fdbac0d53efba27667,,AL032020
CAND-1066,S4,AL032020:WCSC-0Q1F,sweeps/S4/S4-AL032020-WCSC-0Q1F/objects/2c2af48d5625affe785b6c2db3804ea34c94e60314550b1f3712706c1ef54d12,,AL032020
CAND-1067,S4,AL032020:WCSC-0Q1K,sweeps/S4/S4-AL032020-WCSC-0Q1K/objects/1193fb1da569c386d4ba5b1035dfeebea2d7640fd4898fabc0feba83764b869e,,AL032020
CAND-1068,S4,AL032020:WCSC-0Q1M,sweeps/S4/S4-AL032020-WCSC-0Q1M/objects/0ee67420cdff61a354fb87eb0cfbadcf98d7bd1c8f0f3dfd68ef48af2178674e,,AL032020
CAND-1069,S4,AL032020:WCSC-0Q1N,sweeps/S4/S4-AL032020-WCSC-0Q1N/objects/50543e7c4075bf0cf884b3222de9e25082ac59c44d0ff4bd10433422f5e5335d,,AL032020
CAND-1070,S4,AL032020:WCSC-0Q1P,sweeps/S4/S4-AL032020-WCSC-0Q1P/objects/f3ee0a8f853f1bcce50a42075e13eed0d2be71b589d5cfe4eb725fc2500c2a73,,AL032020
CAND-1071,S4,AL032020:WCSC-0Q1R,sweeps/S4/S4-AL032020-WCSC-0Q1R/objects/aa53c54a13e0c3844579c92e7f789bc4fc86655a34c99550ff7c4db15589f5cd,,AL032020
CAND-1072,S4,AL032020:WCSC-0Q1S,sweeps/S4/S4-AL032020-WCSC-0Q1S/objects/c7254be3d734c7bb143c1f15da7f693b9572321a6497d6c6e7b8c049d94dd3a1,,AL032020
CAND-1073,S4,AL032020:WCSC-0Q1V,sweeps/S4/S4-AL032020-WCSC-0Q1V/objects/e0fc495947a7a359f289f9a372c192fbfd33b683b65283437519fe7c783a5f9d,,AL032020
CAND-1074,S4,AL032020:WCSC-0Q1W,sweeps/S4/S4-AL032020-WCSC-0Q1W/objects/9399100224631f7c2f2fedb1b6f60de71631083ce5f12f390dec46451bbeeb67,,AL032020
CAND-1075,S4,AL032020:WCSC-0Q1Y,sweeps/S4/S4-AL032020-WCSC-0Q1Y/objects/70d54b6537809310e03a1a946c57a6086eca90742f462e49d65d75e5b5c9c1a5,,AL032020
CAND-1076,S4,AL032020:WCSC-0Q1Z,sweeps/S4/S4-AL032020-WCSC-0Q1Z/objects/039e51b6ff89ebc8453fa1ee3082b7199aec46268e7b0ec923cdf111ae02565c,,AL032020
CAND-1077,S4,AL032020:WCSC-0Q20,sweeps/S4/S4-AL032020-WCSC-0Q20/objects/154cc04839787c9f2ba95fc2b0594cb9abe8eeb23f1712a3951d54779a81f473,,AL032020
CAND-1078,S4,AL032020:WCSC-0Q26,sweeps/S4/S4-AL032020-WCSC-0Q26/objects/26e35236436ec92ff208fdae167da3489998861ac1f98978551cb0c3f0cfc5e7,,AL032020
CAND-1079,S4,AL032020:WCSC-0Q27,sweeps/S4/S4-AL032020-WCSC-0Q27/objects/68af7edbf996e149f384edeeb085d7f0222025049e291038d658446e3bb4f335,,AL032020
CAND-1080,S4,AL032020:WCSC-0QAJ,sweeps/S4/S4-AL032020-WCSC-0QAJ/objects/0e836e5a0f0375db80f61f68d81e7fb43b733309d5191b9d12c8b623b33977b7,,AL032020
CAND-1081,S4,AL032020:WCSC-0QAK,sweeps/S4/S4-AL032020-WCSC-0QAK/objects/b66253eae54fd25ae88b384d4b7f3aeaa1a28377775bfb53b99eaf2e77c947f8,,AL032020
CAND-1082,S4,AL032020:WCSC-0QBU,sweeps/S4/S4-AL032020-WCSC-0QBU/objects/6c4af138135ea7594a3342d46d373d178de3842b455737f9654e01f6cf9c27bc,,AL032020
CAND-1083,S4,AL032020:WCSC-0QC2,sweeps/S4/S4-AL032020-WCSC-0QC2/objects/dcfe0dd79b33e4a8740963139450316145e7b24070ebf6a6f90807a8989212c3,,AL032020
CAND-1084,S4,AL032020:WCSC-0QC3,sweeps/S4/S4-AL032020-WCSC-0QC3/objects/c0e88901fe9a80160ea0878000fb4467457d89b38cd0b4fd619deca72792a50b,,AL032020
CAND-1085,S4,AL032020:WCSC-0QGK,sweeps/S4/S4-AL032020-WCSC-0QGK/objects/4d3e9f63bd18734462b41fa0a4051b1bda576e99fb6b9f28b067243e63119335,,AL032020
CAND-1086,S4,AL032020:WCSC-0QJU,sweeps/S4/S4-AL032020-WCSC-0QJU/objects/98c10606de61be8543ebe7c28b2fbaf0d1ed4b3679a48daef1e0df9aa48909f0,,AL032020
CAND-1087,S4,AL032020:WCSC-0QLR,sweeps/S4/S4-AL032020-WCSC-0QLR/objects/79805f4396d914e14359c34f31cf9462c614f79ec780674c91d448ca37588dbb,,AL032020
CAND-1088,S4,AL032020:WCSC-0QWQ,sweeps/S4/S4-AL032020-WCSC-0QWQ/objects/8e7ff5d144945abeb46a64441f91143e5b9f3f9170a8ba120a8ff8df00902b6d,,AL032020
CAND-1089,S4,AL032020:WCSC-0QZX,sweeps/S4/S4-AL032020-WCSC-0QZX/objects/1dd73e015e26feb5bc55f0a27bbc81c6064eb2cebdacccc765d66828603e6950,,AL032020
CAND-1090,S4,AL032020:WCSC-0R0Y,sweeps/S4/S4-AL032020-WCSC-0R0Y/objects/6bf9ec0f307f4321b0e6755f40d243039f470ece61beed020510432d42ad86b5,,AL032020
CAND-1091,S4,AL032020:WCSC-0R0Z,sweeps/S4/S4-AL032020-WCSC-0R0Z/objects/e7b3026e335c1cb23926af3d084f92a4ff48454181e1a2bc5074614a571d7825,,AL032020
CAND-1092,S4,AL032020:WCSC-0R6P,sweeps/S4/S4-AL032020-WCSC-0R6P/objects/3a78341044d902d6858dbb81dacc1c1d1e184cf31c75c2a4c4d9c95c6362a415,,AL032020
CAND-1093,S4,AL032020:WCSC-0RB8,sweeps/S4/S4-AL032020-WCSC-0RB8/objects/be032b382def1a6b58625dc7b8307b0e43e914457f3f3294f4f6195940ceb7d2,,AL032020
CAND-1094,S4,AL032020:WCSC-0RDQ,sweeps/S4/S4-AL032020-WCSC-0RDQ/objects/23e3ce889904882285a7c87c7844460cd4b0f8b9b1532e11aad19ce9d4e70eb7,,AL032020
CAND-1095,S4,AL032020:WCSC-0RDR,sweeps/S4/S4-AL032020-WCSC-0RDR/objects/fcaa103afe00581d980ea05bf12857c21f8a28b0faa66cebb0cbc5e396a611f3,,AL032020
CAND-1096,S4,AL032020:WCSC-0RLM,sweeps/S4/S4-AL032020-WCSC-0RLM/objects/95960e943995fd70f59d8bbd33ff1443a541299fa2aa2bff5dad97c9e638aff6,,AL032020
CAND-1097,S4,AL032020:WCSC-0RLY,sweeps/S4/S4-AL032020-WCSC-0RLY/objects/ef9446a4ff832cd24062cf3aebf30a7d763e628d474f98b5c32e4cd1e2103213,,AL032020
CAND-1098,S4,AL032020:WCSC-0RLZ,sweeps/S4/S4-AL032020-WCSC-0RLZ/objects/0763519eb2ddcdbedb672affe055ee5397a68def5d96dce52765988dd79267b9,,AL032020
CAND-1099,S4,AL032020:WCSC-0RM3,sweeps/S4/S4-AL032020-WCSC-0RM3/objects/43d440ca564eb58f66c23e686346aca2599ef284216f9ccb1a81b298990cb902,,AL032020
CAND-1100,S4,AL032020:WCSC-0RM7,sweeps/S4/S4-AL032020-WCSC-0RM7/objects/6dbc0a1ff5235070ede63aaf1144ef4f2a815fc0429ef1b223398a323b48a1bd,,AL032020
CAND-1101,S4,AL032020:WCSC-0RM9,sweeps/S4/S4-AL032020-WCSC-0RM9/objects/5f3b5c06359cb1949731da9f112877d6b022ae9daeef00fe12249e3b22991b0f,,AL032020
CAND-1102,S4,AL032020:WCSC-0S97,sweeps/S4/S4-AL032020-WCSC-0S97/objects/4f1b001f1d786bc565f44e329b75280ab21bf225470c971f5280b82a132067b2,,AL032020
CAND-1103,S4,AL032020:WCSC-0S9Y,sweeps/S4/S4-AL032020-WCSC-0S9Y/objects/e21a0124dff89b4b4fb16531259f35c9ef0e586a3fdc9360e9f681f3d12f14b4,,AL032020
CAND-1104,S4,AL032020:WCSC-0SEN,sweeps/S4/S4-AL032020-WCSC-0SEN/objects/cba2b29484523d3c091e0eda18714d6a499ed2bc7a540c882309779310964dfb,,AL032020
CAND-1105,S4,AL032020:WCSC-0SEQ,sweeps/S4/S4-AL032020-WCSC-0SEQ/objects/48cb87f93d716393ba7afe399ddb3acba2cb536e58af49ee24bda7de664c28d3,,AL032020
CAND-1106,S4,AL032020:WCSC-0T11,sweeps/S4/S4-AL032020-WCSC-0T11/objects/4c10a13d7342e80e5d45088e9aa993c63b8d91f4abe3b08b15a1b1988131af2d,,AL032020
CAND-1107,S4,AL032020:WCSC-0T12,sweeps/S4/S4-AL032020-WCSC-0T12/objects/ba272bbdcaa1b95e47638e13f7fc2384e86dd7f0552872e9a994bb8ef7289c74,,AL032020
CAND-1108,S4,AL032020:WCSC-0T32,sweeps/S4/S4-AL032020-WCSC-0T32/objects/b2fbc2d78d34881ad8f750f47a681ecb8df895f266b8705ab765dd18e8770926,,AL032020
CAND-1109,S4,AL032020:WCSC-0T33,sweeps/S4/S4-AL032020-WCSC-0T33/objects/667e657e54ff2de5b49443c39cdd8019220a5dc6e8dae645c26c11f73502e60e,,AL032020
CAND-1110,S4,AL032020:WCSC-0T39,sweeps/S4/S4-AL032020-WCSC-0T39/objects/cf5a62332bf5791462c6b30e61c2686d866f90d3d5d442bcca11cc9d7cd1f224,,AL032020
CAND-1111,S4,AL032020:WCSC-0TA5,sweeps/S4/S4-AL032020-WCSC-0TA5/objects/164204ffd1fe62034c423681dde7c6bb5b1c2eb93ec3d427ea09928d40addb96,,AL032020
CAND-1112,S4,AL032020:WCSC-0TAH,sweeps/S4/S4-AL032020-WCSC-0TAH/objects/d8360f4c8c4833d0d624a171793c0e512c2539c667f542d2a433f666ad27fef8,,AL032020
CAND-1113,S4,AL032020:WCSC-0TAJ,sweeps/S4/S4-AL032020-WCSC-0TAJ/objects/0a9565d4346743d5d575559498ce488f07cc7f7905d8418665ce5d0f28819a47,,AL032020
CAND-1114,S4,AL032020:WCSC-0TAS,sweeps/S4/S4-AL032020-WCSC-0TAS/objects/47b40324e007b96594b231d4681230845450f26471504f384cafaa7d52c374e1,,AL032020
CAND-1115,S4,AL032020:WCSC-0TCP,sweeps/S4/S4-AL032020-WCSC-0TCP/objects/f1eb01b2f8c37b9857505af02322cf39a9886c37b518c9b8d6121d05e7acd055,,AL032020
CAND-1116,S4,AL032020:WCSC-0TK8,sweeps/S4/S4-AL032020-WCSC-0TK8/objects/b0aec9c9011bcbb9d74fa8f1a7363b570bb592dbc59e3ef9a6197aafaecf884f,,AL032020
CAND-1117,S4,AL032020:WCSC-0TK9,sweeps/S4/S4-AL032020-WCSC-0TK9/objects/01d6005d47bd7a7a1f5a8cb14d4a1df4b740e0c25b9dd90639d67a476f1aeb32,,AL032020
CAND-1118,S4,AL032020:WCSC-0TLU,sweeps/S4/S4-AL032020-WCSC-0TLU/objects/144e7645d70df008383cb090ed4a19323bc85aaf5bd8f96d260b4a8174134e68,,AL032020
CAND-1119,S4,AL032020:WCSC-0TLV,sweeps/S4/S4-AL032020-WCSC-0TLV/objects/5621430ad02c74ecbe66eb10f464b6af8f0e292f22ca3060db0d82dada318ded,,AL032020
CAND-1120,S4,AL032020:WCSC-0TWG,sweeps/S4/S4-AL032020-WCSC-0TWG/objects/21fa7b631f25b2b2bf0fa3c976dbeb1804c3114fa5a65956a94f15b7bb5b854b,,AL032020
CAND-1121,S4,AL032020:WCSC-0TWX,sweeps/S4/S4-AL032020-WCSC-0TWX/objects/865103fe954e7f77b91dce846abacb99aeca1cda378d7ecbafe179602b6d432a,,AL032020
CAND-1122,S4,AL032020:WCSC-0TX3,sweeps/S4/S4-AL032020-WCSC-0TX3/objects/a3ea0d9615ac06db22664fc915c084e8f341b7faaacf9e3c852bbf521f54f376,,AL032020
CAND-1123,S4,AL032020:WCSC-0TX5,sweeps/S4/S4-AL032020-WCSC-0TX5/objects/c3fed675caa6b51f225e1c51c577ff020ee1c9c48c0f803098072b7ce5088b88,,AL032020
CAND-1124,S4,AL032020:WCSC-0TXJ,sweeps/S4/S4-AL032020-WCSC-0TXJ/objects/4b23b52e149e2ecf3b946c50672511076538c92b56a4dfbcc17ad10f0ccf334b,,AL032020
CAND-1125,S4,AL032020:WCSC-0TXZ,sweeps/S4/S4-AL032020-WCSC-0TXZ/objects/48249de96995e42e85b02dfff218f0769adf307e20196b06bf1fab2516b86197,,AL032020
CAND-1126,S4,AL032020:WCSC-0TYL,sweeps/S4/S4-AL032020-WCSC-0TYL/objects/0c391b285d243ec49429fc7325061a95362d0f966dfd1d2a9200548faae23ec9,,AL032020
CAND-1127,S4,AL032020:WCSC-0U03,sweeps/S4/S4-AL032020-WCSC-0U03/objects/76749811090320a521133618a89edf47048cbf206f2d69168edb97c03c7b1a86,,AL032020
CAND-1128,S4,AL032020:WCSC-0U1T,sweeps/S4/S4-AL032020-WCSC-0U1T/objects/deeaaf67943bfb94e7a90e6fda30fd2552e85cd0fe08b6bcf056739d57e9e31c,,AL032020
CAND-1129,S4,AL032020:WCSC-0U22,sweeps/S4/S4-AL032020-WCSC-0U22/objects/c202be39bf2e51641f3d170d70a1ed6587d489bb07fd57c32096b75802fcfc79,,AL032020
CAND-1130,S4,AL032020:WCSC-0U2B,sweeps/S4/S4-AL032020-WCSC-0U2B/objects/37260b5bf595dea6d4a0a33e7e78d84afad209c4222166a04da1975e33c9df75,,AL032020
CAND-1131,S4,AL032020:WCSC-0U90,sweeps/S4/S4-AL032020-WCSC-0U90/objects/836dd27aeacb0815a78f56d55f0e52a31e9160f70a2f57fc525fbc0b3c60f93e,,AL032020
CAND-1132,S4,AL032020:WCSC-0UB8,sweeps/S4/S4-AL032020-WCSC-0UB8/objects/34367fc0e5dce12db87a247799f859274c724e4965b681394975bd87d139c938,,AL032020
CAND-1133,S4,AL032020:WCSC-0UE7,sweeps/S4/S4-AL032020-WCSC-0UE7/objects/4e3ce7e5a2f19fd9ad1661f76da0070969aedf96e48133d34bf4ccc6f9470a3b,,AL032020
CAND-1134,S4,AL032020:WCSC-0UE8,sweeps/S4/S4-AL032020-WCSC-0UE8/objects/9a10707fe9973abcee7231cda33fce47f087ca84e04cb330605ab485fcab257b,,AL032020
CAND-1135,S4,AL032020:WCSC-0UQL,sweeps/S4/S4-AL032020-WCSC-0UQL/objects/a7bc3fcb913b4ce6051391e5a76459f380517ef4a148722f1491123369bfa691,,AL032020
CAND-1136,S4,AL032020:WCSC-0UQM,sweeps/S4/S4-AL032020-WCSC-0UQM/objects/3a3975a6999b16588056fc28bccb45d2db894bf89d1d55383ee0db19f3bb1b49,,AL032020
CAND-1137,S4,AL032020:WCSC-0UUW,sweeps/S4/S4-AL032020-WCSC-0UUW/objects/6eb9bf9582a72e80a4c978c57c6e55a44ec8c9ec25ff0326b19e2fe9bf401294,,AL032020
CAND-1138,S4,AL032020:WCSC-0UUX,sweeps/S4/S4-AL032020-WCSC-0UUX/objects/66f095fd37081aac4bf5658b18e14bdebbe3b9d7720f052b71f4b0bc22f35386,,AL032020
CAND-1139,S4,AL032020:WCSC-0UUY,sweeps/S4/S4-AL032020-WCSC-0UUY/objects/c41d2f6cc7230958af69672d89150a61a82b0bf4f23e4658efbae599da15340d,,AL032020
CAND-1140,S4,AL032020:WCSC-0UVD,sweeps/S4/S4-AL032020-WCSC-0UVD/objects/7ab7d84440a271e2319ae5c06636f32d12d576b6de7145943f827bff1bc8b27b,,AL032020
CAND-1141,S4,AL032020:WCSC-0UVF,sweeps/S4/S4-AL032020-WCSC-0UVF/objects/75271e0339283d6a232ee57484e69ce2a904a3759869dd0b9ca0b1717798c465,,AL032020
CAND-1142,S4,AL032020:WCSC-0UVG,sweeps/S4/S4-AL032020-WCSC-0UVG/objects/6c1c8d27c66fbb0cd300319c2e69a096b9a795165cea20d7d4ac6b3a8d3dbdfa,,AL032020
CAND-1143,S4,AL032020:WCSC-0UVH,sweeps/S4/S4-AL032020-WCSC-0UVH/objects/dd88ab65f92a9a47dcd9c9444606d5a83f5c8720d1387ab60147358a40f05c91,,AL032020
CAND-1144,S4,AL032020:WCSC-0UXX,sweeps/S4/S4-AL032020-WCSC-0UXX/objects/a3a8eb0f1ef1f2c863c0e0683dc241f22d362835a2f01bb20f7ed6c0565ac187,,AL032020
CAND-1145,S4,AL032020:WCSC-0UXY,sweeps/S4/S4-AL032020-WCSC-0UXY/objects/0c8bdb2c28d70e5518b68f1835d0993fabff36c5b75ae9ce36fe5f19fe30a638,,AL032020
CAND-1146,S4,AL032020:WCSC-0UY0,sweeps/S4/S4-AL032020-WCSC-0UY0/objects/78d6d3350d4e81f3291b773777bcfcb79b4a664b8a74452c04fa8d28a2fc127f,,AL032020
CAND-1147,S4,AL032020:WCSC-0VGT,sweeps/S4/S4-AL032020-WCSC-0VGT/objects/a5ceff005616757b246537dd8f74a674ac730b6fc336d4a1ad52b8901538dd3f,,AL032020
CAND-1148,S4,AL032020:WCSC-0VGV,sweeps/S4/S4-AL032020-WCSC-0VGV/objects/30ac61c9ed6bfd6b166cc8740a09a74606d2d9944118dcb52313135a1f3e6625,,AL032020
CAND-1149,S4,AL032020:WCSC-0VGW,sweeps/S4/S4-AL032020-WCSC-0VGW/objects/bffc9a81a810445f1cc3701a093b742f7c70b84173b726c26fea9b7cb1830841,,AL032020
CAND-1150,S4,AL032020:WCSC-0VKW,sweeps/S4/S4-AL032020-WCSC-0VKW/objects/07e443278eac3c278f95e0b17fc8090afd94e0645312d25861cc059351af34ef,,AL032020
CAND-1151,S4,AL032020:WCSC-0VQW,sweeps/S4/S4-AL032020-WCSC-0VQW/objects/6d29df7897fccb0a05704703cd9434cc3ddde0181b1d30f50177f0ada91f4731,,AL032020
CAND-1152,S4,AL032020:WCSC-0VQX,sweeps/S4/S4-AL032020-WCSC-0VQX/objects/2c115d75b0a121e8c03ce9b7504f8564544bc6e0974764c5367c73204dd57d60,,AL032020
CAND-1153,S4,AL032020:WCSC-0VQY,sweeps/S4/S4-AL032020-WCSC-0VQY/objects/bf61670ab253a7424fe8e6d7f37573192e9ab130bf073b891eb919c8231a517a,,AL032020
CAND-1154,S4,AL032020:WCSC-0VQZ,sweeps/S4/S4-AL032020-WCSC-0VQZ/objects/a83e9cabc543636816465b22fd426f6a57826b0c48eb497d5925a9034551073c,,AL032020
CAND-1155,S4,AL032020:WCSC-0VR0,sweeps/S4/S4-AL032020-WCSC-0VR0/objects/0a793fd959117a1fb70525e86b003d09626a2b530ecf2d7ab91e7219efd6bf31,,AL032020
CAND-1156,S4,AL032020:WCSC-0VRJ,sweeps/S4/S4-AL032020-WCSC-0VRJ/objects/dc4a7130c1c75142901f4f2cc57443f3ca82b3ad2b0f8b79090cf8a127014129,,AL032020
CAND-1157,S4,AL032020:WCSC-0VRN,sweeps/S4/S4-AL032020-WCSC-0VRN/objects/2ccabf799702c9c32983cf696a7ff2878e4a6a7223e3544a7df33709ff72b122,,AL032020
CAND-1158,S4,AL032020:WCSC-0W2P,sweeps/S4/S4-AL032020-WCSC-0W2P/objects/8ba3bea8a636fdd09999e2b1af8285ca4889f6718808d2765039919a816a1bb8,,AL032020
CAND-1159,S4,AL032020:WCSC-0W2Q,sweeps/S4/S4-AL032020-WCSC-0W2Q/objects/a4231279d73287524db567b0b300b8a7a8acb3681aec7232b878d9fc3bc87980,,AL032020
CAND-1160,S4,AL032020:WCSC-0W2R,sweeps/S4/S4-AL032020-WCSC-0W2R/objects/7377075eef9a85e8c541fbbd25934bf5af3e8067500cca3b58fc2c36d9a35e86,,AL032020
CAND-1161,S4,AL032020:WCSC-0W2T,sweeps/S4/S4-AL032020-WCSC-0W2T/objects/15d94b47f933018bb66a1a6e5555c149843aea692554d44f49c999c0216258e1,,AL032020
CAND-1162,S4,AL032020:WCSC-0W3Z,sweeps/S4/S4-AL032020-WCSC-0W3Z/objects/d371e4f6da0083dc748b4e967b4b93a03411e60dc50617d3bb22da810d028e0e,,AL032020
CAND-1163,S4,AL032020:WCSC-0W40,sweeps/S4/S4-AL032020-WCSC-0W40/objects/8c46305fd3fc4348dfdba63db799e45c5b72184ae03b37d42ad5736ec3c5fb23,,AL032020
CAND-1164,S4,AL032020:WCSC-0W4E,sweeps/S4/S4-AL032020-WCSC-0W4E/objects/58f06ff3f9d8d6c2ac7d2594951ba56cd28c3cce0ff40270e9564bfce5f2b589,,AL032020
CAND-1165,S4,AL032020:WCSC-0W5F,sweeps/S4/S4-AL032020-WCSC-0W5F/objects/43878acb015a7dcde6ed95b11c1926d3ad9f30a0152380daa5c13a8653bd3a60,,AL032020
CAND-1166,S4,AL032020:WCSC-0W5H,sweeps/S4/S4-AL032020-WCSC-0W5H/objects/bbac5a6a8b7af76fb92320aed9f610746957319dcbd9cb78e8b3c0ec5f8741be,,AL032020
CAND-1167,S4,AL032020:WCSC-0W6S,sweeps/S4/S4-AL032020-WCSC-0W6S/objects/80a6e91c38ee6becb9b9bb90cd05f77f25d2302ce07b0689771345904cf564c6,,AL032020
CAND-1168,S4,AL032020:WCSC-0W7T,sweeps/S4/S4-AL032020-WCSC-0W7T/objects/5f50af07641a67ba3596c38fa7b6d715103c1c3dc8920de0b3c05a62a3500ae0,,AL032020
CAND-1169,S4,AL032020:WCSC-0WA2,sweeps/S4/S4-AL032020-WCSC-0WA2/objects/c4ea0ee3e14af06fb5b1ee42164ec2478735916f62f7c5d5596db5ef67f03e5d,,AL032020
CAND-1170,S4,AL032020:WCSC-0WB6,sweeps/S4/S4-AL032020-WCSC-0WB6/objects/bac80d1f88a8b6e93f0586342b2b21acc8d8449a90d410f18d51eea09f00f719,,AL032020
CAND-1171,S4,AL032020:WCSC-0WB9,sweeps/S4/S4-AL032020-WCSC-0WB9/objects/a1d583cddd523f184578299959d3e762e7227127deef914653c4c73221e96f46,,AL032020
CAND-1172,S4,AL032020:WCSC-0WBA,sweeps/S4/S4-AL032020-WCSC-0WBA/objects/7db9b5418a738b3cffbfdfeae00eae0d6d03d2770f925ff677f07661b0f56c77,,AL032020
CAND-1173,S4,AL032020:WCSC-0WBD,sweeps/S4/S4-AL032020-WCSC-0WBD/objects/c04f11a0e2adb696830d79470185b29ca5f5a19640e3adc2a78f735a3dff519e,,AL032020
CAND-1174,S4,AL032020:WCSC-0WBE,sweeps/S4/S4-AL032020-WCSC-0WBE/objects/63923f6c1c9b266e8af43abcb1f9a82d7d179081aea160d5b38b12d9133f32f1,,AL032020
CAND-1175,S4,AL032020:WCSC-0WBF,sweeps/S4/S4-AL032020-WCSC-0WBF/objects/221d1b5c2a62723b7ec667d647af58ce5b3bcd7fe2ba4f96e14e732a93ef4bf1,,AL032020
CAND-1176,S4,AL032020:WCSC-0WBG,sweeps/S4/S4-AL032020-WCSC-0WBG/objects/0df4e8e1476469e7ce04a669407de1e6908cb3c2353080178b4ddd0ae5572e85,,AL032020
CAND-1177,S4,AL032020:WCSC-0WBH,sweeps/S4/S4-AL032020-WCSC-0WBH/objects/73e8b40f8e4066d64c9ef7904013b19297a714b180d5b63a4954cd4c9452d679,,AL032020
CAND-1178,S4,AL032020:WCSC-0WBJ,sweeps/S4/S4-AL032020-WCSC-0WBJ/objects/8f328793a8edeaac920b51121d70c94935f49db8970fe71ce3c06d81b4005715,,AL032020
CAND-1179,S4,AL032020:WCSC-0WBK,sweeps/S4/S4-AL032020-WCSC-0WBK/objects/60c43097808e6b2f466f91d9299f5b530d41927e2ccccfd77fbe46d82ab896b3,,AL032020
CAND-1180,S4,AL032020:WCSC-0WCW,sweeps/S4/S4-AL032020-WCSC-0WCW/objects/cb8ebeec4f880334b0587422ccdaa7ec7bda024f38b71d9288d738905ba9c7d3,,AL032020
CAND-1181,S4,AL032020:WCSC-0WDF,sweeps/S4/S4-AL032020-WCSC-0WDF/objects/369fc307c27995ce719eac08690701d9869f15ee6f308a354bf81e717a9779ef,,AL032020
CAND-1182,S4,AL032020:WCSC-0WDG,sweeps/S4/S4-AL032020-WCSC-0WDG/objects/07fb62a58c8e1a2ab44ae7b3efb7201e4ca5836ff358d22e504bc78be9ebbdb1,,AL032020
CAND-1183,S4,AL032020:WCSC-0WDJ,sweeps/S4/S4-AL032020-WCSC-0WDJ/objects/157a92a44e7b430138139cc246e9cf5e428c1e96ff932e49ea29e8b93ffaa6ce,,AL032020
CAND-1184,S4,AL032020:WCSC-0WF6,sweeps/S4/S4-AL032020-WCSC-0WF6/objects/1d770db60ab91553306b0be678cb7c3c33e4dd187443114953d164c723c2c023,,AL032020
CAND-1185,S4,AL032020:WCSC-0WFP,sweeps/S4/S4-AL032020-WCSC-0WFP/objects/cfae91f90d412bbf001e3ad223ae8fa679806acf253abb49205ec06ea8da3562,,AL032020
CAND-1186,S4,AL032020:WCSC-0WFQ,sweeps/S4/S4-AL032020-WCSC-0WFQ/objects/62ab596a98b02cb7d41ac9e92de7df3923850d26a9a1b0bf3edf720993516325,,AL032020
CAND-1187,S4,AL032020:WCSC-0WFR,sweeps/S4/S4-AL032020-WCSC-0WFR/objects/053fd88c373ac2e6755d2aaf3324823cf4be140284eb95e89256377e97560085,,AL032020
CAND-1188,S4,AL032020:WCSC-0WFS,sweeps/S4/S4-AL032020-WCSC-0WFS/objects/d4eb7f9f52c53d334e1660f0e4e7654436be3e525be02b228e8d9a5b83f3d47c,,AL032020
CAND-1189,S4,AL032020:WCSC-0WGU,sweeps/S4/S4-AL032020-WCSC-0WGU/objects/27417743dd640949f4bb6b2cc24bdc78d8e7599281dd01c18de60cd1d5b2c40c,,AL032020
CAND-1190,S4,AL032020:WCSC-0WHD,sweeps/S4/S4-AL032020-WCSC-0WHD/objects/12429b10eddf47a6bb3f9f535334b0b21cda6ee7130290c3263dee5671aa750f,,AL032020
CAND-1191,S4,AL032020:WCSC-0WHF,sweeps/S4/S4-AL032020-WCSC-0WHF/objects/6873855387069c905ce4cc965335f237a36575c1bd1c93df97b4892ed4044c2c,,AL032020
CAND-1192,S4,AL032020:WCSC-0WHG,sweeps/S4/S4-AL032020-WCSC-0WHG/objects/917856a3aced3956725f0eaf495049df6bad6bcac63bc7d053fbee48d3b583ca,,AL032020
CAND-1193,S4,AL032020:WCSC-0WHH,sweeps/S4/S4-AL032020-WCSC-0WHH/objects/3f59cd421644677dfd249dce769fc036d09f1453f8d0cef29c0e5a6702bca106,,AL032020
CAND-1194,S4,AL032020:WCSC-0WJ2,sweeps/S4/S4-AL032020-WCSC-0WJ2/objects/f1b5be9218578be1c5f145b925d0bed2f2f31c507dfbcd3363a4284d16bdaa81,,AL032020
CAND-1195,S4,AL032020:WCSC-0WK0,sweeps/S4/S4-AL032020-WCSC-0WK0/objects/5a2c0d1c19e64b7099e334db63c60d987d4a64d7a062b9f257727ee22047f740,,AL032020
CAND-1196,S4,AL032020:WCSC-0WK2,sweeps/S4/S4-AL032020-WCSC-0WK2/objects/af478e84b0dd52ef4223c6ed23a44071d21d5ef96f28c1b511370cb24a866c3e,,AL032020
CAND-1197,S4,AL032020:WCSC-0WKK,sweeps/S4/S4-AL032020-WCSC-0WKK/objects/5fe0bb1c8577343c620b2801ee5dc76cc45d253b4dcf52341f92b38cc9c237b2,,AL032020
CAND-1198,S4,AL032020:WCSC-0WKL,sweeps/S4/S4-AL032020-WCSC-0WKL/objects/f9c80b5f452a09d3fe76c7ec5c1ffe810b6b353d40691be6199b7c843b5a3e6b,,AL032020
CAND-1199,S4,AL032020:WCSC-0WKM,sweeps/S4/S4-AL032020-WCSC-0WKM/objects/b9941251d99b4f974751e549b66b1d0b6d68f867f7684de728443405a8fa032d,,AL032020
CAND-1200,S4,AL032020:WCSC-0WKN,sweeps/S4/S4-AL032020-WCSC-0WKN/objects/6acbd080d369c23a18e98ee59509d0e423836a96d4d0345df0cbe93cb1af157d,,AL032020
CAND-1201,S4,AL032020:WCSC-0WKP,sweeps/S4/S4-AL032020-WCSC-0WKP/objects/577c4acfa06594eb98a57d60708e1dc9d01a8346e7aab28e3afef034c351e8a1,,AL032020
CAND-1202,S4,AL032020:WCSC-0WMA,sweeps/S4/S4-AL032020-WCSC-0WMA/objects/07ca6f74633897e204b1b24bc84c7817619a975530e024ff7e6f3b10fee260ec,,AL032020
CAND-1203,S4,AL032020:WCSC-0WME,sweeps/S4/S4-AL032020-WCSC-0WME/objects/8513f1004b051f0181c2343bdc6dc87edaec7017e5a1ad0f596fd04b49f73efc,,AL032020
CAND-1204,S4,AL032020:WCSC-0WMU,sweeps/S4/S4-AL032020-WCSC-0WMU/objects/7666b8de095e5cdb094d41dc3e272b83439aed9a1a1748e65f5d4ddfc32d8cc2,,AL032020
CAND-1205,S4,AL032020:WCSC-0WNJ,sweeps/S4/S4-AL032020-WCSC-0WNJ/objects/5d9def147f95f92cfebd2842eed041f4fad9bf7f791295b3f0ba8a34a5efc541,,AL032020
CAND-1206,S4,AL032020:WCSC-0WNM,sweeps/S4/S4-AL032020-WCSC-0WNM/objects/7b2f65cab38a6bf449f7fbb385d26be38107759214f02052667e7dc5ed8c873e,,AL032020
CAND-1207,S4,AL032020:WCSC-0WNN,sweeps/S4/S4-AL032020-WCSC-0WNN/objects/a8536d4d2ffe5963bf6f954e62fd3816c4a8d4042a7fedf52ab4f74a011ef84a,,AL032020
CAND-1208,S4,AL032020:WCSC-0WNP,sweeps/S4/S4-AL032020-WCSC-0WNP/objects/ae0a311c3f7c523df05012e0bc1bca0b2cb333e1871a9bd1a0f4f7abd6b804c0,,AL032020
CAND-1209,S4,AL032020:WCSC-0WNQ,sweeps/S4/S4-AL032020-WCSC-0WNQ/objects/7404e3b95d0414e6a04e101a107e2da0aefc1e9c3114591e5270a07ab9751285,,AL032020
CAND-1210,S4,AL032020:WCSC-0WP1,sweeps/S4/S4-AL032020-WCSC-0WP1/objects/43c5045952f80389d96414f4d66497d7c1a0dc6e3965cd9d554d42abce4a97f8,,AL032020
CAND-1211,S4,AL032020:WCSC-0WP3,sweeps/S4/S4-AL032020-WCSC-0WP3/objects/30dad8092533c911feecf4e7b8114373904abde2d05f7e2b738981dd405cc41a,,AL032020
CAND-1212,S4,AL032020:WCSC-0WP6,sweeps/S4/S4-AL032020-WCSC-0WP6/objects/7d9885778df3b4a3e596f9a90d9f111b04cad479b179b7351bdf95135603bd9e,,AL032020
CAND-1213,S4,AL032020:WCSC-0WP7,sweeps/S4/S4-AL032020-WCSC-0WP7/objects/72f605e0410e904c518e1ba01e4eb6d65135eb5fdf48920bba984b410eca8591,,AL032020
CAND-1214,S4,AL032020:WCSC-0WP9,sweeps/S4/S4-AL032020-WCSC-0WP9/objects/39b76644ff1faa101064e733f71f91bc3261dde4f4bbe6d8de3790ce90e85c9a,,AL032020
CAND-1215,S4,AL032020:WCSC-0WPA,sweeps/S4/S4-AL032020-WCSC-0WPA/objects/ac2cb00c1bde5ae504487bfec9b1b1c6f658fd7baa12518a0f859135deac79da,,AL032020
CAND-1216,S4,AL032020:WCSC-0WPH,sweeps/S4/S4-AL032020-WCSC-0WPH/objects/874e41a91ac0d11e5645a9bd1effaea1a6fbf6cacb7184580667f35c71d2ed3e,,AL032020
CAND-1217,S4,AL032020:WCSC-0WPJ,sweeps/S4/S4-AL032020-WCSC-0WPJ/objects/a9bce077a5c338986f8fb4f1a94c8b8987e8b089816dd306ebe25157f7d99e67,,AL032020
CAND-1218,S4,AL032020:WCSC-0WPK,sweeps/S4/S4-AL032020-WCSC-0WPK/objects/b6b404f3e460fcf8e5306e015765c4069025cb4888d087e12d66fa94d6abe23f,,AL032020
CAND-1219,S4,AL032020:WCSC-0WPL,sweeps/S4/S4-AL032020-WCSC-0WPL/objects/d178769be9d9be1cfa4a0bd54cf91ce501cac8be1a9c6f9b7ebcfef28b31467e,,AL032020
CAND-1220,S4,AL032020:WCSC-0WPP,sweeps/S4/S4-AL032020-WCSC-0WPP/objects/e0339744f175441b8e966a75ebc7968eeaadc4e44efcbe87d785a72cdd1025e3,,AL032020
CAND-1221,S4,AL032020:WCSC-0WPQ,sweeps/S4/S4-AL032020-WCSC-0WPQ/objects/19c1ecbd7f653f92f12fc90b7beeb71b8e194a0871e4ceb70ee8f55f5380c191,,AL032020
CAND-1222,S4,AL032020:WCSC-0WPT,sweeps/S4/S4-AL032020-WCSC-0WPT/objects/c35ebc7645091e04bff5512b7956a39ea1d1bea95dffeb7564bf9dd8bb2e41de,,AL032020
CAND-1223,S4,AL032020:WCSC-0WPX,sweeps/S4/S4-AL032020-WCSC-0WPX/objects/0ab64dd1e144e1a12d72ebd3d90d7927d66625d09d092a1af76f1c42bf01090c,,AL032020
CAND-1224,S4,AL032020:WCSC-0WPY,sweeps/S4/S4-AL032020-WCSC-0WPY/objects/7799ccba2e43699f2e41aafe7969782d62e87caed73e03c225b98d62cc99db32,,AL032020
CAND-1225,S4,AL032020:WCSC-0WPZ,sweeps/S4/S4-AL032020-WCSC-0WPZ/objects/42d7ff65db4753d7d6d99fa900860556d1d9bd7fdb2e8cddee5233c593d2f6c8,,AL032020
CAND-1226,S4,AL032020:WCSC-0WQ0,sweeps/S4/S4-AL032020-WCSC-0WQ0/objects/8bb93a149dc254244d382294aac5e25e4d3a5f8bb0363bdddff7b7a2e491e618,,AL032020
CAND-1227,S4,AL032020:WCSC-0WQ1,sweeps/S4/S4-AL032020-WCSC-0WQ1/objects/3e7ce575e72d2c851f89a260970781f6bba2025428f7a608e3e7b0106a84ba3e,,AL032020
CAND-1228,S4,AL032020:WCSC-0WQ3,sweeps/S4/S4-AL032020-WCSC-0WQ3/objects/89521086f670bb549adb653c595237748857fc6b35f3ea2aebf58ccb19a7d2bd,,AL032020
CAND-1229,S4,AL032020:WCSC-0WQ4,sweeps/S4/S4-AL032020-WCSC-0WQ4/objects/89adcdfa181d427f328d23c41185ec137285328694996b728725bfd5c083e143,,AL032020
CAND-1230,S4,AL032020:WCSC-0WQ5,sweeps/S4/S4-AL032020-WCSC-0WQ5/objects/1de35c50a836e33d1df00ccfde6cd0e3de97c7ba0d5fd365cfe10df856c9f77d,,AL032020
CAND-1231,S4,AL032020:WCSC-0WQH,sweeps/S4/S4-AL032020-WCSC-0WQH/objects/978d575b6e435e9c3889dd3ab57ca922f7b913f7892add0f50d0536148133da1,,AL032020
CAND-1232,S4,AL032020:WCSC-0WQL,sweeps/S4/S4-AL032020-WCSC-0WQL/objects/395c1414db5b43575d5fa0ec6b9d0479bb15a201b969726b95daf4187993dfd9,,AL032020
CAND-1233,S4,AL032020:WCSC-0WQM,sweeps/S4/S4-AL032020-WCSC-0WQM/objects/9f7d7731e16fe235cc518e487d1bbf9fb17a4788e0f60e55f958ed13fd10a516,,AL032020
CAND-1234,S4,AL032020:WCSC-0WTQ,sweeps/S4/S4-AL032020-WCSC-0WTQ/objects/48fd0ae1d08b49711be5ff415a2706ca63b456e35b5970cfda989c19164d210e,,AL032020
CAND-1235,S4,AL032020:WCSC-0WTR,sweeps/S4/S4-AL032020-WCSC-0WTR/objects/f53ed23ba049ce0d4d84cc1fabfed56ffac011f83d664b03acc0f1688a9ae88a,,AL032020
CAND-1236,S4,AL032020:WCSC-0WTT,sweeps/S4/S4-AL032020-WCSC-0WTT/objects/ea7ca8c5a40bd012c8132b657f9eb3bb85ffbda1b639e62a11fedabf5f7d8349,,AL032020
CAND-1237,S4,AL032020:WCSC-0WUB,sweeps/S4/S4-AL032020-WCSC-0WUB/objects/d63e64f1a165fc4d538935ad080f7cddaf5fe55a7ad781048194e881874f8d2a,,AL032020
CAND-1238,S4,AL032020:WCSC-0WUC,sweeps/S4/S4-AL032020-WCSC-0WUC/objects/e4b8a90f34d1d0454c55d6aba6886cf899890daa037ec1003b90e79a88eacc21,,AL032020
CAND-1239,S4,AL032020:WCSC-0WUE,sweeps/S4/S4-AL032020-WCSC-0WUE/objects/1e8d7884c2b8a21a91ef6505df5b7c4345fdb2d35e3e78be4ed3f6ba74015ef1,,AL032020
CAND-1240,S4,AL032020:WCSC-0WUH,sweeps/S4/S4-AL032020-WCSC-0WUH/objects/4cfa2f4a5f948c78d17acb5512ce8001137262c6889af120df320b99d90aabd7,,AL032020
CAND-1241,S4,AL032020:WCSC-0WUN,sweeps/S4/S4-AL032020-WCSC-0WUN/objects/31d044319eecc01677a5fc574f839613d484d90263e3b5f827c138eb93a27be7,,AL032020
CAND-1242,S4,AL032020:WCSC-0WUP,sweeps/S4/S4-AL032020-WCSC-0WUP/objects/85055449a97bb6062798887f1c1be0cfdb6998b068e5e03d64aeefa36ebae650,,AL032020
CAND-1243,S4,AL032020:WCSC-0WUS,sweeps/S4/S4-AL032020-WCSC-0WUS/objects/626f3eab7320e3b10837966c4d72711eb6469ec9d4346793a5b55ec79c9ebe2e,,AL032020
CAND-1244,S4,AL032020:WCSC-0WUT,sweeps/S4/S4-AL032020-WCSC-0WUT/objects/2c4f3866a4b8b46be712a57316148a97b3d4457df219141c5f786d1b73451c7c,,AL032020
CAND-1245,S4,AL032020:WCSC-0WUU,sweeps/S4/S4-AL032020-WCSC-0WUU/objects/9570f8709d7c14eb7e85e30ceea5faca92619a9ec2925959d7bb2ae29cc7b939,,AL032020
CAND-1246,S4,AL032020:WCSC-0WVC,sweeps/S4/S4-AL032020-WCSC-0WVC/objects/7bca1b63e968d6e8b0e87410536de22c1ca6381de879cc495b931c1abfb98b77,,AL032020
CAND-1247,S4,AL032020:WCSC-0WVD,sweeps/S4/S4-AL032020-WCSC-0WVD/objects/4b94e503974b8e2b5a6ad1c52e2f2f2dde134de8b9abd230e07cc9ff498d1736,,AL032020
CAND-1248,S4,AL032020:WCSC-0WVQ,sweeps/S4/S4-AL032020-WCSC-0WVQ/objects/cd1bd145b50cc072cadccd98eb582d50e2200649642dd16a56274325b0c8c42e,,AL032020
CAND-1249,S4,AL032020:WCSC-0WVV,sweeps/S4/S4-AL032020-WCSC-0WVV/objects/4a0e27c5511e85bb843d3bca601da4f629b45d731f7420ed2dd9df720b4a0429,,AL032020
CAND-1250,S4,AL032020:WCSC-0WVW,sweeps/S4/S4-AL032020-WCSC-0WVW/objects/e06441ccaeaa41c5daa42ebc13af18bad0fe48e145dbddfef23f602c17c7e071,,AL032020
CAND-1251,S4,AL032020:WCSC-0WVX,sweeps/S4/S4-AL032020-WCSC-0WVX/objects/b5113acc71dc56927d42f1ef6744b114f6cada488f09b01d56f98ebd82e3dfc5,,AL032020
CAND-1252,S4,AL032020:WCSC-0WW0,sweeps/S4/S4-AL032020-WCSC-0WW0/objects/967768e764aa7e116fcc3da3ac3be204d2c70541fa4d71380be5d723957143c6,,AL032020
CAND-1253,S4,AL032020:WCSC-0WW2,sweeps/S4/S4-AL032020-WCSC-0WW2/objects/8eed2d0b47c84b6f939d22e4328991303295ed952828ffd00281446c3f051424,,AL032020
CAND-1254,S4,AL032020:WCSC-0WW5,sweeps/S4/S4-AL032020-WCSC-0WW5/objects/ad51f700edbf41556bc68c93033d3a5ee1ca9aea972053bc9917dc1b0187c74c,,AL032020
CAND-1255,S4,AL032020:WCSC-0WW6,sweeps/S4/S4-AL032020-WCSC-0WW6/objects/912be7edef321c9bf605127a9aa766fb213d88d7a40175d37d4117fe21bd8b19,,AL032020
CAND-1256,S4,AL032020:WCSC-0WWH,sweeps/S4/S4-AL032020-WCSC-0WWH/objects/2344578d1a7387a92b6607e442e12ff023eb2d10180428eaa7dad9852f3c9a8c,,AL032020
CAND-1257,S4,AL032020:WCSC-0WWK,sweeps/S4/S4-AL032020-WCSC-0WWK/objects/e8f9e0515a5f36aaa4b9f836b3fdd9e415f0aa263ab1787aa9c116992dc6ee55,,AL032020
CAND-1258,S4,AL032020:WCSC-0WWN,sweeps/S4/S4-AL032020-WCSC-0WWN/objects/32d665fdfbb48f3b7e432c8b06bbe517bd18e4ca7f5ccefa22395698e6c2d259,,AL032020
CAND-1259,S4,AL032020:WCSC-0WWT,sweeps/S4/S4-AL032020-WCSC-0WWT/objects/2b986054f045b6716035db903ec8305b01bee45f49f0df6992765975f5f75012,,AL032020
CAND-1260,S4,AL032020:WCSC-0WWV,sweeps/S4/S4-AL032020-WCSC-0WWV/objects/6135052a8683756d6c2bef5e99cd4187ec153d2b7032dda32b525d38ca1665df,,AL032020
CAND-1261,S4,AL032020:WCSC-0WWW,sweeps/S4/S4-AL032020-WCSC-0WWW/objects/710a24407f68ef4d110160acd3a8dd4a7679e85d59714d84086e5b60cd0737d8,,AL032020
CAND-1262,S4,AL032020:WCSC-0WWY,sweeps/S4/S4-AL032020-WCSC-0WWY/objects/681dc5c2425e969cdd32d22e8e1d130eda106cf04859b4ff9272ff790eb502d3,,AL032020
CAND-1263,S4,AL032020:WCSC-0WWZ,sweeps/S4/S4-AL032020-WCSC-0WWZ/objects/702daf0ccefb02d5d0a7c65063762ebfd41ddc5bda4b0c7de33d6ee6384c5af2,,AL032020
CAND-1264,S4,AL032020:WCSC-0WXF,sweeps/S4/S4-AL032020-WCSC-0WXF/objects/e753279c4b1cbf26f791944d92a9a586992ce384927e85ffce0f0e5c80a3ebca,,AL032020
CAND-1265,S4,AL032020:WCSC-0WXJ,sweeps/S4/S4-AL032020-WCSC-0WXJ/objects/36554d65fa4875ea594de7353ad91504e9323cdb5672d56abec540bfdfbbd974,,AL032020
CAND-1266,S4,AL032020:WCSC-0WXK,sweeps/S4/S4-AL032020-WCSC-0WXK/objects/886aa60196f595ef6c14fb987ec8cd629c51a898785521fdfe36bd6e745d30c1,,AL032020
CAND-1267,S4,AL032020:WCSC-0WXL,sweeps/S4/S4-AL032020-WCSC-0WXL/objects/e19b9c1595589d3cdbd1523fa9d1817571fc8b7d3b0b0c2f592c20cf193efcfd,,AL032020
CAND-1268,S4,AL032020:WCSC-0WXM,sweeps/S4/S4-AL032020-WCSC-0WXM/objects/1f5fc8ae33be45c21be95fd447f0778dcd2c612d82e6b1cdc8771d73c4746c18,,AL032020
CAND-1269,S4,AL032020:WCSC-0WXQ,sweeps/S4/S4-AL032020-WCSC-0WXQ/objects/c7f6d7d042d60d9e00dc564aa181259be4a65929c264a90bbb429147630ce8f3,,AL032020
CAND-1270,S4,AL032020:WCSC-0WXR,sweeps/S4/S4-AL032020-WCSC-0WXR/objects/88fd70e1759f1e3b420a105475319bbeaedfaa288424c915f4581da13b9d98a6,,AL032020
CAND-1271,S4,AL032020:WCSC-0WY2,sweeps/S4/S4-AL032020-WCSC-0WY2/objects/e94b6461c522bd89c53814cc89cafa2f694348b41d17638e5afc4d316f82ca2b,,AL032020
CAND-1272,S4,AL032020:WCSC-0WY5,sweeps/S4/S4-AL032020-WCSC-0WY5/objects/36a518391780ed8acb54ad4e9ac698c92c0958077bdbe37ad76aa360e5330f5b,,AL032020
CAND-1273,S4,AL032020:WCSC-0WY6,sweeps/S4/S4-AL032020-WCSC-0WY6/objects/b023ddd3e70055990902855d567885fd50d4cbf1f15529421ec5dc48eeb96e8c,,AL032020
CAND-1274,S4,AL032020:WCSC-0WYG,sweeps/S4/S4-AL032020-WCSC-0WYG/objects/df0675dc5bcd331a5d5a8c62777bc01064fcbe20435fe07b7a98252219a6b737,,AL032020
CAND-1275,S4,AL032020:WCSC-0WYH,sweeps/S4/S4-AL032020-WCSC-0WYH/objects/d9075dced46211a889795ad74abbeee5e8ca8135d1bf79ff8e58e9c7cc8ee6b8,,AL032020
CAND-1276,S4,AL032020:WCSC-0WYJ,sweeps/S4/S4-AL032020-WCSC-0WYJ/objects/1e45fd7612dc52c1851d709b7d568ec6a0817671b4170235fb9008f25a21a574,,AL032020
CAND-1277,S4,AL032020:WCSC-0WYK,sweeps/S4/S4-AL032020-WCSC-0WYK/objects/d0b098ea59b9b38f9e87a4bfc84f4f979c7fff529673f475ff246e34b1c544ac,,AL032020
CAND-1278,S4,AL032020:WCSC-0WYL,sweeps/S4/S4-AL032020-WCSC-0WYL/objects/433d8bcbe3178c1a6fb4f6a1ec9be9350dd81f4ccaa3959d1720b8fe8c07e56d,,AL032020
CAND-1279,S4,AL032020:WCSC-0WYR,sweeps/S4/S4-AL032020-WCSC-0WYR/objects/f6e39866a8501d1e399142a18cfb8bf50c82a8589b43403bb0086cfe50454024,,AL032020
CAND-1280,S4,AL032020:WCSC-0WYZ,sweeps/S4/S4-AL032020-WCSC-0WYZ/objects/a4ab224cf6ba474a6895a8a8e94fc407d1b129e8c25ad29681503a2f1745bbfe,,AL032020
CAND-1281,S4,AL032020:WCSC-0WZ0,sweeps/S4/S4-AL032020-WCSC-0WZ0/objects/12aaf02e47c2d7dd6a01a68faeff74ed7145098d3fa225d7ed35dbd94a91649c,,AL032020
CAND-1282,S4,AL032020:WCSC-0WZ2,sweeps/S4/S4-AL032020-WCSC-0WZ2/objects/6575586e714e92b0830bcf266ca1f2efb1c45f0ae6044d957ec15b5a767c3d8c,,AL032020
CAND-1283,S4,AL032020:WCSC-0WZ7,sweeps/S4/S4-AL032020-WCSC-0WZ7/objects/7d400335d63b2e0cfbb0908616ed73df829243b8979dad22f772b70a434481b6,,AL032020
CAND-1284,S4,AL032020:WCSC-0WZB,sweeps/S4/S4-AL032020-WCSC-0WZB/objects/a2cf5ef6b3762736ed0e46f2a6b496657484c8a52389cf0ef641880b6dc24aff,,AL032020
CAND-1285,S4,AL032020:WCSC-0WZF,sweeps/S4/S4-AL032020-WCSC-0WZF/objects/f13a619f857bf3e7e8265e9a99894f2fac81a73fd418a0c7c7c8e9c0c530bc9d,,AL032020
CAND-1286,S4,AL032020:WCSC-0WZJ,sweeps/S4/S4-AL032020-WCSC-0WZJ/objects/d035bf521d96fcd2de2b198a058e9d9e3ccc6617ac90b1e47d3b53067a8714ca,,AL032020
CAND-1287,S4,AL032020:WCSC-0WZT,sweeps/S4/S4-AL032020-WCSC-0WZT/objects/7f7101f3e0b67919249f89a0abfa08f7f13b21d3a1b113b56fc9b69fdf2959e0,,AL032020
CAND-1288,S4,AL032020:WCSC-0WZV,sweeps/S4/S4-AL032020-WCSC-0WZV/objects/cc063e4b38e3001941b0887f1a1525be67c283638b2306afe250689491655b4e,,AL032020
CAND-1289,S4,AL032020:WCSC-0WZX,sweeps/S4/S4-AL032020-WCSC-0WZX/objects/0d1bd203ea027b42a033015135da670d2d606b8c6ada9f57f0d442501c998482,,AL032020
CAND-1290,S4,AL032020:WCSC-0X00,sweeps/S4/S4-AL032020-WCSC-0X00/objects/4f24ace99e56926e9d2c8bcb8357fe93ecb6767729de459a07e378d039e539b9,,AL032020
CAND-1291,S4,AL032020:WCSC-0X01,sweeps/S4/S4-AL032020-WCSC-0X01/objects/fd11745bdf24d072709b02634d216794d87b08c84e64fd20ee215e4622675b7b,,AL032020
CAND-1292,S4,AL032020:WCSC-0X0B,sweeps/S4/S4-AL032020-WCSC-0X0B/objects/cd116e2c8a57555850ae0a5bbaf60137391d49d23dd20706160538f4965789d8,,AL032020
CAND-1293,S4,AL032020:WCSC-0X0F,sweeps/S4/S4-AL032020-WCSC-0X0F/objects/59ea70283290282b4bbbc2589b971b6a33e9c34a29b5810158f7646ade297e25,,AL032020
CAND-1294,S4,AL032020:WCSC-0X0G,sweeps/S4/S4-AL032020-WCSC-0X0G/objects/35a6b4f76cb8649f6d414478cdf05579f7d098290ca6f62776a47098b9ffbf14,,AL032020
CAND-1295,S4,AL032020:WCSC-0X0H,sweeps/S4/S4-AL032020-WCSC-0X0H/objects/a2e0ce703cf1fa6f42e1c282c6d61f37f0fa3ba969a4614c44e40c133c03be95,,AL032020
CAND-1296,S4,AL032020:WCSC-0X0S,sweeps/S4/S4-AL032020-WCSC-0X0S/objects/b5f18d6f03a7e563c9a3675af430bbadfb1304ec5e91e1b3db2dc320d2305c53,,AL032020
CAND-1297,S4,AL032020:WCSC-0X18,sweeps/S4/S4-AL032020-WCSC-0X18/objects/afa4b31245b6bb77b233fdaf7822b9232c11fd8a76dbcbf3ce41e18d23920e91,,AL032020
CAND-1298,S4,AL032020:WCSC-0X1B,sweeps/S4/S4-AL032020-WCSC-0X1B/objects/5fba8c49a85caa17525750bede73e499fa98bd93ffee53fa2d5a820b529548c5,,AL032020
CAND-1299,S4,AL032020:WCSC-0X1U,sweeps/S4/S4-AL032020-WCSC-0X1U/objects/e66d7d2814457cfa8f67e04814ee1d08af94dcfb2ae50c03c41e65ddb0297ee3,,AL032020
CAND-1300,S4,AL032020:WCSC-0X1W,sweeps/S4/S4-AL032020-WCSC-0X1W/objects/bcaaa7e21ad9d6cc6e0a4e446a5eff8f71a99f37524bcedc76e92817d5fe6f62,,AL032020
CAND-1301,S4,AL032020:WCSC-0X1X,sweeps/S4/S4-AL032020-WCSC-0X1X/objects/9926a6c72107a03dc9a89869e8657cc9d5181d5c5f761d7ad2feda0e8e4e3c36,,AL032020
CAND-1302,S4,AL032020:WCSC-0X1Y,sweeps/S4/S4-AL032020-WCSC-0X1Y/objects/ae8f037900839e2f09645f776c7d80d461adc768c118da5040d1f373b411e539,,AL032020
CAND-1303,S4,AL032020:WCSC-0X1Z,sweeps/S4/S4-AL032020-WCSC-0X1Z/objects/e610720c13cda9843eb4f9737bde98c78b9867fb1022dc5be2c99a064f453fbc,,AL032020
CAND-1304,S4,AL032020:WCSC-0X20,sweeps/S4/S4-AL032020-WCSC-0X20/objects/4b0b38bde296a17d055d66f24d751a4e81f51c0c371f664185ff91b34a071aec,,AL032020
CAND-1305,S4,AL032020:WCSC-0X24,sweeps/S4/S4-AL032020-WCSC-0X24/objects/08c83d6420bb088effa029b37c72b2800738d29b6c7da3659b46ddc8aec9c82f,,AL032020
CAND-1306,S4,AL032020:WCSC-0X27,sweeps/S4/S4-AL032020-WCSC-0X27/objects/e2cd0defb20066cae6ef79475d008e308d8ef63b7ff24f2545624c2957c16b57,,AL032020
CAND-1307,S4,AL032020:WCSC-0X29,sweeps/S4/S4-AL032020-WCSC-0X29/objects/def760c0ea24d42268b2bad77f1d44a92043b44b50635e13ccc7be2c8f7cafe5,,AL032020
CAND-1308,S4,AL032020:WCSC-0X2K,sweeps/S4/S4-AL032020-WCSC-0X2K/objects/e7f1b257a5e73775c3cc1fb90311cd38af81ee1273c4873f734fd1798fd32486,,AL032020
CAND-1309,S4,AL032020:WCSC-0X2L,sweeps/S4/S4-AL032020-WCSC-0X2L/objects/3239a4e143b6ebed2b1f2b031df4699c849c0904423a311fdbd76c155a0596ad,,AL032020
CAND-1310,S4,AL032020:WCSC-0X2M,sweeps/S4/S4-AL032020-WCSC-0X2M/objects/de4868e476b26487fbd82a8e789538db7a0a72dccc342bab6ebd4bbf295a5a8a,,AL032020
CAND-1311,S4,AL032020:WCSC-0X2Q,sweeps/S4/S4-AL032020-WCSC-0X2Q/objects/b789c491305085efe0a84183ba0791e0d7c095734cb4ad28cd02d9abf69e05a8,,AL032020
CAND-1312,S4,AL032020:WCSC-0X2R,sweeps/S4/S4-AL032020-WCSC-0X2R/objects/84905fffebe31b22b83586cb5d8a763b7c666f9c16c2fcc9ea383a03513a8d4c,,AL032020
CAND-1313,S4,AL032020:WCSC-0X2U,sweeps/S4/S4-AL032020-WCSC-0X2U/objects/edb3cb2505b9dabed4b65865d3c03aef1a70c672405fe4677391d507e965947f,,AL032020
CAND-1314,S4,AL032020:WCSC-0X32,sweeps/S4/S4-AL032020-WCSC-0X32/objects/ad1709d5ba7bd25b12858766ae41ded0983838c006736bd297734cd3931d127a,,AL032020
CAND-1315,S4,AL032020:WCSC-0X58,sweeps/S4/S4-AL032020-WCSC-0X58/objects/66c265de1071af5c5e173f384b50e03cba7edc13cdeb054ce6a3cb71e40ca969,,AL032020
CAND-1316,S4,AL032020:WCSC-0X59,sweeps/S4/S4-AL032020-WCSC-0X59/objects/cc0865fb119c90a546d8442fe9a5676d57e4a66270017ccfa95cc62c82d44c3e,,AL032020
CAND-1317,S4,AL032020:WCSC-0X5U,sweeps/S4/S4-AL032020-WCSC-0X5U/objects/5ea57b80b54dc3c305b461509edfcd393cdb0725050f2803a651286b876b0d62,,AL032020
CAND-1318,S4,AL032020:WCSC-0X62,sweeps/S4/S4-AL032020-WCSC-0X62/objects/ee117f4f4ccfd161e4f16f45c6df1a630f51ddf77d35257a78f955447d97820d,,AL032020
CAND-1319,S4,AL032020:WCSC-0X64,sweeps/S4/S4-AL032020-WCSC-0X64/objects/1419887d4adb0d62a560652c6fd9549e7eb313f92b1bb0e31c12c207eab89ec1,,AL032020
CAND-1320,S4,AL032020:WCSC-0X6B,sweeps/S4/S4-AL032020-WCSC-0X6B/objects/e28397700d722599d3e110b3b220ac7e23f75f60a654b05186638a2df0872d67,,AL032020
CAND-1321,S4,AL032020:WCSC-0X6C,sweeps/S4/S4-AL032020-WCSC-0X6C/objects/f8a71dda73d48bbe3dbef8cfabbba8bd69313c0c005d138518cdf4d496ea0b76,,AL032020
CAND-1322,S4,AL032020:WCSC-0X6D,sweeps/S4/S4-AL032020-WCSC-0X6D/objects/cc8745d058438788569f97fba95de2349a56ab52ec02b0d9343f2307d47ef026,,AL032020
CAND-1323,S4,AL032020:WCSC-0X6E,sweeps/S4/S4-AL032020-WCSC-0X6E/objects/fc55a52fa6c345c888fb00ad55435add3b046ee192b7e522ca1002d2e55da255,,AL032020
CAND-1324,S4,AL032020:WCSC-0X6G,sweeps/S4/S4-AL032020-WCSC-0X6G/objects/d9e941ace05a339d694a6702ea6e493d08165d560f23a9a2695232cbd2bb54b2,,AL032020
CAND-1325,S4,AL032020:WCSC-0X6H,sweeps/S4/S4-AL032020-WCSC-0X6H/objects/fa5f2423c4ebf517088004c679ca50cd15de592401d45a71e8fd6005dfdeb655,,AL032020
CAND-1326,S4,AL032020:WCSC-0X6J,sweeps/S4/S4-AL032020-WCSC-0X6J/objects/379e193edae207559463115d8d7f23fa4f6f2e7af95a7f0791cacff04b0fbee9,,AL032020
CAND-1327,S4,AL032020:WCSC-0X6K,sweeps/S4/S4-AL032020-WCSC-0X6K/objects/b7e983095102809deb5d56539fa8e7214c235ecea04c0ddf99f400e79b3a96e6,,AL032020
CAND-1328,S4,AL032020:WCSC-0X6L,sweeps/S4/S4-AL032020-WCSC-0X6L/objects/9e5e4b0ade256d68968cc298816e0f811ae1836d3912762fad8e9ff0b3be48e8,,AL032020
CAND-1329,S4,AL032020:WCSC-0X6V,sweeps/S4/S4-AL032020-WCSC-0X6V/objects/ff9fc609a086c630296c962c6ae29ab33c0223fabcdc8ee0ce1bdd861671d174,,AL032020
CAND-1330,S4,AL032020:WCSC-0X7G,sweeps/S4/S4-AL032020-WCSC-0X7G/objects/446567fc6d77575c1a565873f27a9ee2f975e941919fd56fcf5a68a8da2db77a,,AL032020
CAND-1331,S4,AL032020:WCSC-0X7L,sweeps/S4/S4-AL032020-WCSC-0X7L/objects/24921ddccc53592976652090ce0ec34d7a8c87a8d0c8a4d1ccf9e6a80c643d96,,AL032020
CAND-1332,S4,AL032020:WCSC-0X7M,sweeps/S4/S4-AL032020-WCSC-0X7M/objects/69c249105f7fcc22cd96c2731f960b1b9ac5f1436734a49a1e98dc65d444e26a,,AL032020
CAND-1333,S4,AL032020:WCSC-0X7N,sweeps/S4/S4-AL032020-WCSC-0X7N/objects/79db1a343840a803ad5805fe90605cf17ee24ae6c0ae05cfd8215fc8ca1ca06f,,AL032020
CAND-1334,S4,AL032020:WCSC-0X7S,sweeps/S4/S4-AL032020-WCSC-0X7S/objects/ef07d797b92e87a372234c0c20dd3ab19171ec353b0e1a8ad8eb3fa8a96f97a0,,AL032020
CAND-1335,S4,AL032020:WCSC-0X7T,sweeps/S4/S4-AL032020-WCSC-0X7T/objects/f2b79c7a8bdc76a40f8465e8e9a986f43e62503258001cad437ad31e8b484040,,AL032020
CAND-1336,S4,AL032020:WCSC-0X84,sweeps/S4/S4-AL032020-WCSC-0X84/objects/1d4166d49a749c5d0af83e755d90ae8f9ca5fac61397a6f139c4b7bb93b4cf95,,AL032020
CAND-1337,S4,AL032020:WCSC-0X8B,sweeps/S4/S4-AL032020-WCSC-0X8B/objects/9a0e6902ceb801bf77f8b25a3ef29afce7fe2d4a100b9e408856809d1a597950,,AL032020
CAND-1338,S4,AL032020:WCSC-0X8T,sweeps/S4/S4-AL032020-WCSC-0X8T/objects/714ad9b51f5adb07b9c59940dcca625aa00691af39d11ff6773bda99ce03afff,,AL032020
CAND-1339,S4,AL032020:WCSC-0XA1,sweeps/S4/S4-AL032020-WCSC-0XA1/objects/8ba991f3b951ef688d1276a80ecc1bdb0074bf481b98ebfe007135ce1ddeb0b4,,AL032020
CAND-1340,S4,AL032020:WCSC-0XAD,sweeps/S4/S4-AL032020-WCSC-0XAD/objects/62b598f7f0250ac89b47c4744b16e2dffb8eeb5889933a7c19fe9fbf66eac5fc,,AL032020
CAND-1341,S4,AL032020:WCSC-0XAE,sweeps/S4/S4-AL032020-WCSC-0XAE/objects/28295b0073ef6761207d087115488dbcabfd1152f7281008f7d01a102334f8ac,,AL032020
CAND-1342,S4,AL032020:WCSC-0XAF,sweeps/S4/S4-AL032020-WCSC-0XAF/objects/678cb336fa16d7e865e0e8735119416a71b2220ddfd993e7de446c663e7b96c0,,AL032020
CAND-1343,S4,AL032020:WCSC-0XAH,sweeps/S4/S4-AL032020-WCSC-0XAH/objects/66aba25a74f76c46cf61bac068b1eb796d4af8db73b043d945e69bab151e991b,,AL032020
CAND-1344,S4,AL032020:WCSC-0XAJ,sweeps/S4/S4-AL032020-WCSC-0XAJ/objects/8cdce179c262a85671db4dac9dcf9f31172bc442b456fc3327c85e20b76c087a,,AL032020
CAND-1345,S4,AL032020:WCSC-0XAU,sweeps/S4/S4-AL032020-WCSC-0XAU/objects/a0bc34a15895c282b0ce3e6645df1275971f11757d86bd69f00e702ba997d4e1,,AL032020
CAND-1346,S4,AL032020:WCSC-0XAX,sweeps/S4/S4-AL032020-WCSC-0XAX/objects/4bad727dac36f020eca6325ac5a3f3236229ca7341c1262fd3d5002685ff9409,,AL032020
CAND-1347,S4,AL032020:WCSC-0XAY,sweeps/S4/S4-AL032020-WCSC-0XAY/objects/65a1a39ce32f042aebf020ccd42319efe1fb546b6fa712c7a183d498507e927c,,AL032020
CAND-1348,S4,AL032020:WCSC-0XAZ,sweeps/S4/S4-AL032020-WCSC-0XAZ/objects/89697c5e20bf4d7b5781bb33294edb39074dfbfcf6a0f870231520059158f58b,,AL032020
CAND-1349,S4,AL032020:WCSC-0Y5W,sweeps/S4/S4-AL032020-WCSC-0Y5W/objects/5c35f790e0c1e15b1f6325b2faa434a9f64f184a82d3ee9fcc13af5b0f69fc0a,,AL032020
CAND-1350,S4,AL032020:WCSC-0Y5X,sweeps/S4/S4-AL032020-WCSC-0Y5X/objects/ebbda599bebe77e496551da0a14df2d9f058e093f8d658b522c01a8bcddeb998,,AL032020
CAND-1351,S4,AL032020:WCSC-0Y5Y,sweeps/S4/S4-AL032020-WCSC-0Y5Y/objects/7249a3e88fea3a053853efabc4a19aa1468000d51365ec07c9fb5a1ed6d2f6d0,,AL032020
CAND-1352,S4,AL032020:WCSC-0Y6S,sweeps/S4/S4-AL032020-WCSC-0Y6S/objects/820bdc3da1b884b33dd4d9d3295387b3bc9737d5644fbe507b9b8197af2079f4,,AL032020
CAND-1353,S4,AL032020:WCSC-0YAD,sweeps/S4/S4-AL032020-WCSC-0YAD/objects/96838df1d875e76325445287f6b20f83d0e4bdf39067156970e2c7de389230b7,,AL032020
CAND-1354,S4,AL032020:WCSC-0YCL,sweeps/S4/S4-AL032020-WCSC-0YCL/objects/7e5a608dd7382c7b3475eb65f74289c139ee7d9f0f7e9aea464e2a213013ee2a,,AL032020
CAND-1355,S4,AL032020:WCSC-0YCU,sweeps/S4/S4-AL032020-WCSC-0YCU/objects/60458cebf4348e6397394d34174d1d7390ed80272511d5f84252363c6afe960a,,AL032020
CAND-1356,S4,AL032020:WCSC-0YF8,sweeps/S4/S4-AL032020-WCSC-0YF8/objects/44eeb9216c36ad442081e1868e3ea901f62f4b84ffddab04447cc11321ec1d01,,AL032020
CAND-1357,S4,AL032020:WCSC-0YFD,sweeps/S4/S4-AL032020-WCSC-0YFD/objects/5d130d8a1d0ca17dad655aae087b5bb76c0a0dcb1466d3d68e7ebefa0de408fb,,AL032020
CAND-1358,S4,AL032020:WCSC-0YPD,sweeps/S4/S4-AL032020-WCSC-0YPD/objects/ebf6c36228d51f19fff70833d83ac5ff45519f48c7dffe89dee87ed033f692d3,,AL032020
CAND-1359,S4,AL032020:WCSC-0YSK,sweeps/S4/S4-AL032020-WCSC-0YSK/objects/5da11997cff13611696bfa827a24a14d492aa0490d7535f393726aae3356f5e7,,AL032020
CAND-1360,S4,AL032020:WCSC-0YSP,sweeps/S4/S4-AL032020-WCSC-0YSP/objects/eb3c45e4a7d254ef0728d07a521380c09b6b1eebbd5de5033f8a8864804f4b34,,AL032020
CAND-1361,S4,AL032020:WCSC-0YST,sweeps/S4/S4-AL032020-WCSC-0YST/objects/7321c6d12d4705c40d003006b4d1064b22ca0ce7ddd7e70e9bfba7e0cea49127,,AL032020
CAND-1362,S4,AL032020:WCSC-0YSW,sweeps/S4/S4-AL032020-WCSC-0YSW/objects/baf043d21fc149f8b8080a781fc108eb435fe845112e131044f2a7caef7a9fef,,AL032020
CAND-1363,S4,AL032020:WCSC-0YTG,sweeps/S4/S4-AL032020-WCSC-0YTG/objects/496bfbd4bbca74aac5f8d736445868e021aee2ddb40e7880e19a9fd34546a0d1,,AL032020
CAND-1364,S4,AL032020:WCSC-0YTH,sweeps/S4/S4-AL032020-WCSC-0YTH/objects/fa2eee34c8a1b6bf7acceeadfcb1d22f13eff4091723d68da30fbece65a0f94e,,AL032020
CAND-1365,S4,AL032020:WCSC-0Z55,sweeps/S4/S4-AL032020-WCSC-0Z55/objects/078f323f026285b31016ce4323ac21269d40171c8207bb5f97f4f049bff1333c,,AL032020
CAND-1366,S4,AL032020:WCSC-0Z9R,sweeps/S4/S4-AL032020-WCSC-0Z9R/objects/f0f6687bcbfdffb2186a73d0dfe7a2b28b3653218f29904e53cd2fdfd24d398f,,AL032020
CAND-1367,S4,AL032020:WCSC-0ZB5,sweeps/S4/S4-AL032020-WCSC-0ZB5/objects/dbcf6802cbfb408fd654787c144aa8b0aae588e81e4a52503360e21935561344,,AL032020
CAND-1368,S4,AL032020:WCSC-0ZE8,sweeps/S4/S4-AL032020-WCSC-0ZE8/objects/2705c085b3952429062001b2b1ef4380eef53e12bd35ade42a81ae4c70e09a19,,AL032020
CAND-1369,S4,AL032020:WCSC-0ZE9,sweeps/S4/S4-AL032020-WCSC-0ZE9/objects/8dad34fb64cd7ab7bdf600ab91ddf83e9ca05012d3be96a50a8112f6c3e7c5ba,,AL032020
CAND-1370,S4,AL032020:WCSC-0ZRU,sweeps/S4/S4-AL032020-WCSC-0ZRU/objects/d7418b0df91ddc4fb60b21ebca372394d6062968728a2275fcc4ad1125542bfb,,AL032020
CAND-1371,S4,AL032020:WCSC-0ZSB,sweeps/S4/S4-AL032020-WCSC-0ZSB/objects/1bb08ca18ccf82ddfcd046efd37f734bcb7325e03c65c3f44eabf9b57ce0a618,,AL032020
CAND-1372,S4,AL032020:WCSC-11ZY,sweeps/S4/S4-AL032020-WCSC-11ZY/objects/6398dede6a8fcea0af25338c104d9077ce3b0cc7a4cd8066a495cf714e1a657b,,AL032020
CAND-1373,S4,AL032020:WCSC-120Z,sweeps/S4/S4-AL032020-WCSC-120Z/objects/4d5438f3b81e08432a9fa1d3335adb0eb539d151689357e32565b3c9a5f8ab15,,AL032020
CAND-1374,S4,AL032020:WCSC-128Z,sweeps/S4/S4-AL032020-WCSC-128Z/objects/d4e50f46ce30929a2b820de3d91518f6b887ddad6a1f04fab35c8fdc90e9e056,,AL032020
CAND-1375,S4,AL032021:WCSC-0BDF,sweeps/S4/S4-AL032021-WCSC-0BDF/objects/f2b83a2530c3c782cfa3f06000f1412f36497872355bc0c2e0082b08b0eda7cc,,AL032021
CAND-1376,S4,AL032021:WCSC-0E4C,sweeps/S4/S4-AL032021-WCSC-0E4C/objects/caaf88d2957610ffe8b63be0f7b166fa4d0cf37e9f90335f87ae80addf76c343,,AL032021
CAND-1377,S4,AL032021:WCSC-0E4D,sweeps/S4/S4-AL032021-WCSC-0E4D/objects/4fc003d57f5aabc39122214830fc0d81097f425b88653e5bd9ad2332cbc19ff3,,AL032021
CAND-1378,S4,AL032021:WCSC-0E6N,sweeps/S4/S4-AL032021-WCSC-0E6N/objects/be9f3a40da97f727b9982608036d0e58533b5b5f255652f34a9a18d534eb6d2e,,AL032021
CAND-1379,S4,AL032021:WCSC-0EX5,sweeps/S4/S4-AL032021-WCSC-0EX5/objects/d065caf9c71e6c1c33051bc6825c6d7772b61963b0c6d7a60885e01f0bb5f1a8,,AL032021
CAND-1380,S4,AL032021:WCSC-0EZA,sweeps/S4/S4-AL032021-WCSC-0EZA/objects/facd36fe4a7bc9011d3469caabe3abad4956fb85a52da230274b8267b9ea7d26,,AL032021
CAND-1381,S4,AL032021:WCSC-0MWW,sweeps/S4/S4-AL032021-WCSC-0MWW/objects/c471ccdc821f2fc829a78f33336b80dd69db8cffa6c3cc82311a10ce1ae03b21,,AL032021
CAND-1382,S4,AL032021:WCSC-0N8K,sweeps/S4/S4-AL032021-WCSC-0N8K/objects/9d412fb62f989a1b038c2d41f229286509f860741096926b61d1ee5e3f07639f,,AL032021
CAND-1383,S4,AL032021:WCSC-0NE2,sweeps/S4/S4-AL032021-WCSC-0NE2/objects/0e0ebca9fff6898c4678e55546692571acff88727ab8034f5c1cb1b08d065190,,AL032021
CAND-1384,S4,AL032021:WCSC-0NE3,sweeps/S4/S4-AL032021-WCSC-0NE3/objects/4811b37529b018d845e93d9cf72bb9720502535b54c3a26fc3d47d863b349d9f,,AL032021
CAND-1385,S4,AL032021:WCSC-0NPA,sweeps/S4/S4-AL032021-WCSC-0NPA/objects/1ff1f5be603f0886925e700d231ab5fcae0fd948bc57aeda849b97299344ce30,,AL032021
CAND-1386,S4,AL032021:WCSC-0NPC,sweeps/S4/S4-AL032021-WCSC-0NPC/objects/1b139685f08db098e77ec1a4a70cea38913e1a3d10e8b1982a2590e05866103c,,AL032021
CAND-1387,S4,AL032021:WCSC-0PJ1,sweeps/S4/S4-AL032021-WCSC-0PJ1/objects/72f7740638bbf0695bd8477409551102e2145df1e6a4633848ce44c94373dcf3,,AL032021
CAND-1388,S4,AL032021:WCSC-0PNQ,sweeps/S4/S4-AL032021-WCSC-0PNQ/objects/b9f81b7969c8e990dcbbbab85a6587ad1902f4c940c64a8aba2c87e86a7f08aa,,AL032021
CAND-1389,S4,AL032021:WCSC-0Q0R,sweeps/S4/S4-AL032021-WCSC-0Q0R/objects/1509336c97f58135067498c9f67bf308516fb28e371421552ef935a2dafbe7b6,,AL032021
CAND-1390,S4,AL032021:WCSC-0Q0S,sweeps/S4/S4-AL032021-WCSC-0Q0S/objects/541b6c68f707b05d1a121fead598d33d9561a10d2d53ce82146eae924c17d2e9,,AL032021
CAND-1391,S4,AL032021:WCSC-0Q0X,sweeps/S4/S4-AL032021-WCSC-0Q0X/objects/dd5a2b26f4edf9de8b9499709c858394b603712878cec0715a74269c3e12d19d,,AL032021
CAND-1392,S4,AL032021:WCSC-0Q0Y,sweeps/S4/S4-AL032021-WCSC-0Q0Y/objects/8c832e51e0ce35f2f895a4b95a1675c5677f44e557fc1391e5aeddd18db15964,,AL032021
CAND-1393,S4,AL032021:WCSC-0Q0Z,sweeps/S4/S4-AL032021-WCSC-0Q0Z/objects/be02b105c3c3858a44fd26966a3d53a8da1e79e7707f2c1096e6ea0b12862a3e,,AL032021
CAND-1394,S4,AL032021:WCSC-0Q11,sweeps/S4/S4-AL032021-WCSC-0Q11/objects/9251172744533961c10ed8a21eff87972427dda8907afaf085f736d20f0f18a0,,AL032021
CAND-1395,S4,AL032021:WCSC-0Q13,sweeps/S4/S4-AL032021-WCSC-0Q13/objects/a4c4f392bb9715b61373f425e0e693b0d3e35dc5eef7018e94c8cbdce077d9e3,,AL032021
CAND-1396,S4,AL032021:WCSC-0Q15,sweeps/S4/S4-AL032021-WCSC-0Q15/objects/e3c2c88e689f1c3985b93992b36a83b58cde58518e2940ba641660e28d4a44d4,,AL032021
CAND-1397,S4,AL032021:WCSC-0Q1C,sweeps/S4/S4-AL032021-WCSC-0Q1C/objects/ea4eb7c42f31e01eaa8a5a3724655fbcc0739ee774746822fab882b51a1b027a,,AL032021
CAND-1398,S4,AL032021:WCSC-0Q1D,sweeps/S4/S4-AL032021-WCSC-0Q1D/objects/c732610cda16c7aa161453c7a5fc4d425b3972520e84bc15eee02e75aa255804,,AL032021
CAND-1399,S4,AL032021:WCSC-0Q1E,sweeps/S4/S4-AL032021-WCSC-0Q1E/objects/a81e6fdfc0de9cfe09a80cd7a3bee8875b7494136dad16bd768ea51b13b92421,,AL032021
CAND-1400,S4,AL032021:WCSC-0Q1F,sweeps/S4/S4-AL032021-WCSC-0Q1F/objects/75adb207ff4f3ddb33b74c101b3d053adca5babfb43401e2a09c4804edeaf04a,,AL032021
CAND-1401,S4,AL032021:WCSC-0Q1K,sweeps/S4/S4-AL032021-WCSC-0Q1K/objects/f3a144ffe8b4dd70ee1673a3f2f5176327f9b3af757395e7d4ed15ae03611d6f,,AL032021
CAND-1402,S4,AL032021:WCSC-0Q1M,sweeps/S4/S4-AL032021-WCSC-0Q1M/objects/2366f9eaa9a1e5175dc72e4c2b4a1f8382ebc02bd68095e296362b47babeddd5,,AL032021
CAND-1403,S4,AL032021:WCSC-0Q1N,sweeps/S4/S4-AL032021-WCSC-0Q1N/objects/8daf3348c6d478ede0c51222f9ac6eadf65b4b27c4b3a37b1955010089d69dea,,AL032021
CAND-1404,S4,AL032021:WCSC-0Q1P,sweeps/S4/S4-AL032021-WCSC-0Q1P/objects/ef965871f3e207a0deeab6e44432eb7543f6ed13631cb925da1ca7d1a170e309,,AL032021
CAND-1405,S4,AL032021:WCSC-0Q1R,sweeps/S4/S4-AL032021-WCSC-0Q1R/objects/a247bb946a1e0b4dbbc9df6a01543b52725bdc9d628599984295fdcdada38261,,AL032021
CAND-1406,S4,AL032021:WCSC-0Q1S,sweeps/S4/S4-AL032021-WCSC-0Q1S/objects/f0a25d6e2fa6c4b627bbb64b3ce235a5a655510f13bbbc99c7a907f11abd50c9,,AL032021
CAND-1407,S4,AL032021:WCSC-0Q1V,sweeps/S4/S4-AL032021-WCSC-0Q1V/objects/049eb500f14010cea9e32baca2109e7a8a7f246d0709dd920e7e278fb5845466,,AL032021
CAND-1408,S4,AL032021:WCSC-0Q1W,sweeps/S4/S4-AL032021-WCSC-0Q1W/objects/12684b12e7d64415494ccf838fa3f718bbe0f217f7b4c88bac38a124bd396cf6,,AL032021
CAND-1409,S4,AL032021:WCSC-0Q1Y,sweeps/S4/S4-AL032021-WCSC-0Q1Y/objects/888cec4fd0f98a647634802cb1b37e9abd277dc94fc897472c3e2b79d2ea656e,,AL032021
CAND-1410,S4,AL032021:WCSC-0Q1Z,sweeps/S4/S4-AL032021-WCSC-0Q1Z/objects/177ca5153dd1273bf550c36953cefd1db53f001f982b6adac3207cf5ef024e79,,AL032021
CAND-1411,S4,AL032021:WCSC-0Q20,sweeps/S4/S4-AL032021-WCSC-0Q20/objects/0340cfdc3c07cdc33058a3dafcf9448f2fdf026ebf60fdcc79e57e6cf98f4dc1,,AL032021
CAND-1412,S4,AL032021:WCSC-0Q26,sweeps/S4/S4-AL032021-WCSC-0Q26/objects/a588bc02c754434697fa16821a18ddc330c814bcfc9e3de9255aae5c4cbad7b4,,AL032021
CAND-1413,S4,AL032021:WCSC-0Q27,sweeps/S4/S4-AL032021-WCSC-0Q27/objects/d2a5d615dede8abeb79502e6b7a9c82530e233c2e172dbcb76629f80e7eb743f,,AL032021
CAND-1414,S4,AL032021:WCSC-0QAJ,sweeps/S4/S4-AL032021-WCSC-0QAJ/objects/a12e44ccb896dc0e0fddd77658a5b4fd7ad923e8272248c86f760334839ea1db,,AL032021
CAND-1415,S4,AL032021:WCSC-0QAK,sweeps/S4/S4-AL032021-WCSC-0QAK/objects/f2e7395c83d724953198b38d9695a828d5b804f42d6e88138fb4c337015a28e5,,AL032021
CAND-1416,S4,AL032021:WCSC-0QBU,sweeps/S4/S4-AL032021-WCSC-0QBU/objects/85c0dcfc592e105c2d598221ce41d4c10d2d4394fb818360eea5eefa3fc21f59,,AL032021
CAND-1417,S4,AL032021:WCSC-0QC2,sweeps/S4/S4-AL032021-WCSC-0QC2/objects/175e74f0dc1b0ea0207f8aa48b83acafdfa58504bc659384fdc44f33d08964c5,,AL032021
CAND-1418,S4,AL032021:WCSC-0QC3,sweeps/S4/S4-AL032021-WCSC-0QC3/objects/be288ae62c5aaacc174f1d04cdfddbf93ca0903dc2dbc171d7d301ab77b09a1e,,AL032021
CAND-1419,S4,AL032021:WCSC-0QGK,sweeps/S4/S4-AL032021-WCSC-0QGK/objects/11d9740042d074b27da1faf7021385fef66c7fbbc7feb4feb6a3296f78278123,,AL032021
CAND-1420,S4,AL032021:WCSC-0QLR,sweeps/S4/S4-AL032021-WCSC-0QLR/objects/e8b9a8c7a7b4a2c2d427b2e23631d94542ef85329f732512bfca307b29adfa0b,,AL032021
CAND-1421,S4,AL032021:WCSC-0QWQ,sweeps/S4/S4-AL032021-WCSC-0QWQ/objects/8ea65b622d7292d6e74bb56ff4c2282241fbd2060af0ca23261b473dae3da716,,AL032021
CAND-1422,S4,AL032021:WCSC-0QZX,sweeps/S4/S4-AL032021-WCSC-0QZX/objects/411055f8611e4790281374ab41e11319cce962b0db3d3097e317f3f2b2b5e43b,,AL032021
CAND-1423,S4,AL032021:WCSC-0R0Z,sweeps/S4/S4-AL032021-WCSC-0R0Z/objects/66f1eb5a4f2c499a002639aa0fb836df1caa065cfed540a96b98ec65e9af1e29,,AL032021
CAND-1424,S4,AL032021:WCSC-0RLM,sweeps/S4/S4-AL032021-WCSC-0RLM/objects/f1cc480945d5cb4fa0acf204947cc9d5d1eeef0e19c9ff57e016c1ba9746b946,,AL032021
CAND-1425,S4,AL032021:WCSC-0RLY,sweeps/S4/S4-AL032021-WCSC-0RLY/objects/8699bf0476671f63da732370366019ebd51eb97f772fe2cd69c14a4eb3b301f8,,AL032021
CAND-1426,S4,AL032021:WCSC-0RLZ,sweeps/S4/S4-AL032021-WCSC-0RLZ/objects/61ce46fafd9f191b4ec687bb98e942f41b5348ef73ef192a4387a9da32a55c1e,,AL032021
CAND-1427,S4,AL032021:WCSC-0RM3,sweeps/S4/S4-AL032021-WCSC-0RM3/objects/7900219bf55a46d59e53a1a9924d23bd8abab498c1cbc9438172262198300cc5,,AL032021
CAND-1428,S4,AL032021:WCSC-0RM7,sweeps/S4/S4-AL032021-WCSC-0RM7/objects/db34988106e2393a898857f79508f0ad7b9cfbca62dd6605a97b0ed8a634a73f,,AL032021
CAND-1429,S4,AL032021:WCSC-0RM9,sweeps/S4/S4-AL032021-WCSC-0RM9/objects/9a47764ba563e426f2ddc25167bc1333f3389bd4cc363932f34c6bc0ca88c667,,AL032021
CAND-1430,S4,AL032021:WCSC-0S97,sweeps/S4/S4-AL032021-WCSC-0S97/objects/e12b85e30d8fa37e2f801af14943b9cd309a02ab6d368018ff9218b45cd8b7ae,,AL032021
CAND-1431,S4,AL032021:WCSC-0S9Y,sweeps/S4/S4-AL032021-WCSC-0S9Y/objects/0cab9088433b434d93c7baa1959a68f4c3bc828c942f29826d6b81fe80014dec,,AL032021
CAND-1432,S4,AL032021:WCSC-0SEN,sweeps/S4/S4-AL032021-WCSC-0SEN/objects/1ee26f82f73add7457fcaf59da4ddbc1c85237523d3905354e4728a153efb4a7,,AL032021
CAND-1433,S4,AL032021:WCSC-0SEQ,sweeps/S4/S4-AL032021-WCSC-0SEQ/objects/e2518d6df2a652d58218f3850bf7409f731e8ce23af51e3432c444c60f32d5fa,,AL032021
CAND-1434,S4,AL032021:WCSC-0TLU,sweeps/S4/S4-AL032021-WCSC-0TLU/objects/b8cad51ed2877e7db3345ff054319d695d4e0f1d2643205221dc7bb3f6ece3e8,,AL032021
CAND-1435,S4,AL032021:WCSC-0TLV,sweeps/S4/S4-AL032021-WCSC-0TLV/objects/7bb73379e7f0e5bf5e459a5209b159e02eb74c240b895e11396837c77d141604,,AL032021
CAND-1436,S4,AL032021:WCSC-0TYL,sweeps/S4/S4-AL032021-WCSC-0TYL/objects/b036c26e12dd1de9080e3b8977dd5adbe86b8669f26e510b48d6c2c736f34a82,,AL032021
CAND-1437,S4,AL032021:WCSC-0U22,sweeps/S4/S4-AL032021-WCSC-0U22/objects/59433d34fee4d0b7ebe6c20565d698cb07bea8bafcf6bf47ec5c86628828cafe,,AL032021
CAND-1438,S4,AL032021:WCSC-0U2B,sweeps/S4/S4-AL032021-WCSC-0U2B/objects/da01d1ed5d0ad9299261ac6ec393b7f602233ae8087b98a5531c69b2f0743275,,AL032021
CAND-1439,S4,AL032021:WCSC-0WMA,sweeps/S4/S4-AL032021-WCSC-0WMA/objects/04893ecc64e1b3a5d0d97651d28d987619b32dc3f3b4fc670329a631972185a9,,AL032021
CAND-1440,S4,AL032021:WCSC-0WUH,sweeps/S4/S4-AL032021-WCSC-0WUH/objects/20d092faa6c8599b95cdf25234f605d28bcd36d21ed559ec9d8dcae46f4d8395,,AL032021
CAND-1441,S4,AL032021:WCSC-0WUS,sweeps/S4/S4-AL032021-WCSC-0WUS/objects/0a2c1b565c200f3db2ca0d937771f021a22245845a2102eb20a79e1a902711f3,,AL032021
CAND-1442,S4,AL032021:WCSC-0WUT,sweeps/S4/S4-AL032021-WCSC-0WUT/objects/01c571a606092731dff71176c59921c7595e37e0e4304c55b2e7dc8ff5e1b699,,AL032021
CAND-1443,S4,AL032021:WCSC-0WUU,sweeps/S4/S4-AL032021-WCSC-0WUU/objects/2244c13a0011e1f0882a68d348950a34d8eb75d9724c6840055b23602c74c76b,,AL032021
CAND-1444,S4,AL032021:WCSC-0WVQ,sweeps/S4/S4-AL032021-WCSC-0WVQ/objects/a2f501c2955dbd33de1251b69ae5bf9631d9de4dec0a5e195fc65ee0bc7abdda,,AL032021
CAND-1445,S4,AL032021:WCSC-0WVV,sweeps/S4/S4-AL032021-WCSC-0WVV/objects/3cf3df569990b4b93e7db41624cba479edb92a1039350dd8ecfd04c1614fc913,,AL032021
CAND-1446,S4,AL032021:WCSC-0WVW,sweeps/S4/S4-AL032021-WCSC-0WVW/objects/b2aaf5a11cce44be5f7573e8a047710a2eb73ca99fe33849b6e8344b0c0f5557,,AL032021
CAND-1447,S4,AL032021:WCSC-0WVX,sweeps/S4/S4-AL032021-WCSC-0WVX/objects/43185e748834263aae3ead1e59f36112e950f1649c8e4d4f4abf56cc06de7aa8,,AL032021
CAND-1448,S4,AL032021:WCSC-0WW0,sweeps/S4/S4-AL032021-WCSC-0WW0/objects/f1724f74898bab3e96596a5f6bd622e067763730807c9b0f3a2d52b946312a69,,AL032021
CAND-1449,S4,AL032021:WCSC-0WW2,sweeps/S4/S4-AL032021-WCSC-0WW2/objects/299adbad6562e84b662a761ea3d09c8f375eaffd1c6a68dd4f1730422c1dfb53,,AL032021
CAND-1450,S4,AL032021:WCSC-0WW5,sweeps/S4/S4-AL032021-WCSC-0WW5/objects/8cb987ae4c8bb2da293010f9bba631a0e378d0a4025b98121c1ee3d3492d8fd3,,AL032021
CAND-1451,S4,AL032021:WCSC-0WWT,sweeps/S4/S4-AL032021-WCSC-0WWT/objects/d299619345a611192641980176d737f9522b967aa68d5e46f26b3d4b8b012a0c,,AL032021
CAND-1452,S4,AL032021:WCSC-0WWV,sweeps/S4/S4-AL032021-WCSC-0WWV/objects/1936a68a34ec11b9157d89f9f6b8657362eff6809c8714e917a9576368bdeed5,,AL032021
CAND-1453,S4,AL032021:WCSC-0WWW,sweeps/S4/S4-AL032021-WCSC-0WWW/objects/af20144d411cfd667090e0c57e079fca1dca8741921b4960a45fb1c58427ecbd,,AL032021
CAND-1454,S4,AL032021:WCSC-0WXJ,sweeps/S4/S4-AL032021-WCSC-0WXJ/objects/ef4f7ecc77010fff06c141f72f45f7522deec0b57ea559c42c27726cdcc2cc58,,AL032021
CAND-1455,S4,AL032021:WCSC-0WXK,sweeps/S4/S4-AL032021-WCSC-0WXK/objects/b86726c9244ee00d84a44e874c44beef7d3a8ba7bc627c58fbd7df3a2f78eb7a,,AL032021
CAND-1456,S4,AL032021:WCSC-0WXL,sweeps/S4/S4-AL032021-WCSC-0WXL/objects/54e02b1778bb7ce1421f2d189432cc28baadb82bcfda7da779232320b5bc7549,,AL032021
CAND-1457,S4,AL032021:WCSC-0WXM,sweeps/S4/S4-AL032021-WCSC-0WXM/objects/9b62db3acb20f08f27d888e0d660b72519fe1c13c66ade90b1a47da69bb74413,,AL032021
CAND-1458,S4,AL032021:WCSC-0WXQ,sweeps/S4/S4-AL032021-WCSC-0WXQ/objects/7ad91d88c942f949804d52da70b5335362d5e8637f647977c3d9f60addc0ffaa,,AL032021
CAND-1459,S4,AL032021:WCSC-0WXR,sweeps/S4/S4-AL032021-WCSC-0WXR/objects/e2eb1b7f3fdf848267c7b539d2f646e4ad877c74f3b33fac70fab10073ef4646,,AL032021
CAND-1460,S4,AL032021:WCSC-0WY2,sweeps/S4/S4-AL032021-WCSC-0WY2/objects/ae017a82d6df20cc875953fa07aa4e220051165fcfc16dd6a89d404e36fae529,,AL032021
CAND-1461,S4,AL032021:WCSC-0WY5,sweeps/S4/S4-AL032021-WCSC-0WY5/objects/22e823a260feeb90d7e4d0fb9a963bbc0a7cd8c5c3ce316c30711489a07ae2d2,,AL032021
CAND-1462,S4,AL032021:WCSC-0WY6,sweeps/S4/S4-AL032021-WCSC-0WY6/objects/cb09c7eb86e113f2dd196031cb3eba99ed6e8784ef38eb126052fb9d8e50467c,,AL032021
CAND-1463,S4,AL032021:WCSC-0WYG,sweeps/S4/S4-AL032021-WCSC-0WYG/objects/e662183b769155718e06ff4daeee95ac8f8d59294ba6bd5da60369f1ed2a7700,,AL032021
CAND-1464,S4,AL032021:WCSC-0WYH,sweeps/S4/S4-AL032021-WCSC-0WYH/objects/0a49bd030bbab0da15b3c47ba80332d789cec5237e3e345005d65c77939e6c8e,,AL032021
CAND-1465,S4,AL032021:WCSC-0WYJ,sweeps/S4/S4-AL032021-WCSC-0WYJ/objects/c9a9f51f2674197e5c61c188bfae90054026d23dbd583c6d19e010e25bd7c5fb,,AL032021
CAND-1466,S4,AL032021:WCSC-0WYK,sweeps/S4/S4-AL032021-WCSC-0WYK/objects/238f728f066ec4b898983a9755477d6ba8c9891b04a0c20a8d42fb1c6291ce4b,,AL032021
CAND-1467,S4,AL032021:WCSC-0WYR,sweeps/S4/S4-AL032021-WCSC-0WYR/objects/05b60551427b02ce4cd06f7ac933d72359fae9f79997992c9ef0e44f9513fb6b,,AL032021
CAND-1468,S4,AL032021:WCSC-0WYZ,sweeps/S4/S4-AL032021-WCSC-0WYZ/objects/580699c12b4a2c1e4fe6d977cde114267cf2191c24dc920e66fa7a086f4bfc94,,AL032021
CAND-1469,S4,AL032021:WCSC-0WZ7,sweeps/S4/S4-AL032021-WCSC-0WZ7/objects/c7afdb9f51dc6466587b970522f41d03ecb873e3dfad8d27b5aec48e4a6434bd,,AL032021
CAND-1470,S4,AL032021:WCSC-0WZB,sweeps/S4/S4-AL032021-WCSC-0WZB/objects/d2ba133ad747b5aedb959c316d638b1c159c455a9cc0b88db153c7a0d1766e44,,AL032021
CAND-1471,S4,AL032021:WCSC-0WZT,sweeps/S4/S4-AL032021-WCSC-0WZT/objects/52e36a0ef9464b53f854ea2b9f81c2e44afa4d4b65ad4aff616e06c703af5c14,,AL032021
CAND-1472,S4,AL032021:WCSC-0WZV,sweeps/S4/S4-AL032021-WCSC-0WZV/objects/c86541a2ff002a8529230f6eee1a5321c28655a0c84cd47a5ce6ece39ac2f120,,AL032021
CAND-1473,S4,AL032021:WCSC-0X0B,sweeps/S4/S4-AL032021-WCSC-0X0B/objects/f1f7a2e8413981af5567176732718a15e928f291f416311c51fcf3debe79f959,,AL032021
CAND-1474,S4,AL032021:WCSC-0X0S,sweeps/S4/S4-AL032021-WCSC-0X0S/objects/763131b233c5cb438a6b144659497d4318b580bbacdfd61bc7f52f7d6d0352a4,,AL032021
CAND-1475,S4,AL032021:WCSC-0X18,sweeps/S4/S4-AL032021-WCSC-0X18/objects/e7855dec68074886636effe821bf11d1c8fad4f958f95372200754c2b1864312,,AL032021
CAND-1476,S4,AL032021:WCSC-0X20,sweeps/S4/S4-AL032021-WCSC-0X20/objects/fb6c8b5a7cf5b50122656eaee1719821b9bd28c0df7fc7774c3db0f7c12fe81d,,AL032021
CAND-1477,S4,AL032021:WCSC-0X24,sweeps/S4/S4-AL032021-WCSC-0X24/objects/8a0c7eada6effedd98f82aa5c7c17b8b8bcddae23354edcadad862a68387e11f,,AL032021
CAND-1478,S4,AL032021:WCSC-0X2K,sweeps/S4/S4-AL032021-WCSC-0X2K/objects/6f337ae3cb94b14f664b38dbc08b088a30953b936e5c16b53be7bc607e986b6f,,AL032021
CAND-1479,S4,AL032021:WCSC-0X2L,sweeps/S4/S4-AL032021-WCSC-0X2L/objects/97f8a446ab49915a965ff460bbda884caf3d972018eacadcb14cf363dba860ef,,AL032021
CAND-1480,S4,AL032021:WCSC-0X2M,sweeps/S4/S4-AL032021-WCSC-0X2M/objects/d5867c02b18bfe84f2bb90de43a80959ad4c7d75f9ebb5bed1b239d7b7d3c04c,,AL032021
CAND-1481,S4,AL032021:WCSC-0X32,sweeps/S4/S4-AL032021-WCSC-0X32/objects/8c1706fda718c504161dfd6f862bf85ca2eca556e9f943a1b114b8523b2c1ba0,,AL032021
CAND-1482,S4,AL032021:WCSC-0X5U,sweeps/S4/S4-AL032021-WCSC-0X5U/objects/e0b720d57a7ab69035d694f4e1c109c91b524b7838805b60dc66927566c57a13,,AL032021
CAND-1483,S4,AL032021:WCSC-0X62,sweeps/S4/S4-AL032021-WCSC-0X62/objects/13e1223027bbead2ee62e3adce2eeca16f8969177cfa0bcbca8741a7489d90d9,,AL032021
CAND-1484,S4,AL032021:WCSC-0X64,sweeps/S4/S4-AL032021-WCSC-0X64/objects/55821d5ac8d7462d48300041d295f383c12cdabb88ea7102a2245dccce2643bf,,AL032021
CAND-1485,S4,AL032021:WCSC-0X6G,sweeps/S4/S4-AL032021-WCSC-0X6G/objects/fe2023c253be081e9b25b34a3002df234e77abc961a31fa1ccb46c63baa60ea5,,AL032021
CAND-1486,S4,AL032021:WCSC-0X6H,sweeps/S4/S4-AL032021-WCSC-0X6H/objects/fef4e2982e40fd31143f532a550982c417e6b8ac142e2c31ca436c95e6e53cbb,,AL032021
CAND-1487,S4,AL032021:WCSC-0X6J,sweeps/S4/S4-AL032021-WCSC-0X6J/objects/9045654c1f37eb46b2ea52fb1390db85262d3d1b54db5b3574141e82a79ee7fd,,AL032021
CAND-1488,S4,AL032021:WCSC-0X6K,sweeps/S4/S4-AL032021-WCSC-0X6K/objects/137fa330cb2bb1e2799585f3e5a10636f3c39b9c9aa41e5cd5e53789bd343f5e,,AL032021
CAND-1489,S4,AL032021:WCSC-0X6L,sweeps/S4/S4-AL032021-WCSC-0X6L/objects/a5d1c42b8614df61680beeb47fdaf8ec70d2d312479756375ea42949034f8898,,AL032021
CAND-1490,S4,AL032021:WCSC-0X7G,sweeps/S4/S4-AL032021-WCSC-0X7G/objects/12e8fda295b46f528e1632742e57c8e9a9d2118318b8fdf9c6ef1d28f8274469,,AL032021
CAND-1491,S4,AL032021:WCSC-0X7L,sweeps/S4/S4-AL032021-WCSC-0X7L/objects/69565938ae60c9cf9554e7f3c6f2157f93cf8d6adab6f382f73b06ef480bd0c7,,AL032021
CAND-1492,S4,AL032021:WCSC-0X7M,sweeps/S4/S4-AL032021-WCSC-0X7M/objects/e1cd4fdb5fb58796910b7bf921e8fa203e76a6269beb5101ea8a56b821f3ad20,,AL032021
CAND-1493,S4,AL032021:WCSC-0X7N,sweeps/S4/S4-AL032021-WCSC-0X7N/objects/c8dcaba1055df10cf5ca2ace34759a9b16a22068814d98b125d61b9b75dade29,,AL032021
CAND-1494,S4,AL032021:WCSC-0X84,sweeps/S4/S4-AL032021-WCSC-0X84/objects/be769054c2e1b1cb879c09020a73256a4ca32b3d9dfffd131b970f71d474d4f2,,AL032021
CAND-1495,S4,AL032021:WCSC-0X8B,sweeps/S4/S4-AL032021-WCSC-0X8B/objects/e252b75a15e1483391f5d8d84d56a7c173e4e1c39bb096dcd49eabe4a20b5194,,AL032021
CAND-1496,S4,AL032021:WCSC-0X8T,sweeps/S4/S4-AL032021-WCSC-0X8T/objects/5809f820d4fc5598d463e6c5f4a3eadadbeb965d77e2c3b459970ecbe84ffd56,,AL032021
CAND-1497,S4,AL032021:WCSC-0YAD,sweeps/S4/S4-AL032021-WCSC-0YAD/objects/8adf3090d7453eba1ed402d877761af53a002d2616df8811070f540632ef3877,,AL032021
CAND-1498,S4,AL032021:WCSC-0YCU,sweeps/S4/S4-AL032021-WCSC-0YCU/objects/fa5dc1213443578485468baf993c8d2d33c7b39efba9635721f469b981964afd,,AL032021
CAND-1499,S4,AL032021:WCSC-0YF8,sweeps/S4/S4-AL032021-WCSC-0YF8/objects/4c388f4a5caef614b4d3b4abf2fec7cbc4acf574f537c4e6607235f6348cd94f,,AL032021
CAND-1500,S4,AL032021:WCSC-0YPD,sweeps/S4/S4-AL032021-WCSC-0YPD/objects/ebaec5a9010dc5b8d94916219b91a17a38a397cf9e30cf3097ae9200813daa5c,,AL032021
CAND-1501,S4,AL032021:WCSC-0YSK,sweeps/S4/S4-AL032021-WCSC-0YSK/objects/2fe36d6f1457fe1306f9aa380f1ca7ac41aa037f068b310d8964074a69f16ded,,AL032021
CAND-1502,S4,AL032021:WCSC-0YSP,sweeps/S4/S4-AL032021-WCSC-0YSP/objects/12b73999a7a469a0332a0a6c97cd02152fe8f96406ae7c4680e6af09336df0ee,,AL032021
CAND-1503,S4,AL032021:WCSC-0YST,sweeps/S4/S4-AL032021-WCSC-0YST/objects/3b9724a355ff351a55b9d8b112129f642a168041543f6b791abadb5ac8c0cc93,,AL032021
CAND-1504,S4,AL032021:WCSC-0Z9R,sweeps/S4/S4-AL032021-WCSC-0Z9R/objects/a4bc207ab43823086b9507d969a3ca2a0f27451059a554293f2ca502ef28f58c,,AL032021
CAND-1505,S4,AL042024:WCSC-0R7H,sweeps/S4/S4-AL042024-WCSC-0R7H/objects/df17939a7aa0cb64821272d312d4e42b37eb447686bc7b62aea6bbf5ac9c5e9d,,AL042024
CAND-1506,S4,AL042024:WCSC-0RCW,sweeps/S4/S4-AL042024-WCSC-0RCW/objects/0bf4d6f7b7c0b2e22c684ebbf0bee6c4b70d01e442f3e97c0b34bd9ae92f837c,,AL042024
CAND-1507,S4,AL042024:WCSC-0U9B,sweeps/S4/S4-AL042024-WCSC-0U9B/objects/92c60f966440be133e6243e6cc1281102f1d48d09022c948119c1ee537a7de10,,AL042024
CAND-1508,S4,AL042024:WCSC-0WAD,sweeps/S4/S4-AL042024-WCSC-0WAD/objects/873a8b19e3dcc4c8b1e9927748643d70630289c5f847f09195df4525d00cf33a,,AL042024
CAND-1509,S4,AL042024:WCSC-0WBR,sweeps/S4/S4-AL042024-WCSC-0WBR/objects/dde193a504d0e4afb46a3f3575d7c4b1ff45cce5f55360238e66c27ee4acf1e7,,AL042024
CAND-1510,S4,AL042024:WCSC-0WER,sweeps/S4/S4-AL042024-WCSC-0WER/objects/2fb76a70ef656bd06401edc8de1e1634935ef58fbfeb5d674cd9fa4a116ff945,,AL042024
CAND-1511,S4,AL042024:WCSC-0WF9,sweeps/S4/S4-AL042024-WCSC-0WF9/objects/e2c2257794a8d4ca28830249e91163d551eec58b0e2af27e01a349c0a2f961a1,,AL042024
CAND-1512,S4,AL042024:WCSC-0ZM6,sweeps/S4/S4-AL042024-WCSC-0ZM6/objects/b2f90412ec6cb753080d95776e222ebd0dea4f77155d83096333a50c810914eb,,AL042024
CAND-1513,S4,AL052010:WCSC-0BDF,sweeps/S4/S4-AL052010-WCSC-0BDF/objects/439c599ec21c3d30b98f92cb920795440cd038485208c0463d819fc5bfe4ba89,,AL052010
CAND-1514,S4,AL052010:WCSC-0DF2,sweeps/S4/S4-AL052010-WCSC-0DF2/objects/eff2b94eafce30a1b463c60840aa5dc96e5f2e10c8aca30ba9211212c68d0793,,AL052010
CAND-1515,S4,AL052010:WCSC-0DF5,sweeps/S4/S4-AL052010-WCSC-0DF5/objects/f11bb5df2881830acbd60db6e13ef4d2db231656473819c1f3755e88494bfdd1,,AL052010
CAND-1516,S4,AL052010:WCSC-0E4C,sweeps/S4/S4-AL052010-WCSC-0E4C/objects/fd0375bcfcd259611bb37e289b0278088836e21971106f15eff47b83cfcf8491,,AL052010
CAND-1517,S4,AL052010:WCSC-0E4D,sweeps/S4/S4-AL052010-WCSC-0E4D/objects/700e6bf73060938b1350642a656ff24db5cb4f1556022cbeace3a76134087ca3,,AL052010
CAND-1518,S4,AL052010:WCSC-0E6N,sweeps/S4/S4-AL052010-WCSC-0E6N/objects/653ee76cbaaa08e14ae2866f009a9e783339b69b59546ae7e76e5c2f14bc90a6,,AL052010
CAND-1519,S4,AL052010:WCSC-0EX5,sweeps/S4/S4-AL052010-WCSC-0EX5/objects/d200af7b9e89c1ac7e718705ede94a5e6dffcddb2de57db79fd9d0296e8d3074,,AL052010
CAND-1520,S4,AL052010:WCSC-0EZA,sweeps/S4/S4-AL052010-WCSC-0EZA/objects/5786128762bbc1151315deb25209237de9f24ebf83d3fc359640ebffa432633a,,AL052010
CAND-1521,S4,AL052010:WCSC-0MWW,sweeps/S4/S4-AL052010-WCSC-0MWW/objects/068972d54a1a7980587c8c9583226bb765df9ea2a217125cb46faf2fdfe79fe7,,AL052010
CAND-1522,S4,AL052010:WCSC-0N8K,sweeps/S4/S4-AL052010-WCSC-0N8K/objects/40c8e20d1cce1eda8193804787ce1d9e0fcde06805c7dd12e79d7dbf3cb296f4,,AL052010
CAND-1523,S4,AL052010:WCSC-0NE2,sweeps/S4/S4-AL052010-WCSC-0NE2/objects/6d3ff7b53d72be26085a0938d32e10f4c415c8a6b315ded4388ed8b38a3eb825,,AL052010
CAND-1524,S4,AL052010:WCSC-0NE3,sweeps/S4/S4-AL052010-WCSC-0NE3/objects/d5cd63007de119bd022d553239222cc1a3db7ff114dead660786093d9c1e1402,,AL052010
CAND-1525,S4,AL052010:WCSC-0NPA,sweeps/S4/S4-AL052010-WCSC-0NPA/objects/e00330e8adf6e0d0b681e59c5ede7a05b83a4d5d5daed18437ce9d11defb277c,,AL052010
CAND-1526,S4,AL052010:WCSC-0NPC,sweeps/S4/S4-AL052010-WCSC-0NPC/objects/6c4ceb0e15071bd484f1c9e1c4d0201b22c68135cf2e5c7cae522fc44d255b6a,,AL052010
CAND-1527,S4,AL052010:WCSC-0PJ1,sweeps/S4/S4-AL052010-WCSC-0PJ1/objects/e17d6a2defb965c3056d4ffe783cc627817a7bcddc1d22a9c8ddd234b5627b2e,,AL052010
CAND-1528,S4,AL052010:WCSC-0PNQ,sweeps/S4/S4-AL052010-WCSC-0PNQ/objects/c72d3302d547c5e5f1b5c06542d7d7a504dc8850689de893502419052c9747f9,,AL052010
CAND-1529,S4,AL052010:WCSC-0Q0R,sweeps/S4/S4-AL052010-WCSC-0Q0R/objects/112b0cf2d7b25ce58979bb8e91f17d6fed1fae1f6363d3ce150f52f419132a5a,,AL052010
CAND-1530,S4,AL052010:WCSC-0Q0S,sweeps/S4/S4-AL052010-WCSC-0Q0S/objects/3cdde5397f887692d95a4176255cbf0c0496fb9ae58ccd78ef868cc8418d6811,,AL052010
CAND-1531,S4,AL052010:WCSC-0Q0X,sweeps/S4/S4-AL052010-WCSC-0Q0X/objects/38f0c271db84387a56daf0179e5973343532ded6ceabbfa9eb33c282b02b5cef,,AL052010
CAND-1532,S4,AL052010:WCSC-0Q0Y,sweeps/S4/S4-AL052010-WCSC-0Q0Y/objects/b68c6d87fc3330ba457ab634ffdbfaf55548f29fa8e6ef6d90bf1b6bbc1690a3,,AL052010
CAND-1533,S4,AL052010:WCSC-0Q0Z,sweeps/S4/S4-AL052010-WCSC-0Q0Z/objects/3b182881684086f808ed01a8f3e00db9a6bcadf05b6762b7405ebd0903061285,,AL052010
CAND-1534,S4,AL052010:WCSC-0Q11,sweeps/S4/S4-AL052010-WCSC-0Q11/objects/621f184aa417426d218cbef92433c85995bdf8ec6e15b8ee8cba2c7629d2572a,,AL052010
CAND-1535,S4,AL052010:WCSC-0Q13,sweeps/S4/S4-AL052010-WCSC-0Q13/objects/e16e57e98883715eddece391dd7907d103bc1c8505167eae6988a766b9aa7bfb,,AL052010
CAND-1536,S4,AL052010:WCSC-0Q15,sweeps/S4/S4-AL052010-WCSC-0Q15/objects/234a3cf48c38771e2bca8fd62dcc97f830c98fd86def334e1ad7c230e996c536,,AL052010
CAND-1537,S4,AL052010:WCSC-0Q1C,sweeps/S4/S4-AL052010-WCSC-0Q1C/objects/b7ce20eb3e55619c1dad7db6640327733c013b2d381634915324247f518e26e7,,AL052010
CAND-1538,S4,AL052010:WCSC-0Q1D,sweeps/S4/S4-AL052010-WCSC-0Q1D/objects/ed334ea44466ce61ea19bc932b6a5d4a455987385dbed4c3febc47be554bc220,,AL052010
CAND-1539,S4,AL052010:WCSC-0Q1E,sweeps/S4/S4-AL052010-WCSC-0Q1E/objects/7dc04b9f21d31f1b0162c83caf2aaf73b091653375d856b1e1f1c542b3e3bcb0,,AL052010
CAND-1540,S4,AL052010:WCSC-0Q1F,sweeps/S4/S4-AL052010-WCSC-0Q1F/objects/fdf5c9e05172d57a22dbddfe0b1dbcd5e3f8bbfe75392bfcfbc9c92161a89420,,AL052010
CAND-1541,S4,AL052010:WCSC-0Q1K,sweeps/S4/S4-AL052010-WCSC-0Q1K/objects/716f4bdf1d8b27a9583c1ffacbd5e8badf1f1581d8b30d3f17b99069b9098642,,AL052010
CAND-1542,S4,AL052010:WCSC-0Q1M,sweeps/S4/S4-AL052010-WCSC-0Q1M/objects/639f3a288cb433fd200ffc52670d196ed8bdab7148fc6def4784bdc4f8987d06,,AL052010
CAND-1543,S4,AL052010:WCSC-0Q1N,sweeps/S4/S4-AL052010-WCSC-0Q1N/objects/4dc6ad270d0f16b21081d4fb6d21141bc6a05eacc22a8a943a34c7eccaed0ee8,,AL052010
CAND-1544,S4,AL052010:WCSC-0Q1P,sweeps/S4/S4-AL052010-WCSC-0Q1P/objects/af6eb2567d621135c1be042bc78eb7a364bce1e963f50fb553177e133105c1d6,,AL052010
CAND-1545,S4,AL052010:WCSC-0Q1R,sweeps/S4/S4-AL052010-WCSC-0Q1R/objects/fcc2152d38bd567514870bbf9cd386957bd558353a9a4a12e6f2bbd7def26165,,AL052010
CAND-1546,S4,AL052010:WCSC-0Q1S,sweeps/S4/S4-AL052010-WCSC-0Q1S/objects/8fb127c0625128d6796da066733b8a1dbab084e9f990af70089a5e869ced5500,,AL052010
CAND-1547,S4,AL052010:WCSC-0Q1V,sweeps/S4/S4-AL052010-WCSC-0Q1V/objects/726cdaffd15b66580a97a6f4ba4ded3a13a08acffcb8c071137b5f099db9d1a1,,AL052010
CAND-1548,S4,AL052010:WCSC-0Q1W,sweeps/S4/S4-AL052010-WCSC-0Q1W/objects/6770b92b51663dabb4700358b30c8e292189b7533be376cbbeecf40e991dc079,,AL052010
CAND-1549,S4,AL052010:WCSC-0Q1Y,sweeps/S4/S4-AL052010-WCSC-0Q1Y/objects/05fcd499f0c9f686533a6ab6103e1100e14fb0636129873ad399845b526eef22,,AL052010
CAND-1550,S4,AL052010:WCSC-0Q1Z,sweeps/S4/S4-AL052010-WCSC-0Q1Z/objects/2104eb7c1b8fb42c2041d67cc3dbcd9f71af2ff2e2f56c0d59b1aaf0afcace1d,,AL052010
CAND-1551,S4,AL052010:WCSC-0Q20,sweeps/S4/S4-AL052010-WCSC-0Q20/objects/77a7bf9732b3afa2c21c9477d08e001d64c3076e3821f8905513d79dbca2d087,,AL052010
CAND-1552,S4,AL052010:WCSC-0Q26,sweeps/S4/S4-AL052010-WCSC-0Q26/objects/5ba390e9c41b2752c6bee63a76fc5a57a20ee3f1eac9a9f6426d997f7d3bbae0,,AL052010
CAND-1553,S4,AL052010:WCSC-0Q27,sweeps/S4/S4-AL052010-WCSC-0Q27/objects/9ac99fd6efa0823b8fa43f1a761e74490b4da4c9719287ab68fa533250b66923,,AL052010
CAND-1554,S4,AL052010:WCSC-0QAJ,sweeps/S4/S4-AL052010-WCSC-0QAJ/objects/239f57f2a84f35fe7e281d519d9fe7ad0684b6faf0f7ba8297a7903a9c70b9df,,AL052010
CAND-1555,S4,AL052010:WCSC-0QAK,sweeps/S4/S4-AL052010-WCSC-0QAK/objects/5401570b6454c8b6e3392da61c33120e5fd82a2cc31712a0fd663b0552784fa5,,AL052010
CAND-1556,S4,AL052010:WCSC-0QBU,sweeps/S4/S4-AL052010-WCSC-0QBU/objects/8c7a6f4782c588e7f840f0814b9cf2b66cb52a4e078cbcb5cb4668077ef352c6,,AL052010
CAND-1557,S4,AL052010:WCSC-0QC2,sweeps/S4/S4-AL052010-WCSC-0QC2/objects/651d0b0e629e38d6bc597f3a5732816ed58983bfddfb184d8a2b549429bdab73,,AL052010
CAND-1558,S4,AL052010:WCSC-0QC3,sweeps/S4/S4-AL052010-WCSC-0QC3/objects/4f9cc11d5ff7e66a2b2f11914c66ef1feb3966475d6ecc54702125b2760c7dfc,,AL052010
CAND-1559,S4,AL052010:WCSC-0QGK,sweeps/S4/S4-AL052010-WCSC-0QGK/objects/cc9f1d72d9c412fe182f4b84a26598b3ae8ed1e97ac70ccae2543f42da557cac,,AL052010
CAND-1560,S4,AL052010:WCSC-0QLR,sweeps/S4/S4-AL052010-WCSC-0QLR/objects/88b39fa75e77eda8670142c7230497001cdc892e61009950416decdf27e41e00,,AL052010
CAND-1561,S4,AL052010:WCSC-0QWQ,sweeps/S4/S4-AL052010-WCSC-0QWQ/objects/1b5fe0dca24211dac62d855c5d852cb0845cbe07368cc90431c4384cebebfe04,,AL052010
CAND-1562,S4,AL052010:WCSC-0QZX,sweeps/S4/S4-AL052010-WCSC-0QZX/objects/d85f52a71e249a85497c128e0fc09b434875b927f26d4521e74225f4b685bce1,,AL052010
CAND-1563,S4,AL052010:WCSC-0R0Y,sweeps/S4/S4-AL052010-WCSC-0R0Y/objects/3d15a913fbef5aac6314584dd56d5ff32effdf3a1069e10776d0429b5e29be5a,,AL052010
CAND-1564,S4,AL052010:WCSC-0R0Z,sweeps/S4/S4-AL052010-WCSC-0R0Z/objects/ad368029897958aa6e754dae58c89e942df3b44d87b758f0ae3205e4c4b410a8,,AL052010
CAND-1565,S4,AL052010:WCSC-0RLM,sweeps/S4/S4-AL052010-WCSC-0RLM/objects/26906276c5b9b9cf12db5e57d243771dc9731a5ac596c11ee101e4c713f0b406,,AL052010
CAND-1566,S4,AL052010:WCSC-0RLY,sweeps/S4/S4-AL052010-WCSC-0RLY/objects/fc09a1cf5a3c87aeb4a812f6b7c2bb494af9c65b7d55d0b8930f80de986453f3,,AL052010
CAND-1567,S4,AL052010:WCSC-0RLZ,sweeps/S4/S4-AL052010-WCSC-0RLZ/objects/f1d4ac3230fb0d344b4b87d4e63603267896af370e947a18fa211ce6d63dcc35,,AL052010
CAND-1568,S4,AL052010:WCSC-0RM3,sweeps/S4/S4-AL052010-WCSC-0RM3/objects/7cb6f2d0cbd93698e7a25013f46830257579a4cc4269bcc9cd7dcd62ea648442,,AL052010
CAND-1569,S4,AL052010:WCSC-0RM7,sweeps/S4/S4-AL052010-WCSC-0RM7/objects/fe3d6c29896d95460870903b123da0cd6311e9577f567cf20aa7ffb1c47fd492,,AL052010
CAND-1570,S4,AL052010:WCSC-0RM9,sweeps/S4/S4-AL052010-WCSC-0RM9/objects/06e280fc29ba54c0c61823c845b87678068b03b0736f3f7aaaf2507d5b2b1fa3,,AL052010
CAND-1571,S4,AL052010:WCSC-0S97,sweeps/S4/S4-AL052010-WCSC-0S97/objects/aeacca697d14e2b4b22f90748db2590f85e961c3fb51760f6c92f43de1a3482a,,AL052010
CAND-1572,S4,AL052010:WCSC-0S9Y,sweeps/S4/S4-AL052010-WCSC-0S9Y/objects/9b9a22f43b4bce259c5b17950682d20d5fa891b2c9c92dacd00aecd36390b465,,AL052010
CAND-1573,S4,AL052010:WCSC-0SEN,sweeps/S4/S4-AL052010-WCSC-0SEN/objects/2243c8fea0b76db5f81dc11bf7f3951061d30f8e1c283809b7a6335e40f6cc2e,,AL052010
CAND-1574,S4,AL052010:WCSC-0SEQ,sweeps/S4/S4-AL052010-WCSC-0SEQ/objects/120ec99941fe8bb4e63e8a81b2ddac317e582e0caec640412e96f59138732817,,AL052010
CAND-1575,S4,AL052010:WCSC-0TLU,sweeps/S4/S4-AL052010-WCSC-0TLU/objects/5b1f6fce96de9e98a5ed432a5f869357ca201381c445f98ee04ac39f354e5fc3,,AL052010
CAND-1576,S4,AL052010:WCSC-0TLV,sweeps/S4/S4-AL052010-WCSC-0TLV/objects/2b98cc01013665139435fc6755e0a40e4061aee1ffa213f3bfbbda3d17387971,,AL052010
CAND-1577,S4,AL052010:WCSC-0TYL,sweeps/S4/S4-AL052010-WCSC-0TYL/objects/de6846f8a07d14f1f141b3da7e2f9536501efa5f5191feaedba4ac5f0fd3b290,,AL052010
CAND-1578,S4,AL052010:WCSC-0U22,sweeps/S4/S4-AL052010-WCSC-0U22/objects/db490cc042b607b7065a9e6474f745e1fa0d4e324c81db5696a30aa160352e3f,,AL052010
CAND-1579,S4,AL052010:WCSC-0U2B,sweeps/S4/S4-AL052010-WCSC-0U2B/objects/d55290cbd7c575e38e6844ced3cec8a8c2668683a1ed7949407e27c182d3a160,,AL052010
CAND-1580,S4,AL052010:WCSC-0WMA,sweeps/S4/S4-AL052010-WCSC-0WMA/objects/beb64936e25ac1dd0ce0912dd5b54e36e36d7196867c57b63d13370ed4c48f7e,,AL052010
CAND-1581,S4,AL052010:WCSC-0WUH,sweeps/S4/S4-AL052010-WCSC-0WUH/objects/8637e9ea1d9e296906bdde7464e91bebd6cafe5dc94b01d9e872bf906973b234,,AL052010
CAND-1582,S4,AL052010:WCSC-0WUS,sweeps/S4/S4-AL052010-WCSC-0WUS/objects/fd3ee3efad75eec355ebcf215bd64204a08d3323dd86c2b3239b98cce31037d4,,AL052010
CAND-1583,S4,AL052010:WCSC-0WUT,sweeps/S4/S4-AL052010-WCSC-0WUT/objects/b2a379da21f7cba31a3dc2e94b44247935c8bad11240c17fa319ba59c4451cbd,,AL052010
CAND-1584,S4,AL052010:WCSC-0WUU,sweeps/S4/S4-AL052010-WCSC-0WUU/objects/51f08f63f5a6ecd1138e4dff3bff5bc533e2b8a87fe514f27554332bc5916688,,AL052010
CAND-1585,S4,AL052010:WCSC-0WVQ,sweeps/S4/S4-AL052010-WCSC-0WVQ/objects/dc6b298023aa85ebcfd41c9efa9ce7c76d4633326325a274c0e7926212e08551,,AL052010
CAND-1586,S4,AL052010:WCSC-0WVV,sweeps/S4/S4-AL052010-WCSC-0WVV/objects/acd6345996b4ac19f45cd29f71ebe5c2c1e97e90cf8c8c67a325596f98369719,,AL052010
CAND-1587,S4,AL052010:WCSC-0WVW,sweeps/S4/S4-AL052010-WCSC-0WVW/objects/ce2969ca19d684d9d011f61d2e2b3bd868bab8329468010cf797a64e14c4f69e,,AL052010
CAND-1588,S4,AL052010:WCSC-0WVX,sweeps/S4/S4-AL052010-WCSC-0WVX/objects/543a7d2177a487259d7ee1589abe7b2e4b98d1edbf6e4abdbbcf6ce5a54315da,,AL052010
CAND-1589,S4,AL052010:WCSC-0WW0,sweeps/S4/S4-AL052010-WCSC-0WW0/objects/de4e53f7be0a2fc74938192fbb567120515e6a82c9367c31d6fbc5a6bae35064,,AL052010
CAND-1590,S4,AL052010:WCSC-0WW2,sweeps/S4/S4-AL052010-WCSC-0WW2/objects/b19835fd85f76ffb86d35fcf4ba36b45215ec324a8f79d10ff1b7e32e61b9c9c,,AL052010
CAND-1591,S4,AL052010:WCSC-0WW5,sweeps/S4/S4-AL052010-WCSC-0WW5/objects/baeebf458d7a6f037e3af78140d68cad3d769844fa6e1ce1827035399dfef78d,,AL052010
CAND-1592,S4,AL052010:WCSC-0WWT,sweeps/S4/S4-AL052010-WCSC-0WWT/objects/fc3229fbef9c0ed5b9f5bbe11df52b21d7db7c80786b24ca4be31bba422613bd,,AL052010
CAND-1593,S4,AL052010:WCSC-0WWV,sweeps/S4/S4-AL052010-WCSC-0WWV/objects/687ca0c97a4617f7c357139a4988eef23dadbb7d6c2a10b0bb0a36394cfc93a6,,AL052010
CAND-1594,S4,AL052010:WCSC-0WWW,sweeps/S4/S4-AL052010-WCSC-0WWW/objects/44c6aec4a8b5681d47a7dd5b88737aabd248e3c9ed2ffaba8f249440cea53dbd,,AL052010
CAND-1595,S4,AL052010:WCSC-0WXJ,sweeps/S4/S4-AL052010-WCSC-0WXJ/objects/034eb943d0ac6a918ea4e482bbf6fd8ae51deae288055b829b73ea8a51ab78e6,,AL052010
CAND-1596,S4,AL052010:WCSC-0WXK,sweeps/S4/S4-AL052010-WCSC-0WXK/objects/b8f914529d523cacbbdea2ed6754ec1f8842693ebba157859071478ef4032c62,,AL052010
CAND-1597,S4,AL052010:WCSC-0WXL,sweeps/S4/S4-AL052010-WCSC-0WXL/objects/f6a3ea1d397ef0d956d1324a3644f9d8a0bdfe1689c488262a8c1927e66c38ce,,AL052010
CAND-1598,S4,AL052010:WCSC-0WXM,sweeps/S4/S4-AL052010-WCSC-0WXM/objects/6a15be620d6197256e8637d8e5712a665bbe4af88aba7ae2187a13eb04a6a817,,AL052010
CAND-1599,S4,AL052010:WCSC-0WXQ,sweeps/S4/S4-AL052010-WCSC-0WXQ/objects/cd7e4c0b57b02a45b161d5fb228ac85dead6f11a4096ce115d8d089b90b660cc,,AL052010
CAND-1600,S4,AL052010:WCSC-0WXR,sweeps/S4/S4-AL052010-WCSC-0WXR/objects/f1de015b491b52ae4c1a357796848cff5cf3297fb557fb9d2a7ea2904bdfebae,,AL052010
CAND-1601,S4,AL052010:WCSC-0WY2,sweeps/S4/S4-AL052010-WCSC-0WY2/objects/6818f2b4b552a69fadbce3e153270585664017585e932c250dc2e2e2384cd868,,AL052010
CAND-1602,S4,AL052010:WCSC-0WY5,sweeps/S4/S4-AL052010-WCSC-0WY5/objects/8597b17ae369762eb51ff0a2c3d8deebbfaf2a31aa9c7fd281774086aef1e06d,,AL052010
CAND-1603,S4,AL052010:WCSC-0WY6,sweeps/S4/S4-AL052010-WCSC-0WY6/objects/970ca55e2927df67fc06bfac002a19445f655c86e41bf7197994130b032d6d1f,,AL052010
CAND-1604,S4,AL052010:WCSC-0WYG,sweeps/S4/S4-AL052010-WCSC-0WYG/objects/f314a8ab047f51ac6bf3edeaecbaefd1bae02b2b184509d084824924bd92ed69,,AL052010
CAND-1605,S4,AL052010:WCSC-0WYH,sweeps/S4/S4-AL052010-WCSC-0WYH/objects/eb3c7a8c0d94b725bda5d516bce570df3b0c13d598794c1a38213e7ae6c76981,,AL052010
CAND-1606,S4,AL052010:WCSC-0WYJ,sweeps/S4/S4-AL052010-WCSC-0WYJ/objects/8151e676a909228191343e4ab15df7f147a560efd0a6e9def80f0d3e4bf7dcb0,,AL052010
CAND-1607,S4,AL052010:WCSC-0WYK,sweeps/S4/S4-AL052010-WCSC-0WYK/objects/490f578c5000808cb86dd464fa821b46a03fce186d995277e145c068a4eb1cc5,,AL052010
CAND-1608,S4,AL052010:WCSC-0WYR,sweeps/S4/S4-AL052010-WCSC-0WYR/objects/4b2a5cc247ab55480ba28d8729b8646cbd5d2521e5a2d25e311c51a592d945cd,,AL052010
CAND-1609,S4,AL052010:WCSC-0WYZ,sweeps/S4/S4-AL052010-WCSC-0WYZ/objects/418a75e9112e5cec3f93a300384e7284e4c459845d2c45b0135a0aced9a90963,,AL052010
CAND-1610,S4,AL052010:WCSC-0WZ7,sweeps/S4/S4-AL052010-WCSC-0WZ7/objects/860c88d27caeab707345a398058f26f504173e43bfd9d6c1c30fbfad20d65b21,,AL052010
CAND-1611,S4,AL052010:WCSC-0WZB,sweeps/S4/S4-AL052010-WCSC-0WZB/objects/1fd5ad17e35b182bdca11f0530a52e43889ec9557358bbe4683ae743c6b36e0c,,AL052010
CAND-1612,S4,AL052010:WCSC-0WZT,sweeps/S4/S4-AL052010-WCSC-0WZT/objects/8fb299d0cdd44feb4b08f5db113aee2bce2f10b30bc4cd036ef999aa01db6be7,,AL052010
CAND-1613,S4,AL052010:WCSC-0WZV,sweeps/S4/S4-AL052010-WCSC-0WZV/objects/25f00fdcdf5f5db7402e74fcd1bf09e7f4c0e8beff10308c8fa12813e1b25ff6,,AL052010
CAND-1614,S4,AL052010:WCSC-0X0B,sweeps/S4/S4-AL052010-WCSC-0X0B/objects/ac149e44683d4dc49ade4bb9e49e3b0df671c32206a11276faccab40c5acffdc,,AL052010
CAND-1615,S4,AL052010:WCSC-0X0S,sweeps/S4/S4-AL052010-WCSC-0X0S/objects/0b84690ce15a625a74220ce53ac7625daaa67a5553a831779882dba4ac99aa26,,AL052010
CAND-1616,S4,AL052010:WCSC-0X18,sweeps/S4/S4-AL052010-WCSC-0X18/objects/c177dd05dd05105c457a829ba1046c9f351b7a43ae559201a66934ca73aeb146,,AL052010
CAND-1617,S4,AL052010:WCSC-0X20,sweeps/S4/S4-AL052010-WCSC-0X20/objects/c701c70b467a68efa04f8f5a3bb47661730e24cf2c588b9842fe338ee8a2337b,,AL052010
CAND-1618,S4,AL052010:WCSC-0X24,sweeps/S4/S4-AL052010-WCSC-0X24/objects/b3c1bcf115d0d88f882bfc7cd9191cee25bb90833e61f19fe8b14e0250e832ec,,AL052010
CAND-1619,S4,AL052010:WCSC-0X2K,sweeps/S4/S4-AL052010-WCSC-0X2K/objects/8a2d3cbe5b5873f073095b937836bb21d0cf3bb4a5b8cd9e5bc61672a45b0985,,AL052010
CAND-1620,S4,AL052010:WCSC-0X2L,sweeps/S4/S4-AL052010-WCSC-0X2L/objects/44b44b728c3569f70e4fd7cf51fd59541369720ea3bfb1f7d28347455620d144,,AL052010
CAND-1621,S4,AL052010:WCSC-0X2M,sweeps/S4/S4-AL052010-WCSC-0X2M/objects/9d6c79f8b45433355096163ada2c18b4f1aa37aab62bf1911ae446c4795f29b2,,AL052010
CAND-1622,S4,AL052010:WCSC-0X2U,sweeps/S4/S4-AL052010-WCSC-0X2U/objects/1bade6984f06927e63a454847b18ad11adfe1c59837a21fc9d98e64c2dc8e6b2,,AL052010
CAND-1623,S4,AL052010:WCSC-0X32,sweeps/S4/S4-AL052010-WCSC-0X32/objects/faca0b636c6783dadccb9d0f6f57a89080a355913d1a57b58d805033bc42b280,,AL052010
CAND-1624,S4,AL052010:WCSC-0X58,sweeps/S4/S4-AL052010-WCSC-0X58/objects/90f42531d2fd72e28b7d1b5afdc024e1134d180f42a30efaf869045eb3924f95,,AL052010
CAND-1625,S4,AL052010:WCSC-0X59,sweeps/S4/S4-AL052010-WCSC-0X59/objects/a5142ddb517de3ee2ba0f4ad8a37a418c12fe8fcd4ba1c386854ae03f37ed399,,AL052010
CAND-1626,S4,AL052010:WCSC-0X5U,sweeps/S4/S4-AL052010-WCSC-0X5U/objects/2ee461211b62b4d01a99ed7bd35182cc0f5a8edb76c6497b21e3f87a6e42e419,,AL052010
CAND-1627,S4,AL052010:WCSC-0X62,sweeps/S4/S4-AL052010-WCSC-0X62/objects/77944ac7904d650c05d185ca0e147889af7c281d4a78188eb1315287f5d96c88,,AL052010
CAND-1628,S4,AL052010:WCSC-0X64,sweeps/S4/S4-AL052010-WCSC-0X64/objects/eebf0c3af653545101ff8d1d3eb5f35712eef0af77a49c3bde20e630700da055,,AL052010
CAND-1629,S4,AL052010:WCSC-0X6D,sweeps/S4/S4-AL052010-WCSC-0X6D/objects/33cb7d2cc64b3a7ad979057cbede3a097986f65e3c718012a894d21e5cf7be7d,,AL052010
CAND-1630,S4,AL052010:WCSC-0X6E,sweeps/S4/S4-AL052010-WCSC-0X6E/objects/5b331d7172d8012ec8b94ec737d2d5ae0e27c51c6d7b87bd5ba62575a88454b9,,AL052010
CAND-1631,S4,AL052010:WCSC-0X6G,sweeps/S4/S4-AL052010-WCSC-0X6G/objects/10a9c02d3b1cd49fad864e63ea20c2b799da8dfb874b2be0d8445d50333e36f3,,AL052010
CAND-1632,S4,AL052010:WCSC-0X6H,sweeps/S4/S4-AL052010-WCSC-0X6H/objects/725789bcaf3032326a4e123a0e30e19334932285220e722b92c687b07f00a2fb,,AL052010
CAND-1633,S4,AL052010:WCSC-0X6J,sweeps/S4/S4-AL052010-WCSC-0X6J/objects/b54becd357db410b191875dd8824bd1b5a4bdd028b33efc0f23cc41a566dd82a,,AL052010
CAND-1634,S4,AL052010:WCSC-0X6K,sweeps/S4/S4-AL052010-WCSC-0X6K/objects/49233e9ca80ddb0ecd4a38e2d186edb42e2afd735aed9cab33933ce4a601cfd0,,AL052010
CAND-1635,S4,AL052010:WCSC-0X6L,sweeps/S4/S4-AL052010-WCSC-0X6L/objects/7ab0d285cc05fe51160a8d903795d3a8357b6cff4288d89f6b26a56efcac11b3,,AL052010
CAND-1636,S4,AL052010:WCSC-0X6V,sweeps/S4/S4-AL052010-WCSC-0X6V/objects/534ada82c7a5684c88077d851287821e243083cee57afdf1029052e459961d12,,AL052010
CAND-1637,S4,AL052010:WCSC-0X7G,sweeps/S4/S4-AL052010-WCSC-0X7G/objects/2b8a2f598766abab9570dbcfae7c7992a5b7cf7e2c34b645cb7cfcb7f25e8525,,AL052010
CAND-1638,S4,AL052010:WCSC-0X7L,sweeps/S4/S4-AL052010-WCSC-0X7L/objects/6ba11b6beed70ea046482a3831e946b938880e19b930a5df295739817cd4d09a,,AL052010
CAND-1639,S4,AL052010:WCSC-0X7M,sweeps/S4/S4-AL052010-WCSC-0X7M/objects/a5f0a37d0f18d5ddaf406d565141c26021ec6fdc4b70801807a2b8d2da2f22a0,,AL052010
CAND-1640,S4,AL052010:WCSC-0X7N,sweeps/S4/S4-AL052010-WCSC-0X7N/objects/ea630d9ea1c7a10e770c1d8531a119bafbad5de17e15621abeb0534de5de3bcd,,AL052010
CAND-1641,S4,AL052010:WCSC-0X7S,sweeps/S4/S4-AL052010-WCSC-0X7S/objects/7142742aa966f175e1a69c5c524c94190a065525775cda6d2e6032ec7ccc0eaf,,AL052010
CAND-1642,S4,AL052010:WCSC-0X7T,sweeps/S4/S4-AL052010-WCSC-0X7T/objects/371fbe3ac332535237e47062e83a5ddc6ff2d51a0a659c95c85670ef09541a21,,AL052010
CAND-1643,S4,AL052010:WCSC-0X84,sweeps/S4/S4-AL052010-WCSC-0X84/objects/b2bbe90e1b056fda6f8005baba7e3c116803e8202b7b1628558dce761c560ca3,,AL052010
CAND-1644,S4,AL052010:WCSC-0X8B,sweeps/S4/S4-AL052010-WCSC-0X8B/objects/a403535099893185c0a5b83a770d744ad6b33349f56b8e92e9916b6ee3816998,,AL052010
CAND-1645,S4,AL052010:WCSC-0X8T,sweeps/S4/S4-AL052010-WCSC-0X8T/objects/1daee0ec969696fc55228ad9de483a6b2a973fc483ee0df511b1bc49b7b58fe0,,AL052010
CAND-1646,S4,AL052010:WCSC-0XA1,sweeps/S4/S4-AL052010-WCSC-0XA1/objects/c7f65abedfbb607d58eba2091e41a0ae93a157b346106eaf493e2e93481d940c,,AL052010
CAND-1647,S4,AL052010:WCSC-0XAD,sweeps/S4/S4-AL052010-WCSC-0XAD/objects/ba6d31100b73b1ca8125ea0247bafd9beee71e96c163f0d5a4f4c7d96629fc3f,,AL052010
CAND-1648,S4,AL052010:WCSC-0XAE,sweeps/S4/S4-AL052010-WCSC-0XAE/objects/dd4d0a52d0a42eeaf5997f886fa69068c9e3979b5fdec3129c14133381e09015,,AL052010
CAND-1649,S4,AL052010:WCSC-0XAF,sweeps/S4/S4-AL052010-WCSC-0XAF/objects/5c28739af3e8cba7fac65d6af64c160ef9c5fd3c764718537e46a360659dbd38,,AL052010
CAND-1650,S4,AL052010:WCSC-0XAH,sweeps/S4/S4-AL052010-WCSC-0XAH/objects/ac1c72a442777da6ea5bcf758d235a4df60db5563fc72a990ee9e30e09033492,,AL052010
CAND-1651,S4,AL052010:WCSC-0XAJ,sweeps/S4/S4-AL052010-WCSC-0XAJ/objects/933ff96cbfe2bd84b1acd0c205b218c074758b531955537b126410cb9f20a7da,,AL052010
CAND-1652,S4,AL052010:WCSC-0XAU,sweeps/S4/S4-AL052010-WCSC-0XAU/objects/40f5470843ea752b938e6faa1c0a7eddc84faee7bbef1a4dbda3ea7bda0699cd,,AL052010
CAND-1653,S4,AL052010:WCSC-0XAX,sweeps/S4/S4-AL052010-WCSC-0XAX/objects/25669034fe2b1b6673aedd8b411f2064459d9bbf5aae8d11c8963bb9358e314c,,AL052010
CAND-1654,S4,AL052010:WCSC-0XAY,sweeps/S4/S4-AL052010-WCSC-0XAY/objects/4e1b67a26381f7a59ac3aa07f9607fa1dbc02a19934ca9ca4a47f0889533704c,,AL052010
CAND-1655,S4,AL052010:WCSC-0XAZ,sweeps/S4/S4-AL052010-WCSC-0XAZ/objects/90c5900e84ad40f36293a1cbecc9801c5b20513ec67b911c1d6ce58810069a34,,AL052010
CAND-1656,S4,AL052010:WCSC-0YAD,sweeps/S4/S4-AL052010-WCSC-0YAD/objects/5788f6e2478687270e4ececa9ee12e981979db8aef9ebb0d0b4e039a46266ba6,,AL052010
CAND-1657,S4,AL052010:WCSC-0YCU,sweeps/S4/S4-AL052010-WCSC-0YCU/objects/84c0f981d740161d2bbada08cb7af694c6ebe49c2e43c84b169446e274961719,,AL052010
CAND-1658,S4,AL052010:WCSC-0YF8,sweeps/S4/S4-AL052010-WCSC-0YF8/objects/c4075a2b50e04659eb32aa095155131c70ff7496c103c33c9c1387e7dd0d4c2a,,AL052010
CAND-1659,S4,AL052010:WCSC-0YPD,sweeps/S4/S4-AL052010-WCSC-0YPD/objects/3e8f1949d0d41b610ca52351c3bc579dafe225f80e3940ebc1a88f0056b9c1c8,,AL052010
CAND-1660,S4,AL052010:WCSC-0YSK,sweeps/S4/S4-AL052010-WCSC-0YSK/objects/b7e8ac5b949394b23503d5ae53081970c4a48cf3c8b78c045573561880b0ef84,,AL052010
CAND-1661,S4,AL052010:WCSC-0YSP,sweeps/S4/S4-AL052010-WCSC-0YSP/objects/46ab457365d9b0d6eba4c5f867eb84f7536ed9939d68d2d2ac1dbdfa5947febc,,AL052010
CAND-1662,S4,AL052010:WCSC-0YST,sweeps/S4/S4-AL052010-WCSC-0YST/objects/8ddbb0847f75860b7977c3e9458b69914c4b9f3709d192da84020c00d7c4e825,,AL052010
CAND-1663,S4,AL052010:WCSC-0Z9R,sweeps/S4/S4-AL052010-WCSC-0Z9R/objects/6ac92bf6f7080ecb81ed71b809a32d24204ce34e16b214e85bc26f7fffb080eb,,AL052010
CAND-1664,S4,AL052010:WCSC-0ZRU,sweeps/S4/S4-AL052010-WCSC-0ZRU/objects/c58a0f81f0e47bd421488e769ba1ed4cece3f927274c298cce8a3ee6b698186d,,AL052010
CAND-1665,S4,AL062018:WCSC-0R7H,sweeps/S4/S4-AL062018-WCSC-0R7H/objects/0e164c3522a35fc2dde0e98736d3926ad4e276e2c273dc818e3f7893c0f920cf,,AL062018
CAND-1666,S4,AL062018:WCSC-0RCW,sweeps/S4/S4-AL062018-WCSC-0RCW/objects/b20714828329a7ef94719098dcce4760682f9b8deee022a9608b899f22123fa0,,AL062018
CAND-1667,S4,AL062018:WCSC-0REX,sweeps/S4/S4-AL062018-WCSC-0REX/objects/59ea3090fbb62c0b7a31f05412673f17634475a9003c3b806e766d814a841094,,AL062018
CAND-1668,S4,AL062018:WCSC-0U9B,sweeps/S4/S4-AL062018-WCSC-0U9B/objects/b8b70deaa10c66610352bac2565348b6f077abea50799a0d982d46a450b082a7,,AL062018
CAND-1669,S4,AL062018:WCSC-0WAD,sweeps/S4/S4-AL062018-WCSC-0WAD/objects/fe99013968b618d812b07b0b82f0d5ae3aed5b6cfb70e0ac377b4c7989a8ba33,,AL062018
CAND-1670,S4,AL062018:WCSC-0WBR,sweeps/S4/S4-AL062018-WCSC-0WBR/objects/462f396623bb8e1d94c865482002920250f3f81737b51f601a7889a8a3dec7ca,,AL062018
CAND-1671,S4,AL062018:WCSC-0WER,sweeps/S4/S4-AL062018-WCSC-0WER/objects/e5cfca510d65920bdcbf922646e9b9c6cb033c3b5f59310f71cd7e354e7fe248,,AL062018
CAND-1672,S4,AL062018:WCSC-0WF9,sweeps/S4/S4-AL062018-WCSC-0WF9/objects/fc6d9b003b88d90c1a202dbe258c95fa7e2ea46a54e7f99e9af8dcf2cdd23635,,AL062018
CAND-1673,S4,AL062018:WCSC-0WGN,sweeps/S4/S4-AL062018-WCSC-0WGN/objects/0c9bc20437cedd1f81bbc6ada93fd0b00f0cae9c46596999c3727d1092ff96f3,,AL062018
CAND-1674,S4,AL062018:WCSC-0ZM6,sweeps/S4/S4-AL062018-WCSC-0ZM6/objects/126468433e2b527f6ddf57e7f92015c82854bf1ae38159c3bafea876102b98d9,,AL062018
CAND-1675,S4,AL062021:WCSC-0R7H,sweeps/S4/S4-AL062021-WCSC-0R7H/objects/cf5bae4126fe9eea2f2be098ade4bd9cde943a789aa672f54c174f99ebfc084b,,AL062021
CAND-1676,S4,AL062021:WCSC-0RCW,sweeps/S4/S4-AL062021-WCSC-0RCW/objects/c7e3737ae956cc46caeed514ebe1bc32674e4d6e74ebc13892bf532e1f7ae3bd,,AL062021
CAND-1677,S4,AL062021:WCSC-0REX,sweeps/S4/S4-AL062021-WCSC-0REX/objects/ad82ef50a2a2fd220e61fe24c76e7b7900053463c21a7b384d0e87cd2e3eed66,,AL062021
CAND-1678,S4,AL062021:WCSC-0U9B,sweeps/S4/S4-AL062021-WCSC-0U9B/objects/3648dbb51527544918e21f58f8f158cb2b8eb87866a8cbff7fb969e8fb430a80,,AL062021
CAND-1679,S4,AL062021:WCSC-0WAD,sweeps/S4/S4-AL062021-WCSC-0WAD/objects/ddb8896b333eb4ee39d45474b53101f99ec572591f608e549c2e2dbb360de334,,AL062021
CAND-1680,S4,AL062021:WCSC-0WBR,sweeps/S4/S4-AL062021-WCSC-0WBR/objects/b279a5bccbbdf96f7fb6ad9d239ebd97544331af29a0f30c8095e989de97ef46,,AL062021
CAND-1681,S4,AL062021:WCSC-0WER,sweeps/S4/S4-AL062021-WCSC-0WER/objects/fcbf150afbce018301d95440da4376444867950408126d57dc2bc089fb68fd7d,,AL062021
CAND-1682,S4,AL062021:WCSC-0WF9,sweeps/S4/S4-AL062021-WCSC-0WF9/objects/8bb9a923b6c7bd7f55fd318a0ac758dfe79729a11efcd75e55c57cb49b311739,,AL062021
CAND-1683,S4,AL062021:WCSC-0WGN,sweeps/S4/S4-AL062021-WCSC-0WGN/objects/979b5aa03d2e66e4fc604ed1dfd3a78c2a5684dfa80e838e5669e44f815f470f,,AL062021
CAND-1684,S4,AL062021:WCSC-0ZM6,sweeps/S4/S4-AL062021-WCSC-0ZM6/objects/44485c248d6741f2cacc3e8b1cec3cc28b38d58e8de294a8ee03c05d7e8923da,,AL062021
CAND-1685,S4,AL062024:WCSC-0B4Y,sweeps/S4/S4-AL062024-WCSC-0B4Y/objects/19701400e1802f3554a6f0ba9ad58578e3e27a9fb809ed80bfce7fdaae0d2857,,AL062024
CAND-1686,S4,AL062024:WCSC-0B57,sweeps/S4/S4-AL062024-WCSC-0B57/objects/50cd9f73b520562b0ff57e825a64dddfbf89cf4ac5ba069833a3c3a81e512b76,,AL062024
CAND-1687,S4,AL062024:WCSC-0BDF,sweeps/S4/S4-AL062024-WCSC-0BDF/objects/79627d4e996a4a828a4a851c2e749feae5bbf771169e9e08570a8e165a9c8bea,,AL062024
CAND-1688,S4,AL062024:WCSC-0DA3,sweeps/S4/S4-AL062024-WCSC-0DA3/objects/021da6f418c8d843795cb173a564a638ec7737b19bf1e53ede932cbd2cbda94e,,AL062024
CAND-1689,S4,AL062024:WCSC-0DF2,sweeps/S4/S4-AL062024-WCSC-0DF2/objects/4c474917615144a8b09a94293d0c6a9f23fdde6d75ccdbb16773f0334be9e874,,AL062024
CAND-1690,S4,AL062024:WCSC-0DF5,sweeps/S4/S4-AL062024-WCSC-0DF5/objects/a2997b68127c6742101519a424230cd99e813d0a3b7a139c3e998907dedb3ee9,,AL062024
CAND-1691,S4,AL062024:WCSC-0E4C,sweeps/S4/S4-AL062024-WCSC-0E4C/objects/6e7283b6a3b6595d0b327648007820f41a225cd0c59e2d732de4913a178fa83c,,AL062024
CAND-1692,S4,AL062024:WCSC-0E4D,sweeps/S4/S4-AL062024-WCSC-0E4D/objects/46a5caefa91b83bd05ab26ce3d3d171c14423b8321bcfdf37bde6efa0e883252,,AL062024
CAND-1693,S4,AL062024:WCSC-0E6N,sweeps/S4/S4-AL062024-WCSC-0E6N/objects/5e840b6d5175aa23adf65dc95f5c08fd2ab34bf0a369ebe026e6a8c9ff8ad757,,AL062024
CAND-1694,S4,AL062024:WCSC-0EX5,sweeps/S4/S4-AL062024-WCSC-0EX5/objects/73b2d2ce7a06a651c3937232f6c6ddcffc0a90ad2f33f9681aeda05d2c361e0c,,AL062024
CAND-1695,S4,AL062024:WCSC-0EZA,sweeps/S4/S4-AL062024-WCSC-0EZA/objects/80492c1c6364dc0b629f25de3edae943ca99eb785c0f4d8821076f052e47b976,,AL062024
CAND-1696,S4,AL062024:WCSC-0MWW,sweeps/S4/S4-AL062024-WCSC-0MWW/objects/0accddfaf263dc7461a828f4ba7c58aa1cdddfdeaddb60ac2bf6838804fca9f5,,AL062024
CAND-1697,S4,AL062024:WCSC-0N8K,sweeps/S4/S4-AL062024-WCSC-0N8K/objects/5a0a91ca1167329da0959daf5ab19bb520b714b6218a675ab038f73d137f21df,,AL062024
CAND-1698,S4,AL062024:WCSC-0NE2,sweeps/S4/S4-AL062024-WCSC-0NE2/objects/216106d100f80327361090768ee788282a96637edb351f6e25bfd2476a13d739,,AL062024
CAND-1699,S4,AL062024:WCSC-0NE3,sweeps/S4/S4-AL062024-WCSC-0NE3/objects/98e0bc4ecf09ed0d91f5858e76bc369744918fe1234499499d4d224b29cd61db,,AL062024
CAND-1700,S4,AL062024:WCSC-0NPA,sweeps/S4/S4-AL062024-WCSC-0NPA/objects/fb8e0e5fe08428a1d710c22c7c1004ae5a750339b3c56b864bd134c2d0464e99,,AL062024
CAND-1701,S4,AL062024:WCSC-0NPC,sweeps/S4/S4-AL062024-WCSC-0NPC/objects/f76262bf6ad49aa284db251d5c92fc61faa87c6bd801baf6b4897d17899ff58c,,AL062024
CAND-1702,S4,AL062024:WCSC-0PJ1,sweeps/S4/S4-AL062024-WCSC-0PJ1/objects/f6a267d70413ffda0353b545c3dd949510788f1d22d6bbba37ae82867fb303ab,,AL062024
CAND-1703,S4,AL062024:WCSC-0PNQ,sweeps/S4/S4-AL062024-WCSC-0PNQ/objects/564bb833c1a5b367d405b773571cda09fea0d1b45dc6b6685392d100bf948247,,AL062024
CAND-1704,S4,AL062024:WCSC-0Q0R,sweeps/S4/S4-AL062024-WCSC-0Q0R/objects/3e6c3ab6a6d2e8d5c21cea1c0b53493cfd619b77ca1699f2c89e2f00279ee9bd,,AL062024
CAND-1705,S4,AL062024:WCSC-0Q0S,sweeps/S4/S4-AL062024-WCSC-0Q0S/objects/1ee4970e2cf26d71c47b577955821025475f138d09996387e88cfd083d372e55,,AL062024
CAND-1706,S4,AL062024:WCSC-0Q0X,sweeps/S4/S4-AL062024-WCSC-0Q0X/objects/da73585d8ff5f983f0e70f536cfbf07b8edef3dd3d4b305db5df722398cd899e,,AL062024
CAND-1707,S4,AL062024:WCSC-0Q0Y,sweeps/S4/S4-AL062024-WCSC-0Q0Y/objects/33003d378b7fe8b6858e27f586437399371f8bedbfce00011db3fd385e0300ce,,AL062024
CAND-1708,S4,AL062024:WCSC-0Q0Z,sweeps/S4/S4-AL062024-WCSC-0Q0Z/objects/6636f5dd4ab16173caea46fe20fbb5aa10057d7d605bcdc9b2da23531181566c,,AL062024
CAND-1709,S4,AL062024:WCSC-0Q11,sweeps/S4/S4-AL062024-WCSC-0Q11/objects/eb5e7d43015edaeab576b8eee67f8d644ba472ee252b670fc78084b43a0245e4,,AL062024
CAND-1710,S4,AL062024:WCSC-0Q13,sweeps/S4/S4-AL062024-WCSC-0Q13/objects/448126d155befdee1a6c35a4bb34bac116eae950e574085edc0bb96ff7166b6c,,AL062024
CAND-1711,S4,AL062024:WCSC-0Q15,sweeps/S4/S4-AL062024-WCSC-0Q15/objects/6f6916e04617bac549cb6e18ddd47b225247d1967c9ece267a229a96c1311680,,AL062024
CAND-1712,S4,AL062024:WCSC-0Q1C,sweeps/S4/S4-AL062024-WCSC-0Q1C/objects/952363e31fbd6adb7d0c40ea8e00c416304ec3b046a0f49806ed630436f8822a,,AL062024
CAND-1713,S4,AL062024:WCSC-0Q1D,sweeps/S4/S4-AL062024-WCSC-0Q1D/objects/4ec8a017635275eb4af568dee8f10945ac6a596b70aec4de9554327fa357ffe9,,AL062024
CAND-1714,S4,AL062024:WCSC-0Q1E,sweeps/S4/S4-AL062024-WCSC-0Q1E/objects/404c4c94aeedefbd360266cce27f684cb0239e502b06ae2de0a697ebb9b583e5,,AL062024
CAND-1715,S4,AL062024:WCSC-0Q1F,sweeps/S4/S4-AL062024-WCSC-0Q1F/objects/5488ef221722eea11c507a3a9ae9af16a63d964e8524cb15967fe46256f05170,,AL062024
CAND-1716,S4,AL062024:WCSC-0Q1K,sweeps/S4/S4-AL062024-WCSC-0Q1K/objects/39e1eb4eb5a5b79cdcb017794aa1c394b6da1de032d8936721107d7928e361a1,,AL062024
CAND-1717,S4,AL062024:WCSC-0Q1M,sweeps/S4/S4-AL062024-WCSC-0Q1M/objects/a23df5c92096b8ec2a0a48332cbb973e1e5fdc722ef3c06108a180751a082b62,,AL062024
CAND-1718,S4,AL062024:WCSC-0Q1N,sweeps/S4/S4-AL062024-WCSC-0Q1N/objects/e2c4d8550ca9f7bf52a618e197bb457996b058be9e662029df677863a9da351a,,AL062024
CAND-1719,S4,AL062024:WCSC-0Q1P,sweeps/S4/S4-AL062024-WCSC-0Q1P/objects/a605d512486a0f221a23f669a034ba40eaf1e45a9fe171d261c3bbdd83f5a777,,AL062024
CAND-1720,S4,AL062024:WCSC-0Q1R,sweeps/S4/S4-AL062024-WCSC-0Q1R/objects/dae689f1f329fcd0bf253112866137844061fd60f4660a47f5c1023fd4d92f5b,,AL062024
CAND-1721,S4,AL062024:WCSC-0Q1S,sweeps/S4/S4-AL062024-WCSC-0Q1S/objects/9312a07cc109c8dd53e1cdb4f4e9bc8c28393d9ed863c50f1676b90c162eb087,,AL062024
CAND-1722,S4,AL062024:WCSC-0Q1V,sweeps/S4/S4-AL062024-WCSC-0Q1V/objects/f0be80a1fb3f01f9896613ff7a74e7994cba1f9d2b81eefeef01908fc774385e,,AL062024
CAND-1723,S4,AL062024:WCSC-0Q1W,sweeps/S4/S4-AL062024-WCSC-0Q1W/objects/594e2a826c6cc9982cb8f173a5b5f1669967ca52b39e185a5d2745761fff4e03,,AL062024
CAND-1724,S4,AL062024:WCSC-0Q1Y,sweeps/S4/S4-AL062024-WCSC-0Q1Y/objects/343183a7edfc6a77f6660bf1854a69cd3f687c4f8e6c69ed04d69fe49cd2796d,,AL062024
CAND-1725,S4,AL062024:WCSC-0Q1Z,sweeps/S4/S4-AL062024-WCSC-0Q1Z/objects/01e01b4c26d4776c97b67094a66cd0a8451a65bd3e362a0c38fbc3d812e32c3b,,AL062024
CAND-1726,S4,AL062024:WCSC-0Q20,sweeps/S4/S4-AL062024-WCSC-0Q20/objects/07cdc60a66a702acc5b7030812c5dc67c6c19f04c542475668e484f5b5f48ce3,,AL062024
CAND-1727,S4,AL062024:WCSC-0Q26,sweeps/S4/S4-AL062024-WCSC-0Q26/objects/b96266044ca52e8c821c8a57c7daa92543f95ff3272456972d1336d26a1fd0dc,,AL062024
CAND-1728,S4,AL062024:WCSC-0Q27,sweeps/S4/S4-AL062024-WCSC-0Q27/objects/e78ba1224d88a0b2bd55234c1f1ad98d6ccc3a5aa2874c92a5ff86966bbfe72c,,AL062024
CAND-1729,S4,AL062024:WCSC-0QAJ,sweeps/S4/S4-AL062024-WCSC-0QAJ/objects/d6892f31183daff3351d729093a20ff281a787c41b560a509f357236d4576725,,AL062024
CAND-1730,S4,AL062024:WCSC-0QAK,sweeps/S4/S4-AL062024-WCSC-0QAK/objects/c021d0205d8535d1851846b27e7b17f2b3e4ac7bc6157094ddce5f160979c2a3,,AL062024
CAND-1731,S4,AL062024:WCSC-0QBU,sweeps/S4/S4-AL062024-WCSC-0QBU/objects/4d26c5db3293dfc794110b7c7ec22ca649294b3edf569f79621eb04d2deda1a0,,AL062024
CAND-1732,S4,AL062024:WCSC-0QC2,sweeps/S4/S4-AL062024-WCSC-0QC2/objects/0b0bb969f276ab3e6165f3c2319c8e4a362f0dab17b6ff1bd673cf8ee1962498,,AL062024
CAND-1733,S4,AL062024:WCSC-0QC3,sweeps/S4/S4-AL062024-WCSC-0QC3/objects/66c87700cec84ccbbf2a1d50d745f5b0185394b6921a0c0444d1b0f818e2658e,,AL062024
CAND-1734,S4,AL062024:WCSC-0QGK,sweeps/S4/S4-AL062024-WCSC-0QGK/objects/e857fe36c4d8d99f846a8504a6f1889ae11759727779b383b4eb3d24e8ed9a00,,AL062024
CAND-1735,S4,AL062024:WCSC-0QLR,sweeps/S4/S4-AL062024-WCSC-0QLR/objects/1f4d66bf842d9ffea5f9f3519a0e2daf1841332a825511c9e97554815c651ee0,,AL062024
CAND-1736,S4,AL062024:WCSC-0QWQ,sweeps/S4/S4-AL062024-WCSC-0QWQ/objects/056ae0eeab7e0e0f459519f41c4a425ec53faf1bb78e48c8268ee5107b03c2bb,,AL062024
CAND-1737,S4,AL062024:WCSC-0QZX,sweeps/S4/S4-AL062024-WCSC-0QZX/objects/e7312afbff65380b73d78612fb5893da7454969d4384b3d9a975150491b1012d,,AL062024
CAND-1738,S4,AL062024:WCSC-0R0Y,sweeps/S4/S4-AL062024-WCSC-0R0Y/objects/98a4c4937e248ae787115be7c4a5640380b30e1fe3e2d75a5288c5b82a57fb6f,,AL062024
CAND-1739,S4,AL062024:WCSC-0R0Z,sweeps/S4/S4-AL062024-WCSC-0R0Z/objects/8e1c6b8581d9ffb30439bf142202516360cd27c1ef448aeaf456308bec93221f,,AL062024
CAND-1740,S4,AL062024:WCSC-0RLM,sweeps/S4/S4-AL062024-WCSC-0RLM/objects/99ac318b1030caa81fb7e5fb10d5fffa63559e799a4b7a23e759a632acdb41e5,,AL062024
CAND-1741,S4,AL062024:WCSC-0RLY,sweeps/S4/S4-AL062024-WCSC-0RLY/objects/397460474aa7c240aeeaf237e509be507d31cc3211d24a8abea013a954705780,,AL062024
CAND-1742,S4,AL062024:WCSC-0RLZ,sweeps/S4/S4-AL062024-WCSC-0RLZ/objects/15d85ce1df223fe48b3446a1548c28d77f3ae151ee173d9b8350a5f3e8503361,,AL062024
CAND-1743,S4,AL062024:WCSC-0RM3,sweeps/S4/S4-AL062024-WCSC-0RM3/objects/29350de0b9fe8481ec1b5495262b3398a4ab1e3da4f52648ef7bf9cf9166527a,,AL062024
CAND-1744,S4,AL062024:WCSC-0RM7,sweeps/S4/S4-AL062024-WCSC-0RM7/objects/2bdb8bad48e583849c0c6bb0e0881b308cc39add3b9c027e708311bf5e53f3bf,,AL062024
CAND-1745,S4,AL062024:WCSC-0RM9,sweeps/S4/S4-AL062024-WCSC-0RM9/objects/d4054869e6381a27f2945f5c71cb9e5e79bf7fd31031d3902200038886b132ae,,AL062024
CAND-1746,S4,AL062024:WCSC-0S97,sweeps/S4/S4-AL062024-WCSC-0S97/objects/b642c0f8115040d7e4ae6b01f6641cb76e49e5d0f96694baa56761fd3e781049,,AL062024
CAND-1747,S4,AL062024:WCSC-0S9Y,sweeps/S4/S4-AL062024-WCSC-0S9Y/objects/b5d860a1ac087d1f272b7f86108e8a9a264d2f1337d34a500d958fa7da42108e,,AL062024
CAND-1748,S4,AL062024:WCSC-0SEN,sweeps/S4/S4-AL062024-WCSC-0SEN/objects/a806914b5cedfdbc37bc01453155180f7ca7cfced0d4378a71a8a2125e499d7d,,AL062024
CAND-1749,S4,AL062024:WCSC-0SEQ,sweeps/S4/S4-AL062024-WCSC-0SEQ/objects/292e113731a1a6097e177adebbfb08b316d92f6aaca68a394a464df8c157409d,,AL062024
CAND-1750,S4,AL062024:WCSC-0TKQ,sweeps/S4/S4-AL062024-WCSC-0TKQ/objects/1451db545a8e11851660490808026459bd35a0424da70515419834e103173f56,,AL062024
CAND-1751,S4,AL062024:WCSC-0TLU,sweeps/S4/S4-AL062024-WCSC-0TLU/objects/c3f972ac2b07d89e41a6b7d1e8773b791d2e8facc9b723c4f994cc67251789c0,,AL062024
CAND-1752,S4,AL062024:WCSC-0TLV,sweeps/S4/S4-AL062024-WCSC-0TLV/objects/229c263ecf5c10bd670be0cbac9102bd5e0d1d4ee1038e5f8d421de09cd2958c,,AL062024
CAND-1753,S4,AL062024:WCSC-0TNM,sweeps/S4/S4-AL062024-WCSC-0TNM/objects/27c2baa30661c2c9fd779854d88afb407cfae6158e77bf92d8c40cafbe68bb17,,AL062024
CAND-1754,S4,AL062024:WCSC-0TP3,sweeps/S4/S4-AL062024-WCSC-0TP3/objects/e079cf847c63bb39005ad069aa709d07494ab0eb46f638fddf46b9d84aff355a,,AL062024
CAND-1755,S4,AL062024:WCSC-0TP4,sweeps/S4/S4-AL062024-WCSC-0TP4/objects/39d4bd9c2dc774bcdd6b237ed893aa6084f5f715f545800359d5bb0ad8992c1b,,AL062024
CAND-1756,S4,AL062024:WCSC-0TTR,sweeps/S4/S4-AL062024-WCSC-0TTR/objects/e3066d8e22533241e08e0b48136ddcb721e37cd062a9b6de1c9c2cc0bd6199c2,,AL062024
CAND-1757,S4,AL062024:WCSC-0TUW,sweeps/S4/S4-AL062024-WCSC-0TUW/objects/0a098194dbbef95c2c555ebfe4d1ed5a1fce60c0154af02448cd17ce2ff8a82e,,AL062024
CAND-1758,S4,AL062024:WCSC-0TUX,sweeps/S4/S4-AL062024-WCSC-0TUX/objects/aee686d7b4e6ec25a15e1fe31067eff5afc05672050550d8599db2fc82a4937f,,AL062024
CAND-1759,S4,AL062024:WCSC-0TX5,sweeps/S4/S4-AL062024-WCSC-0TX5/objects/d16ef68e7c3f3d88842b3de3b039717179c2b94ed8369d0d8243d3bd59f404e1,,AL062024
CAND-1760,S4,AL062024:WCSC-0TX7,sweeps/S4/S4-AL062024-WCSC-0TX7/objects/1ae8c3ced24f621057c8fe60aa00210847a409b1dd8982ecca326046de020662,,AL062024
CAND-1761,S4,AL062024:WCSC-0TYL,sweeps/S4/S4-AL062024-WCSC-0TYL/objects/c9637680179846f8c0769e8fcf09fe893fcb38bf1bacec5a07aa227d1572a536,,AL062024
CAND-1762,S4,AL062024:WCSC-0TYV,sweeps/S4/S4-AL062024-WCSC-0TYV/objects/bef3ec83fb236d95c8cb05b97d464e31fd85cfc2a0494559caf189c1e201b20d,,AL062024
CAND-1763,S4,AL062024:WCSC-0U03,sweeps/S4/S4-AL062024-WCSC-0U03/objects/1d59f87175808230c9a89f45768759f011ccf7a941a00350df7b2c9191a8531b,,AL062024
CAND-1764,S4,AL062024:WCSC-0U1T,sweeps/S4/S4-AL062024-WCSC-0U1T/objects/56d3276d79ba162e0cef23a0cb921511bd80a32026420f03612c6db76fca21aa,,AL062024
CAND-1765,S4,AL062024:WCSC-0U22,sweeps/S4/S4-AL062024-WCSC-0U22/objects/27bbfd808693912a85008816866eef3bc28c077d1bab69762e53d80c100c7038,,AL062024
CAND-1766,S4,AL062024:WCSC-0U2B,sweeps/S4/S4-AL062024-WCSC-0U2B/objects/aab9a9fd30b17a0b9b70239f6939770c2d6fe4f4685a41430663db2953b83869,,AL062024
CAND-1767,S4,AL062024:WCSC-0WLG,sweeps/S4/S4-AL062024-WCSC-0WLG/objects/ab45a12a471bc648e1c0be57b5633eeac3739063ee37687b9e2e64d76c3ff95e,,AL062024
CAND-1768,S4,AL062024:WCSC-0WLH,sweeps/S4/S4-AL062024-WCSC-0WLH/objects/45cfeda6b426e63ccd6a6106a99fefc121bb1a226ff2f398fc555b2f0211bfdc,,AL062024
CAND-1769,S4,AL062024:WCSC-0WLJ,sweeps/S4/S4-AL062024-WCSC-0WLJ/objects/133ddc22b5c79bf3ec35191f6ec3eba8709be3be122808c8baf635b629e82664,,AL062024
CAND-1770,S4,AL062024:WCSC-0WMA,sweeps/S4/S4-AL062024-WCSC-0WMA/objects/31bbca836e3bcf43f41128401b4be4e3d4a0d967017edd0a5da4d229b7be0887,,AL062024
CAND-1771,S4,AL062024:WCSC-0WME,sweeps/S4/S4-AL062024-WCSC-0WME/objects/7f855469bcadc523909a7480e0ba823391b0b4f43cf27e9026ada45ac46b7d27,,AL062024
CAND-1772,S4,AL062024:WCSC-0WMU,sweeps/S4/S4-AL062024-WCSC-0WMU/objects/cc2e94f1e404a6a612caaee0f002232f06dcbeeec4788584b215788677131c47,,AL062024
CAND-1773,S4,AL062024:WCSC-0WMX,sweeps/S4/S4-AL062024-WCSC-0WMX/objects/0a104772cda93e0e6f2b0e6eaacba8afc32c76d495c23f64645b37235046a292,,AL062024
CAND-1774,S4,AL062024:WCSC-0WMY,sweeps/S4/S4-AL062024-WCSC-0WMY/objects/ecb5b2422f8e6329694da23bd61ab5c714f3e32452ffa9e78d63df19b2399d1f,,AL062024
CAND-1775,S4,AL062024:WCSC-0WMZ,sweeps/S4/S4-AL062024-WCSC-0WMZ/objects/10bd1bfcc101f59e42ac66f46bc55e0f1197be052d20f26a2db7990b4d803db2,,AL062024
CAND-1776,S4,AL062024:WCSC-0WNN,sweeps/S4/S4-AL062024-WCSC-0WNN/objects/8368e6d4fad51666be184de8df1c9b06c380aa15d087bd3b4e5b71ed155d33fd,,AL062024
CAND-1777,S4,AL062024:WCSC-0WNP,sweeps/S4/S4-AL062024-WCSC-0WNP/objects/5276508e248b24993ec82519b38a5c01d7bb66bc3054740f1f97f1c344898add,,AL062024
CAND-1778,S4,AL062024:WCSC-0WNQ,sweeps/S4/S4-AL062024-WCSC-0WNQ/objects/d6427618b37269001ed8418d1654931427de4ea9268989375c3ddb16a7766645,,AL062024
CAND-1779,S4,AL062024:WCSC-0WP7,sweeps/S4/S4-AL062024-WCSC-0WP7/objects/470c849ee2f9e9b67a0a500a9fd89285256e0acaad6d91a468386d37fceacdc3,,AL062024
CAND-1780,S4,AL062024:WCSC-0WP9,sweeps/S4/S4-AL062024-WCSC-0WP9/objects/0717c94c8b916becd652109c2b3be2b8c056f342c2d8eff95d71fe0fc48dfc9e,,AL062024
CAND-1781,S4,AL062024:WCSC-0WPA,sweeps/S4/S4-AL062024-WCSC-0WPA/objects/0751e326c20459d0af7e7503e2ef3d1ed5dfd1519f525cb5efaa3b104dbd775c,,AL062024
CAND-1782,S4,AL062024:WCSC-0WPT,sweeps/S4/S4-AL062024-WCSC-0WPT/objects/d633258f1972c099a4a188649469780154506c2e490ff3cea59bc3c3dcd2ccd5,,AL062024
CAND-1783,S4,AL062024:WCSC-0WUH,sweeps/S4/S4-AL062024-WCSC-0WUH/objects/527113a90fd8f6f1bc91637a742ee841e69265963061410957701a0afc13ea56,,AL062024
CAND-1784,S4,AL062024:WCSC-0WUS,sweeps/S4/S4-AL062024-WCSC-0WUS/objects/ecaff49c3518d5caabbbeb215b1a18baf7592905e6c9c0a2f7354b54bfd7fe38,,AL062024
CAND-1785,S4,AL062024:WCSC-0WUT,sweeps/S4/S4-AL062024-WCSC-0WUT/objects/f1ba4880c1973310c4aa160c702ee143ba8076311306c239350205e4cb6dba61,,AL062024
CAND-1786,S4,AL062024:WCSC-0WUU,sweeps/S4/S4-AL062024-WCSC-0WUU/objects/678a79aaf36c8c5fb1d7f8323154b65f8d2e5a79d02d255eb85fd589114f11d0,,AL062024
CAND-1787,S4,AL062024:WCSC-0WVC,sweeps/S4/S4-AL062024-WCSC-0WVC/objects/0c18ffa321267f47852450d5621254423a7543cc915bc9f640fc0718103abf6c,,AL062024
CAND-1788,S4,AL062024:WCSC-0WVD,sweeps/S4/S4-AL062024-WCSC-0WVD/objects/21bbb144f8c8b8fc872d20075c0ffc66a5198205c0cc099605749bb952eefea3,,AL062024
CAND-1789,S4,AL062024:WCSC-0WVQ,sweeps/S4/S4-AL062024-WCSC-0WVQ/objects/d0720a91680907f1549205ac9ca07934247c0fbb29f4bfcf4cd13cbad3668ca1,,AL062024
CAND-1790,S4,AL062024:WCSC-0WVV,sweeps/S4/S4-AL062024-WCSC-0WVV/objects/fe432c3fc7c1cc2e59f513beb9425fd0d1102235316f293fe1961d31156f227c,,AL062024
CAND-1791,S4,AL062024:WCSC-0WVW,sweeps/S4/S4-AL062024-WCSC-0WVW/objects/05ebaddf8b99ad37f5bbf5e098a91ef2767adedf78f85a7b7eeb20e5c7b4b923,,AL062024
CAND-1792,S4,AL062024:WCSC-0WVX,sweeps/S4/S4-AL062024-WCSC-0WVX/objects/25d150a7335e7a2ab81fb77d32c8fc096ff1f7dee9d761812f6be02798c4b9c3,,AL062024
CAND-1793,S4,AL062024:WCSC-0WW0,sweeps/S4/S4-AL062024-WCSC-0WW0/objects/a9ffff134fe609e56bf0abfadff6376e5e5322081eb57c11ecce1093ea2fad92,,AL062024
CAND-1794,S4,AL062024:WCSC-0WW2,sweeps/S4/S4-AL062024-WCSC-0WW2/objects/69346c31353144af0b96126424ef9b5af583c50f8d1e589a52cbda2c7641d855,,AL062024
CAND-1795,S4,AL062024:WCSC-0WW5,sweeps/S4/S4-AL062024-WCSC-0WW5/objects/4eeac4361c4cfabe73bab78aac2991314bb906a65d862a21abfeebecbd2b8942,,AL062024
CAND-1796,S4,AL062024:WCSC-0WWH,sweeps/S4/S4-AL062024-WCSC-0WWH/objects/0cd7e1eb7d1ec771dda12a44ef485fb34479b79ea56b14c038e0f9f27f3aebea,,AL062024
CAND-1797,S4,AL062024:WCSC-0WWK,sweeps/S4/S4-AL062024-WCSC-0WWK/objects/3cc64c347a9fa1d3044304f0322faf4f6d02b62b9dc3293f36701a59bbba5b94,,AL062024
CAND-1798,S4,AL062024:WCSC-0WWN,sweeps/S4/S4-AL062024-WCSC-0WWN/objects/cea20e05e2cb1fe09d8ec0106daaf548d521ce6f596405ff9e1e2c226e24d9c0,,AL062024
CAND-1799,S4,AL062024:WCSC-0WWT,sweeps/S4/S4-AL062024-WCSC-0WWT/objects/ce0e4bd5f1477a07c17ce46a8f054b23b98718fcc8ae7503d8a46f44876df737,,AL062024
CAND-1800,S4,AL062024:WCSC-0WWV,sweeps/S4/S4-AL062024-WCSC-0WWV/objects/c3102e1d32dfe6fae6fa94c82f94fd08093e1cdfd533c2f888c3bda0f8005299,,AL062024
CAND-1801,S4,AL062024:WCSC-0WWW,sweeps/S4/S4-AL062024-WCSC-0WWW/objects/4cd0d9e3055307ae7f7977d84e159f68e197ab70533a107e24ac5babec418682,,AL062024
CAND-1802,S4,AL062024:WCSC-0WWY,sweeps/S4/S4-AL062024-WCSC-0WWY/objects/448fd7cbeae9a9ca177ac2140fc4a360d95d2340a2066d7a267efacb7fa6e4b9,,AL062024
CAND-1803,S4,AL062024:WCSC-0WWZ,sweeps/S4/S4-AL062024-WCSC-0WWZ/objects/acc074cb5effc78f585299e9c779a0087f7728fa7d62163b6a1341d457e3f7e0,,AL062024
CAND-1804,S4,AL062024:WCSC-0WXJ,sweeps/S4/S4-AL062024-WCSC-0WXJ/objects/5a69bc352b8af110a916a2c3f02f477fc71a5fa6714b07eb6e20130346191494,,AL062024
CAND-1805,S4,AL062024:WCSC-0WXK,sweeps/S4/S4-AL062024-WCSC-0WXK/objects/f189bc1f159f59b801824887bdc78cedea51c237a156b98a12b8daba00ceec60,,AL062024
CAND-1806,S4,AL062024:WCSC-0WXL,sweeps/S4/S4-AL062024-WCSC-0WXL/objects/6b547e94fffae7a46c64a494e6a063d020bfe528741016734126af37850daabe,,AL062024
CAND-1807,S4,AL062024:WCSC-0WXM,sweeps/S4/S4-AL062024-WCSC-0WXM/objects/a98a1785a52d78d81ca96b67f692509f2e304b15a80f62c8e95735dea01d14e0,,AL062024
CAND-1808,S4,AL062024:WCSC-0WXQ,sweeps/S4/S4-AL062024-WCSC-0WXQ/objects/705c97720b2cfb9cf739aab56d2b103e1933b598a8151eb4e99959fe7a5e32f1,,AL062024
CAND-1809,S4,AL062024:WCSC-0WXR,sweeps/S4/S4-AL062024-WCSC-0WXR/objects/7005f0d8e701bb125af9d164aca13c779c6bc85288023a746c3d3ae3f2439b2e,,AL062024
CAND-1810,S4,AL062024:WCSC-0WY2,sweeps/S4/S4-AL062024-WCSC-0WY2/objects/86a4ed0b7c99effc27fe38eeb0de5cab0c50a296c0813f31ee6f1b290e61064d,,AL062024
CAND-1811,S4,AL062024:WCSC-0WY5,sweeps/S4/S4-AL062024-WCSC-0WY5/objects/338280d9c0e54b104fca8fd784c04a85a27a62fd06e0a79cbc9b3478222d18a3,,AL062024
CAND-1812,S4,AL062024:WCSC-0WY6,sweeps/S4/S4-AL062024-WCSC-0WY6/objects/e5d60b4f5838eedf64a60da335e2292efb5ce1b657bcb6934170ad3112e5d95f,,AL062024
CAND-1813,S4,AL062024:WCSC-0WYG,sweeps/S4/S4-AL062024-WCSC-0WYG/objects/b0636b842c390da0fb1c87951ed5e3036db31f6cb133bb0e99435d3f295ef507,,AL062024
CAND-1814,S4,AL062024:WCSC-0WYH,sweeps/S4/S4-AL062024-WCSC-0WYH/objects/417fbfa0a9f075a250536e3a94d8bc4f1bdb99c4be5b20665f650b5ba980151f,,AL062024
CAND-1815,S4,AL062024:WCSC-0WYJ,sweeps/S4/S4-AL062024-WCSC-0WYJ/objects/83c4f4f065f632c10435dfd4733733d8093bac420d5ff1fc5a11afb2a5e500ef,,AL062024
CAND-1816,S4,AL062024:WCSC-0WYK,sweeps/S4/S4-AL062024-WCSC-0WYK/objects/ef4b7c2832d45f0d7bb1465bee092949d98b4f15d73a071e5b36e10abcb71ef3,,AL062024
CAND-1817,S4,AL062024:WCSC-0WYP,sweeps/S4/S4-AL062024-WCSC-0WYP/objects/63e210e0594b91d88bcd722ca2b9e77d90fc85c3e7d234c912a4c6e1bcec5190,,AL062024
CAND-1818,S4,AL062024:WCSC-0WYQ,sweeps/S4/S4-AL062024-WCSC-0WYQ/objects/5e359e7ffe4e04278b839fecf144fe71dd3e4190f3febf2166814728360347f2,,AL062024
CAND-1819,S4,AL062024:WCSC-0WYR,sweeps/S4/S4-AL062024-WCSC-0WYR/objects/d1eb89ffd9d4932c1c1fded63d88ecfde66e9bccbe36aeab54d4649ba97b942b,,AL062024
CAND-1820,S4,AL062024:WCSC-0WYZ,sweeps/S4/S4-AL062024-WCSC-0WYZ/objects/56a00615d726f4b08e4a5458e874a1888db7faa098820ad3b734330049e50ba7,,AL062024
CAND-1821,S4,AL062024:WCSC-0WZ4,sweeps/S4/S4-AL062024-WCSC-0WZ4/objects/1c9956dff03f176ed64f0afc9b22dce6f8bbd1d5568b8a436cfb9b88d2bb7534,,AL062024
CAND-1822,S4,AL062024:WCSC-0WZ7,sweeps/S4/S4-AL062024-WCSC-0WZ7/objects/cb02b966972ce9b16a152feb1061ec05439de9054f895dea0fb3f797532c86e9,,AL062024
CAND-1823,S4,AL062024:WCSC-0WZB,sweeps/S4/S4-AL062024-WCSC-0WZB/objects/2163b327eede1d32e61aa7ea3efd88c6cbe4c9f986b4a9d9bef71e884ed948f3,,AL062024
CAND-1824,S4,AL062024:WCSC-0WZM,sweeps/S4/S4-AL062024-WCSC-0WZM/objects/f1209e3a25da6c9b818feb362d563279c07201da6cfe68dcc89fc46d821b8167,,AL062024
CAND-1825,S4,AL062024:WCSC-0WZT,sweeps/S4/S4-AL062024-WCSC-0WZT/objects/064f67bacdd0bfc08fb1e6ce7620e89def0e2ee3ff4f0377a6386af1e9817cff,,AL062024
CAND-1826,S4,AL062024:WCSC-0WZV,sweeps/S4/S4-AL062024-WCSC-0WZV/objects/b458a0f24578e94fc292412e2828ea2e2659cd706d95df4ced9d80f1e5e81f0c,,AL062024
CAND-1827,S4,AL062024:WCSC-0X02,sweeps/S4/S4-AL062024-WCSC-0X02/objects/b0ad3c2fd68d0ad9f79c7b6c4d53c8d546026b359f754924348204dec172bfbd,,AL062024
CAND-1828,S4,AL062024:WCSC-0X0B,sweeps/S4/S4-AL062024-WCSC-0X0B/objects/8dd0f04e346f369be97168a3b3a505ef18772a60d4ab106f7c32645cbbecffce,,AL062024
CAND-1829,S4,AL062024:WCSC-0X0S,sweeps/S4/S4-AL062024-WCSC-0X0S/objects/6bd46d920044aae402a7335144d6158229e8b33d49b61e6859f06059c5c05dbf,,AL062024
CAND-1830,S4,AL062024:WCSC-0X18,sweeps/S4/S4-AL062024-WCSC-0X18/objects/88bbf9e4dde7d04bcd752dc859e15b7131e905fa03b64fffa55cef54716ef4e3,,AL062024
CAND-1831,S4,AL062024:WCSC-0X20,sweeps/S4/S4-AL062024-WCSC-0X20/objects/b9c6786e2b9a5c9861bb850df7c23460c032141974a54e45b8d4d303d12950d4,,AL062024
CAND-1832,S4,AL062024:WCSC-0X24,sweeps/S4/S4-AL062024-WCSC-0X24/objects/06dc70998cd31b7447799add37f74ef2567d30c7a0e8a873c47014449df4e0f4,,AL062024
CAND-1833,S4,AL062024:WCSC-0X2K,sweeps/S4/S4-AL062024-WCSC-0X2K/objects/bf02986a514635ce5230aba98ae0a3b1237e914f4e921093e9a3b4620370e7c4,,AL062024
CAND-1834,S4,AL062024:WCSC-0X2L,sweeps/S4/S4-AL062024-WCSC-0X2L/objects/b8d9c8acae4683abecaa6881239680fb85035475eaad1cd80bf02a991f4d3cc1,,AL062024
CAND-1835,S4,AL062024:WCSC-0X2M,sweeps/S4/S4-AL062024-WCSC-0X2M/objects/c3c074444b5cd4b54ad1bbe97dfe49b083751dc47e3d96d95116554cd2117292,,AL062024
CAND-1836,S4,AL062024:WCSC-0X2Q,sweeps/S4/S4-AL062024-WCSC-0X2Q/objects/f927351e1b992b51a3a56e03d79c432cc5552a2fe393bdeb930f2d92fa0d8903,,AL062024
CAND-1837,S4,AL062024:WCSC-0X2R,sweeps/S4/S4-AL062024-WCSC-0X2R/objects/8b38c30111fd732efa4adbac8e85871152cd8fdb33e2c0e6f91d50bfe5c2027e,,AL062024
CAND-1838,S4,AL062024:WCSC-0X2U,sweeps/S4/S4-AL062024-WCSC-0X2U/objects/66c42de3823ca233f846581dab6e254f357c6fc0eff390c2d7ea29d4ddadeb44,,AL062024
CAND-1839,S4,AL062024:WCSC-0X32,sweeps/S4/S4-AL062024-WCSC-0X32/objects/a1c5676898fd4dba20a768c508d55d50d8df39cf8680de8ca1b626f055b0e1ea,,AL062024
CAND-1840,S4,AL062024:WCSC-0X58,sweeps/S4/S4-AL062024-WCSC-0X58/objects/d0b2f1f5941ff9f50bb733c61b03a28e3097c856cbf1c553de807fe5197010c7,,AL062024
CAND-1841,S4,AL062024:WCSC-0X59,sweeps/S4/S4-AL062024-WCSC-0X59/objects/a0239b4010e7903f645d34df19c589b2ddbe76ad93443ff58116ea3ab6696ce4,,AL062024
CAND-1842,S4,AL062024:WCSC-0X5U,sweeps/S4/S4-AL062024-WCSC-0X5U/objects/1220b6f590b2aa69a4ae14c6b4ec7225f35ac9da1cc07fce7fd8a10e2b2dc472,,AL062024
CAND-1843,S4,AL062024:WCSC-0X62,sweeps/S4/S4-AL062024-WCSC-0X62/objects/b87200e65d807709809ef115e9e49909c3c6658a822564f6e6183f533f73e7ad,,AL062024
CAND-1844,S4,AL062024:WCSC-0X64,sweeps/S4/S4-AL062024-WCSC-0X64/objects/00a7ecf41dc57bc1bf0efc1b6e61eca26831350b86398b45d4365abb0a97e028,,AL062024
CAND-1845,S4,AL062024:WCSC-0X6B,sweeps/S4/S4-AL062024-WCSC-0X6B/objects/3cd4f92307ae0369fa363c55947348cf4296192065279582c71fa269ae628470,,AL062024
CAND-1846,S4,AL062024:WCSC-0X6C,sweeps/S4/S4-AL062024-WCSC-0X6C/objects/3502642bc785ad7a460b4175947311187ff6db6dd7ccfc832db3f1fb455abe30,,AL062024
CAND-1847,S4,AL062024:WCSC-0X6D,sweeps/S4/S4-AL062024-WCSC-0X6D/objects/9e49df4e89bc3a46241dbc7c120b158df552d52ffab35dac9568705cbde04c5e,,AL062024
CAND-1848,S4,AL062024:WCSC-0X6E,sweeps/S4/S4-AL062024-WCSC-0X6E/objects/e953e6c953392730562c99c5737753a369708f6d8ee52608351a3bdcb24f11a4,,AL062024
CAND-1849,S4,AL062024:WCSC-0X6G,sweeps/S4/S4-AL062024-WCSC-0X6G/objects/c44ad0ff17433ae3f60017aeba0ca3819c1d404dbbc744be78d3f2ac78878000,,AL062024
CAND-1850,S4,AL062024:WCSC-0X6H,sweeps/S4/S4-AL062024-WCSC-0X6H/objects/804c43951de8aa538f64d3cbc8ad49edb74c723b85d46f2301d5bd7719b6b019,,AL062024
CAND-1851,S4,AL062024:WCSC-0X6J,sweeps/S4/S4-AL062024-WCSC-0X6J/objects/8fd891cfe44381b89d1ad2627572382c1c1e0b032d724999681e938cb8eb8113,,AL062024
CAND-1852,S4,AL062024:WCSC-0X6K,sweeps/S4/S4-AL062024-WCSC-0X6K/objects/89b02d3e28776ac3a443e0566bfb2427de7f1e9cf391a9871dd85304ad602e16,,AL062024
CAND-1853,S4,AL062024:WCSC-0X6L,sweeps/S4/S4-AL062024-WCSC-0X6L/objects/c19c7324a4384eed9d650620638bbb053c0e319a9da8ecccd50c99fca27b2000,,AL062024
CAND-1854,S4,AL062024:WCSC-0X6P,sweeps/S4/S4-AL062024-WCSC-0X6P/objects/9ca9f375bbeb0856772cebbdbd2a976f01b25e5e3ce89c70957224141a5e02b8,,AL062024
CAND-1855,S4,AL062024:WCSC-0X6V,sweeps/S4/S4-AL062024-WCSC-0X6V/objects/7baca561c9a10a34b93aa19ae0eb97723cd928d1512a85502d69aeea1ab7ee36,,AL062024
CAND-1856,S4,AL062024:WCSC-0X75,sweeps/S4/S4-AL062024-WCSC-0X75/objects/112002ff00c288c3a13b69bd010eac8167917e3807410c9d77c8b63aeda3fd91,,AL062024
CAND-1857,S4,AL062024:WCSC-0X76,sweeps/S4/S4-AL062024-WCSC-0X76/objects/155fc94e8c1b179168e5409d074358fa0a5886aeef0c97a1d1ec86fdf67c25e3,,AL062024
CAND-1858,S4,AL062024:WCSC-0X77,sweeps/S4/S4-AL062024-WCSC-0X77/objects/6220d255f5333cfaaa64e5b5868ec90319a3a9e9252ba40bbfa1aeef0e937f69,,AL062024
CAND-1859,S4,AL062024:WCSC-0X78,sweeps/S4/S4-AL062024-WCSC-0X78/objects/78b734c5d04c33c7785c9b3b43997c511fa24faba1ce93f2cf796c90d3258076,,AL062024
CAND-1860,S4,AL062024:WCSC-0X7G,sweeps/S4/S4-AL062024-WCSC-0X7G/objects/0ecff7cb3be97f7efee71165678875f0de53baa63dad1858fa2b6a59eff388d9,,AL062024
CAND-1861,S4,AL062024:WCSC-0X7L,sweeps/S4/S4-AL062024-WCSC-0X7L/objects/0af16b7a2a44515c8f96cff527e8333badc503a228a4feee5aee9189660f9034,,AL062024
CAND-1862,S4,AL062024:WCSC-0X7M,sweeps/S4/S4-AL062024-WCSC-0X7M/objects/3e2bce1b711effec5107f355d2ef1c4ef55c27cd724daa7f2ba8193b85ef8445,,AL062024
CAND-1863,S4,AL062024:WCSC-0X7N,sweeps/S4/S4-AL062024-WCSC-0X7N/objects/a1cd6323b90e19735f298332ece537d527a3f600c8f9867dbc1dae4ec0667d20,,AL062024
CAND-1864,S4,AL062024:WCSC-0X7Q,sweeps/S4/S4-AL062024-WCSC-0X7Q/objects/e3f669ec1ea67fb33e8b9a23abc8f47671c0c32067d7e2e971f3822619ceb401,,AL062024
CAND-1865,S4,AL062024:WCSC-0X7R,sweeps/S4/S4-AL062024-WCSC-0X7R/objects/1c583edceb9881311482a3fa49b6e7c9f06970adf6dd413651f84c583e74c029,,AL062024
CAND-1866,S4,AL062024:WCSC-0X7S,sweeps/S4/S4-AL062024-WCSC-0X7S/objects/a6ec469a8aa4514150e651e8cae7ca17f52828bb026e3159aea8287eae893021,,AL062024
CAND-1867,S4,AL062024:WCSC-0X7T,sweeps/S4/S4-AL062024-WCSC-0X7T/objects/26932d620a4dad472de0d42bd95e7e4caeafc49dee661fd78393f4b1137d3276,,AL062024
CAND-1868,S4,AL062024:WCSC-0X84,sweeps/S4/S4-AL062024-WCSC-0X84/objects/30cf0a2ca09b053fa846d177c133d0e05e9001d8bcabb342c3fd4571caf0e406,,AL062024
CAND-1869,S4,AL062024:WCSC-0X8B,sweeps/S4/S4-AL062024-WCSC-0X8B/objects/4abf5bd2b2b6527c0cc3bd3a50b6996fff286690a1db6bacf8641ed3b1c5ba3f,,AL062024
CAND-1870,S4,AL062024:WCSC-0X8T,sweeps/S4/S4-AL062024-WCSC-0X8T/objects/eb8bc189c355c597b0c1b705a04b9fe84ebbfb8c9460d887c18afcc5d4cc2798,,AL062024
CAND-1871,S4,AL062024:WCSC-0X8W,sweeps/S4/S4-AL062024-WCSC-0X8W/objects/cca8809a4dcd75e04da894eb88cde5f204c93367da1e5693cc2de064cbf47b48,,AL062024
CAND-1872,S4,AL062024:WCSC-0X93,sweeps/S4/S4-AL062024-WCSC-0X93/objects/0969e4269c1dc3a46fbfb53e4922f874918e184023cb3266c3156ec6ce73f154,,AL062024
CAND-1873,S4,AL062024:WCSC-0X9A,sweeps/S4/S4-AL062024-WCSC-0X9A/objects/e2469932434738fe0c3537a3e5fa9f22945d8b5a870fd67c3f71d72cbbf525d9,,AL062024
CAND-1874,S4,AL062024:WCSC-0X9B,sweeps/S4/S4-AL062024-WCSC-0X9B/objects/d0f0722a4c2861c394d09cc5a788843dc153e6282c2af377c0aec19b53986496,,AL062024
CAND-1875,S4,AL062024:WCSC-0X9C,sweeps/S4/S4-AL062024-WCSC-0X9C/objects/61003f03e933fc100e830074d2720d866ebb190b0e7e72836518e78be6adb905,,AL062024
CAND-1876,S4,AL062024:WCSC-0X9D,sweeps/S4/S4-AL062024-WCSC-0X9D/objects/aa266b99e855e3c11928f462264b80d4846644753a6376434a9bdcfef2e0803a,,AL062024
CAND-1877,S4,AL062024:WCSC-0X9E,sweeps/S4/S4-AL062024-WCSC-0X9E/objects/61ba37c59f038ce0882d73ecd039b7b3c7968c81bae0af3b647c6e34e18da7d8,,AL062024
CAND-1878,S4,AL062024:WCSC-0X9M,sweeps/S4/S4-AL062024-WCSC-0X9M/objects/7b0b1381046bf56faec0f3308861d4d6c8b79817d520de8cf383d36c38ece63e,,AL062024
CAND-1879,S4,AL062024:WCSC-0X9X,sweeps/S4/S4-AL062024-WCSC-0X9X/objects/3a034e3ad8114afdc7d405e8649c6833a6372e217795c40bc52d3526d9c8a0bf,,AL062024
CAND-1880,S4,AL062024:WCSC-0X9Y,sweeps/S4/S4-AL062024-WCSC-0X9Y/objects/782b2c2f39045b8cae6ec956e6244c4ec4ed7b2696af600006725e682eee170c,,AL062024
CAND-1881,S4,AL062024:WCSC-0X9Z,sweeps/S4/S4-AL062024-WCSC-0X9Z/objects/ea49e2bdd2ee4423c2481b49734d20d7186a2ad4d5f1390aa03ec2fd034fd2c6,,AL062024
CAND-1882,S4,AL062024:WCSC-0XA0,sweeps/S4/S4-AL062024-WCSC-0XA0/objects/52cbbbe7f7fb23967462a88702303581871cb43af505cce22e5b6eaf892925de,,AL062024
CAND-1883,S4,AL062024:WCSC-0XA1,sweeps/S4/S4-AL062024-WCSC-0XA1/objects/3bd7cf1d2032b43419e02c960debe558c07eed479e8e3ad4e7881bccc3c7e834,,AL062024
CAND-1884,S4,AL062024:WCSC-0XAD,sweeps/S4/S4-AL062024-WCSC-0XAD/objects/eeb9bdc806e73b024f22bdb19c96df002d6825a078c275cbf378285fe8479924,,AL062024
CAND-1885,S4,AL062024:WCSC-0XAE,sweeps/S4/S4-AL062024-WCSC-0XAE/objects/1e38d72d6169dfd010539cc4b6c8d260fbf0093b90d4a228f4af2f6056a79d95,,AL062024
CAND-1886,S4,AL062024:WCSC-0XAF,sweeps/S4/S4-AL062024-WCSC-0XAF/objects/4c86d9f66dd799827ff4b833ea47f1148394dcfea92d7001792d2654ba3ee1f0,,AL062024
CAND-1887,S4,AL062024:WCSC-0XAH,sweeps/S4/S4-AL062024-WCSC-0XAH/objects/b00c595c9e8b633fc0433e1d642187c1bcb05ec1bcf949f52fd04980dca90c03,,AL062024
CAND-1888,S4,AL062024:WCSC-0XAJ,sweeps/S4/S4-AL062024-WCSC-0XAJ/objects/425a036ed88b07ea68466f58e2116f48e1fdb87319741add3f5161fd49344de8,,AL062024
CAND-1889,S4,AL062024:WCSC-0XAK,sweeps/S4/S4-AL062024-WCSC-0XAK/objects/8d726a03cec967a604aec80aec63478ca790d8f483cd934c05da831e57a92d69,,AL062024
CAND-1890,S4,AL062024:WCSC-0XAL,sweeps/S4/S4-AL062024-WCSC-0XAL/objects/e1cbfb77bd1c3d2a548ae2bfd23f82e7235e68ca53d5c429b08b1618354b36a8,,AL062024
CAND-1891,S4,AL062024:WCSC-0XAM,sweeps/S4/S4-AL062024-WCSC-0XAM/objects/5df1b40d3dfc4030ee2c916e204a0d5026df72563b44e16d76a8dd923eae69ac,,AL062024
CAND-1892,S4,AL062024:WCSC-0XAN,sweeps/S4/S4-AL062024-WCSC-0XAN/objects/ac00a8b76d8ff43e82735e052bdb3049d9454f527d5548eb88df3c550dc2a4a3,,AL062024
CAND-1893,S4,AL062024:WCSC-0XAU,sweeps/S4/S4-AL062024-WCSC-0XAU/objects/2348bfd3b7e72f493726147a53808795d274198d2b318a5931fbf8bdda712564,,AL062024
CAND-1894,S4,AL062024:WCSC-0XAX,sweeps/S4/S4-AL062024-WCSC-0XAX/objects/32a1295c87d4c7f0b0554d89669d73d43c6310e62db9bc1d361134fe8479c5cb,,AL062024
CAND-1895,S4,AL062024:WCSC-0XAY,sweeps/S4/S4-AL062024-WCSC-0XAY/objects/84fb514ca66db7bfa4cb8815cfa396b43656c182d13634d7b650b2ec6b9e3750,,AL062024
CAND-1896,S4,AL062024:WCSC-0XAZ,sweeps/S4/S4-AL062024-WCSC-0XAZ/objects/c15ae2a1d003aa4a8afbbac2030cb6f23f34be13f3ac2c8a688e0ba9bb1f9d77,,AL062024
CAND-1897,S4,AL062024:WCSC-0XB1,sweeps/S4/S4-AL062024-WCSC-0XB1/objects/44ec9547f8a906a18f8929dfa8cd8a6a8613333c0dc56bebf1b17aabd0dda2f6,,AL062024
CAND-1898,S4,AL062024:WCSC-0XB2,sweeps/S4/S4-AL062024-WCSC-0XB2/objects/690b2c922deff5ab87e41b46194e4c057aed30a1d6b510d68a3eebb4a713a001,,AL062024
CAND-1899,S4,AL062024:WCSC-0XB3,sweeps/S4/S4-AL062024-WCSC-0XB3/objects/6b1531a29d515d1fb59422bb3f99aaad813ba2c29f3bf8b55041243df8914bef,,AL062024
CAND-1900,S4,AL062024:WCSC-0XB4,sweeps/S4/S4-AL062024-WCSC-0XB4/objects/21ca7549c817ca9fdcacaecad9e8e7b46c656a617589ab32821e2341e21505d4,,AL062024
CAND-1901,S4,AL062024:WCSC-0Y5U,sweeps/S4/S4-AL062024-WCSC-0Y5U/objects/a386f20aeb1a8061d985cb8fde78adec8c289c4ac680c2076498e569c6cbfec4,,AL062024
CAND-1902,S4,AL062024:WCSC-0Y5W,sweeps/S4/S4-AL062024-WCSC-0Y5W/objects/5f319980924fe60d088a1e0839601165a1adc2d1f0e21c0d84bc972393303c62,,AL062024
CAND-1903,S4,AL062024:WCSC-0Y5X,sweeps/S4/S4-AL062024-WCSC-0Y5X/objects/9c0fa6a2e880e01a4d6300fa47bb9c1bbdb318a401a5a5f81c97419fce86e7b1,,AL062024
CAND-1904,S4,AL062024:WCSC-0Y5Y,sweeps/S4/S4-AL062024-WCSC-0Y5Y/objects/2700d4aa6cc6d02921c3212434608700c1509457ed4e6fbc11c7e66baf69a577,,AL062024
CAND-1905,S4,AL062024:WCSC-0Y9M,sweeps/S4/S4-AL062024-WCSC-0Y9M/objects/7a83975b733e24bf35047439c8d8782abc584e40b678ba36d58ee2a4491cdca8,,AL062024
CAND-1906,S4,AL062024:WCSC-0Y9N,sweeps/S4/S4-AL062024-WCSC-0Y9N/objects/65f7c1d9954eba5f47ce027307c5f19d0b6f3845bde86eae7e159014dd5b88d1,,AL062024
CAND-1907,S4,AL062024:WCSC-0YA4,sweeps/S4/S4-AL062024-WCSC-0YA4/objects/4b06cee290195e8cc8c8786462456d0a4a12d4ecc71bf599bc170d14605fa6c6,,AL062024
CAND-1908,S4,AL062024:WCSC-0YAC,sweeps/S4/S4-AL062024-WCSC-0YAC/objects/74e6092922d6e05047f447fe161e3963d9702f0a5ae06a234f030ae1d158689f,,AL062024
CAND-1909,S4,AL062024:WCSC-0YAD,sweeps/S4/S4-AL062024-WCSC-0YAD/objects/7ae9be4598463fa4000ba97fd959376081fc8f86290470038b9f5abdc80d02aa,,AL062024
CAND-1910,S4,AL062024:WCSC-0YCU,sweeps/S4/S4-AL062024-WCSC-0YCU/objects/a7e146f3fce9528c618a559e75f96ef8135f1bbb3002615031d60565ecf9e1b5,,AL062024
CAND-1911,S4,AL062024:WCSC-0YF8,sweeps/S4/S4-AL062024-WCSC-0YF8/objects/18e7e7a367d0b577f47737348022ecf5f3399f513bdc7f3f6ae9625536ba17a4,,AL062024
CAND-1912,S4,AL062024:WCSC-0YPD,sweeps/S4/S4-AL062024-WCSC-0YPD/objects/9ef69d4abe66da22411501ad38d84693931dd2ce2e657c5004c6a7a044b659ab,,AL062024
CAND-1913,S4,AL062024:WCSC-0YSK,sweeps/S4/S4-AL062024-WCSC-0YSK/objects/f195678e0a07c5c312cf6aaaf0845e8aaf3bbdcf57b7852524b4b184be448f04,,AL062024
CAND-1914,S4,AL062024:WCSC-0YSP,sweeps/S4/S4-AL062024-WCSC-0YSP/objects/988ade69c4e034739a742b594a2ac60d92c1709e99c60439c9fc2e812390b159,,AL062024
CAND-1915,S4,AL062024:WCSC-0YST,sweeps/S4/S4-AL062024-WCSC-0YST/objects/b673ce1f6cce922f0748bea8d98f29e2638fca4708f4b94cac91fb1f4c453af4,,AL062024
CAND-1916,S4,AL062024:WCSC-0Z9R,sweeps/S4/S4-AL062024-WCSC-0Z9R/objects/9790a054555d9f210dc29a12aa122fe979c5c2c12f05bdc23f1e780e784b24eb,,AL062024
CAND-1917,S4,AL062024:WCSC-0ZAN,sweeps/S4/S4-AL062024-WCSC-0ZAN/objects/dc693c6f3f5616409acf11eef96a4bbd7789fbb2f7bea29d1c454bf854a08c71,,AL062024
CAND-1918,S4,AL062024:WCSC-0ZRU,sweeps/S4/S4-AL062024-WCSC-0ZRU/objects/2d4c00d877a7006f2fdf1db2d6c9e869d58a54c0006bbbac30154e605a969d35,,AL062024
CAND-1919,S4,AL062024:WCSC-0ZSB,sweeps/S4/S4-AL062024-WCSC-0ZSB/objects/d50256754fce6b8bb9a8b71356935b5664480c8844be4fb4c4b14098b3a7a25b,,AL062024
CAND-1920,S4,AL062024:WCSC-120Y,sweeps/S4/S4-AL062024-WCSC-120Y/objects/e7db50a63c507693bbec4833bdcfbdf046a74ea6b672006c141deea980142a9d,,AL062024
CAND-1921,S4,AL062024:WCSC-120Z,sweeps/S4/S4-AL062024-WCSC-120Z/objects/74de2c2ddffd900fee5ba1730c30fbb87fc35522de4ee0188734439385e61af2,,AL062024
CAND-1922,S4,AL062024:WCSC-123M,sweeps/S4/S4-AL062024-WCSC-123M/objects/c47c1fa8d0065af63501c3c8ed9154482c08d07b113d7ae3a8f574d4f7e97454,,AL062024
CAND-1923,S4,AL062024:WCSC-125D,sweeps/S4/S4-AL062024-WCSC-125D/objects/841f81c4dc98921600bb555b0481e3501675a9c5db50ce67cc01832111978056,,AL062024
CAND-1924,S4,AL062024:WCSC-125T,sweeps/S4/S4-AL062024-WCSC-125T/objects/1d574f01c0ed4a6ee31e61597b639909a4f6d6fcef2b8c5902e57895899e1c94,,AL062024
CAND-1925,S4,AL062024:WCSC-127X,sweeps/S4/S4-AL062024-WCSC-127X/objects/1100cfdbea5c604beea0d15667c645b92cbf2b00316b324107c763ad494d3e97,,AL062024
CAND-1926,S4,AL062024:WCSC-127Z,sweeps/S4/S4-AL062024-WCSC-127Z/objects/5ec82b65312a6694a47363d13a554af5d9afd86155077941e3490c2ebb961903,,AL062024
CAND-1927,S4,AL062024:WCSC-128Z,sweeps/S4/S4-AL062024-WCSC-128Z/objects/f45c8796243ddb1b67d9a08be4996e5c3d546885850a985a5d20ca0207ac7703,,AL062024
CAND-1928,S4,AL072018:WCSC-0B4Y,sweeps/S4/S4-AL072018-WCSC-0B4Y/objects/93d1dbebbe807254b9bdfc90f7cfa6902e884caa3bdfc06998e044bd598fa7f0,,AL072018
CAND-1929,S4,AL072018:WCSC-0B57,sweeps/S4/S4-AL072018-WCSC-0B57/objects/f01f689a58b02937d9e6cd39dd4f1aa77857d3026f347e792451de0f51d52e1f,,AL072018
CAND-1930,S4,AL072018:WCSC-0DA3,sweeps/S4/S4-AL072018-WCSC-0DA3/objects/64f890ca2139f6eafb3bb0b9e08ce68375ed845b338b135f0fe7a030bf11f12b,,AL072018
CAND-1931,S4,AL072018:WCSC-0DF2,sweeps/S4/S4-AL072018-WCSC-0DF2/objects/c575451412e0d381724edb5de908ce3f74c476c0db90b5819c0825a2f13a3048,,AL072018
CAND-1932,S4,AL072018:WCSC-0DF5,sweeps/S4/S4-AL072018-WCSC-0DF5/objects/08daa97b082bdd43e4c3aa2b6c26193fb305b255b6b2fcff3b370b6d5dfbe148,,AL072018
CAND-1933,S4,AL072018:WCSC-0E4C,sweeps/S4/S4-AL072018-WCSC-0E4C/objects/f8d82da8aaa223d34b732f76f82b753392d7f4e23c3958e6e0143f5c0835d706,,AL072018
CAND-1934,S4,AL072018:WCSC-0E4D,sweeps/S4/S4-AL072018-WCSC-0E4D/objects/f2e242ae995da6d8b17ec8db188e3ee7bd9c5b6e44595231b2ddb4b86f301450,,AL072018
CAND-1935,S4,AL072018:WCSC-0EX5,sweeps/S4/S4-AL072018-WCSC-0EX5/objects/31aefa31b0c1a27dc8e9e5bdd705b725c3a17e9fa5956625b8de67784a3aed7c,,AL072018
CAND-1936,S4,AL072018:WCSC-0MWW,sweeps/S4/S4-AL072018-WCSC-0MWW/objects/2544d7acc0df83c6b0df9d95f37ed116d69450c69c9d3c4fe49e09e1f531581d,,AL072018
CAND-1937,S4,AL072018:WCSC-0N8K,sweeps/S4/S4-AL072018-WCSC-0N8K/objects/74eb92276509e2f2d607345b8053cbf687b132a33389751ace321f6499af5622,,AL072018
CAND-1938,S4,AL072018:WCSC-0NE2,sweeps/S4/S4-AL072018-WCSC-0NE2/objects/3334cd0c71ad2b980ea7d36d0c277a3e9fab8818c52d2c606c458b9cfeeed86e,,AL072018
CAND-1939,S4,AL072018:WCSC-0NE3,sweeps/S4/S4-AL072018-WCSC-0NE3/objects/ae3d25dc165b57a1c007a256dbef561a4930afd605f0326d59ac5548902d506e,,AL072018
CAND-1940,S4,AL072018:WCSC-0NPA,sweeps/S4/S4-AL072018-WCSC-0NPA/objects/039ccdceafd86df69c966821a46045c2df2de91e98b855015da079f6da7728b2,,AL072018
CAND-1941,S4,AL072018:WCSC-0NPC,sweeps/S4/S4-AL072018-WCSC-0NPC/objects/40cff3b4f452dbba0a36d85b03e450c62808375798a8674f3eb55b2e2ac4c037,,AL072018
CAND-1942,S4,AL072018:WCSC-0PJ1,sweeps/S4/S4-AL072018-WCSC-0PJ1/objects/9afc401d50853077a0673de5ed6cd1d4aaabfdd04e46bb6b85a76f9fab091bba,,AL072018
CAND-1943,S4,AL072018:WCSC-0Q0Y,sweeps/S4/S4-AL072018-WCSC-0Q0Y/objects/0b8ce42f2d296272d5a6769532245df23628cabb46b52a685fc5be964580e87a,,AL072018
CAND-1944,S4,AL072018:WCSC-0Q11,sweeps/S4/S4-AL072018-WCSC-0Q11/objects/e03496a7d5a0151f143b7b1ab44cebbd10813018a50f4cc3282406d12bf04d55,,AL072018
CAND-1945,S4,AL072018:WCSC-0Q13,sweeps/S4/S4-AL072018-WCSC-0Q13/objects/335b0bcfcf7287b8692e6bc23a15f5044e1207f91189b91afe93af48ac4ee19c,,AL072018
CAND-1946,S4,AL072018:WCSC-0Q15,sweeps/S4/S4-AL072018-WCSC-0Q15/objects/9644fe90a0cf90eefc46856f96cdec1cd73906986591e494caf1662fa269848f,,AL072018
CAND-1947,S4,AL072018:WCSC-0Q1C,sweeps/S4/S4-AL072018-WCSC-0Q1C/objects/840213171904a3d0afb364cc0a02a6fc3ce9bb1d516666b03cc756c84850a29e,,AL072018
CAND-1948,S4,AL072018:WCSC-0Q1D,sweeps/S4/S4-AL072018-WCSC-0Q1D/objects/93104400cabecbc73767cb324e24dcee3fc86a8e415e3b0902ff3df084f42e58,,AL072018
CAND-1949,S4,AL072018:WCSC-0Q1E,sweeps/S4/S4-AL072018-WCSC-0Q1E/objects/e85d754ec0d283810fff057701ac557432ac9fbc9612992ea35cf1ee6236f8ef,,AL072018
CAND-1950,S4,AL072018:WCSC-0Q1F,sweeps/S4/S4-AL072018-WCSC-0Q1F/objects/a61adac6a5de0e073b773a6884694dd03f972e5e510800bab9aea82f55353008,,AL072018
CAND-1951,S4,AL072018:WCSC-0Q1K,sweeps/S4/S4-AL072018-WCSC-0Q1K/objects/de66ebe2bd530b4fdede6c89e2dbc7b9b1495efadcff5871bd18919c3bf8633b,,AL072018
CAND-1952,S4,AL072018:WCSC-0Q1M,sweeps/S4/S4-AL072018-WCSC-0Q1M/objects/88c561749beee65233ba36bc522f668573d95e0f5f0dff608963ea850266d8aa,,AL072018
CAND-1953,S4,AL072018:WCSC-0Q1N,sweeps/S4/S4-AL072018-WCSC-0Q1N/objects/70069c0ad6ae204a5cc934b5bdd7b69f47de10430c21863ee40d540b6081f19c,,AL072018
CAND-1954,S4,AL072018:WCSC-0Q1P,sweeps/S4/S4-AL072018-WCSC-0Q1P/objects/4a579c684bfad9f16a2a81d214fd4b6a3ddd2073add2dfba9280e0a3dc820c40,,AL072018
CAND-1955,S4,AL072018:WCSC-0Q1R,sweeps/S4/S4-AL072018-WCSC-0Q1R/objects/5df5c8153e8a548d2d6b2ed6348887ed6acaf7efe829cac2ff4d90d40c4b4366,,AL072018
CAND-1956,S4,AL072018:WCSC-0Q1S,sweeps/S4/S4-AL072018-WCSC-0Q1S/objects/398a99c6a6d8780fd94abd344d357e466d2a801137789f4acf507d8499522512,,AL072018
CAND-1957,S4,AL072018:WCSC-0Q1V,sweeps/S4/S4-AL072018-WCSC-0Q1V/objects/3c242f7ce1d1ba88745d3ae36e98699a00859c8af582c067a546c531987e3490,,AL072018
CAND-1958,S4,AL072018:WCSC-0Q1W,sweeps/S4/S4-AL072018-WCSC-0Q1W/objects/1c0e4069592facddab55556b8a0b3388045fc8d6a6690f01da55958346858349,,AL072018
CAND-1959,S4,AL072018:WCSC-0Q1Y,sweeps/S4/S4-AL072018-WCSC-0Q1Y/objects/76ba90bc4112265a625afbfcff33bb1dea1641e9472a8f3ff14c69c28404aa4c,,AL072018
CAND-1960,S4,AL072018:WCSC-0Q1Z,sweeps/S4/S4-AL072018-WCSC-0Q1Z/objects/964b7770edd80d6a98fa3ace9d67bc65dffe1a984243bdaa150c136adf5d2b8e,,AL072018
CAND-1961,S4,AL072018:WCSC-0Q20,sweeps/S4/S4-AL072018-WCSC-0Q20/objects/043787950e44009e9afc1573d804a1eb1444048d532762f5533819c5e7bca46d,,AL072018
CAND-1962,S4,AL072018:WCSC-0Q26,sweeps/S4/S4-AL072018-WCSC-0Q26/objects/257a6511a19363e86ef63be57df1da66463508ff42284cbfc21f0f75394698fb,,AL072018
CAND-1963,S4,AL072018:WCSC-0Q27,sweeps/S4/S4-AL072018-WCSC-0Q27/objects/b3e241fedbf440c9efc8dab8828f379a8f7598cf10807170cac297c828d1eecf,,AL072018
CAND-1964,S4,AL072018:WCSC-0QAJ,sweeps/S4/S4-AL072018-WCSC-0QAJ/objects/0c42af26b2eca58c802a2350b370f3a77b956fd7aa591c2ff5539e01cfa32650,,AL072018
CAND-1965,S4,AL072018:WCSC-0QAK,sweeps/S4/S4-AL072018-WCSC-0QAK/objects/1696e1df8527c2374492392ced6f8fe618e49bc32364dfa09366e798c0c8f34e,,AL072018
CAND-1966,S4,AL072018:WCSC-0QBU,sweeps/S4/S4-AL072018-WCSC-0QBU/objects/3fa596d990c8615ef42442fe67fb88d3356c8d490bac2e067ff00a633a8499ad,,AL072018
CAND-1967,S4,AL072018:WCSC-0QGK,sweeps/S4/S4-AL072018-WCSC-0QGK/objects/edd2a08e81daa88794bac099a8b672ec441d2e4242bd7aaee7d1691c68a68fd8,,AL072018
CAND-1968,S4,AL072018:WCSC-0QLR,sweeps/S4/S4-AL072018-WCSC-0QLR/objects/a304a1c52121c7263f0d0ba848475715ca441cb137425c1abd759d659bc8300e,,AL072018
CAND-1969,S4,AL072018:WCSC-0QWQ,sweeps/S4/S4-AL072018-WCSC-0QWQ/objects/fdfc772055705f26ebde4faae2e0b7f3385cc6dbd00aa62ea99925b9caabd282,,AL072018
CAND-1970,S4,AL072018:WCSC-0R0Y,sweeps/S4/S4-AL072018-WCSC-0R0Y/objects/5d85e1be12ed704da4e84947eb3fae239a378a8116185044842c5a48885c475f,,AL072018
CAND-1971,S4,AL072018:WCSC-0R0Z,sweeps/S4/S4-AL072018-WCSC-0R0Z/objects/3de2f35bbe5e5a7c5501fc7a8fc84d2faf6b44f9834351972ad78ae7a1d77921,,AL072018
CAND-1972,S4,AL072018:WCSC-0SEN,sweeps/S4/S4-AL072018-WCSC-0SEN/objects/13da511fac2eda467c0ae60b761d2ab7bd4d5b59e5890b15788fcaa7d8c5db06,,AL072018
CAND-1973,S4,AL072018:WCSC-0SEQ,sweeps/S4/S4-AL072018-WCSC-0SEQ/objects/15b12dc9c9d61f2d3e6d880201a3016430a5f96d5d0ed50ca15d486ee818ba65,,AL072018
CAND-1974,S4,AL072018:WCSC-0TLU,sweeps/S4/S4-AL072018-WCSC-0TLU/objects/8f906d299122bac41c9ba0f4822db839710bdaa5f534fbade73e68c99ec068e2,,AL072018
CAND-1975,S4,AL072018:WCSC-0TLV,sweeps/S4/S4-AL072018-WCSC-0TLV/objects/5a08dfa98306132adae08e26016352cf5fb161f80e0a12c69f917442c8e2314d,,AL072018
CAND-1976,S4,AL072018:WCSC-0TX5,sweeps/S4/S4-AL072018-WCSC-0TX5/objects/8b5ad2c51dff5127f81f59502251b3a5f947023d98dd02c39d518cdd48b99a3a,,AL072018
CAND-1977,S4,AL072018:WCSC-0TYV,sweeps/S4/S4-AL072018-WCSC-0TYV/objects/c51f077172891380ecabd09efc652c03e984276f605920594c69035b86ecebb7,,AL072018
CAND-1978,S4,AL072018:WCSC-0U03,sweeps/S4/S4-AL072018-WCSC-0U03/objects/737ff904bd1c8f3f4beb3ab88383358cfa09eae0971a6c013aec229777250937,,AL072018
CAND-1979,S4,AL072018:WCSC-0U1T,sweeps/S4/S4-AL072018-WCSC-0U1T/objects/1c5822593ac30adc290b9aa4779d014ca460491f989b31d5887134519ba86504,,AL072018
CAND-1980,S4,AL072018:WCSC-0U2B,sweeps/S4/S4-AL072018-WCSC-0U2B/objects/b6762792495624dad4c4c883fd14143dbbe50a9618d4f5eb4ee300b7883f8cc4,,AL072018
CAND-1981,S4,AL072018:WCSC-0WLG,sweeps/S4/S4-AL072018-WCSC-0WLG/objects/a83d29a2bf182d0889d67a9ed2ad5e7c6c9b658a469a22bf23c9427bc56f2edd,,AL072018
CAND-1982,S4,AL072018:WCSC-0WLJ,sweeps/S4/S4-AL072018-WCSC-0WLJ/objects/74e70c33b214e391225290b26c84ee35fab0a0ba8bfb1e8b5f5754db6859f422,,AL072018
CAND-1983,S4,AL072018:WCSC-0WME,sweeps/S4/S4-AL072018-WCSC-0WME/objects/04064de42faffacd95e0efe3431468ad7af85c0af46740cb331dcce5fda69b4f,,AL072018
CAND-1984,S4,AL072018:WCSC-0WMU,sweeps/S4/S4-AL072018-WCSC-0WMU/objects/712dc65a34f479fe47aa32abd2611deb474e548c9bd5c20306066d52ce50b960,,AL072018
CAND-1985,S4,AL072018:WCSC-0WNN,sweeps/S4/S4-AL072018-WCSC-0WNN/objects/a02aaab0e5a52da59269a81dbdb4646bcb730dc4802546d85650e12ba9b47407,,AL072018
CAND-1986,S4,AL072018:WCSC-0WNP,sweeps/S4/S4-AL072018-WCSC-0WNP/objects/8490b76c96a672b05bf741bfa5cc520035d44e9d612836675191424b63a9087d,,AL072018
CAND-1987,S4,AL072018:WCSC-0WNQ,sweeps/S4/S4-AL072018-WCSC-0WNQ/objects/dafd326abc49bb4e09f6f62f1288281b52b41ea5fde44d87c6d723165273d44c,,AL072018
CAND-1988,S4,AL072018:WCSC-0WP7,sweeps/S4/S4-AL072018-WCSC-0WP7/objects/85cc34831844466e248411d00b9fdcab9895c8e90e068c88006e3efed4ae979a,,AL072018
CAND-1989,S4,AL072018:WCSC-0WP9,sweeps/S4/S4-AL072018-WCSC-0WP9/objects/f6a8487c3250e2df51363c4452cdbb6e4a096eb2b2e9d0af9f3601cd20ead6eb,,AL072018
CAND-1990,S4,AL072018:WCSC-0WPA,sweeps/S4/S4-AL072018-WCSC-0WPA/objects/ad830748082a495f7a58aa061c45436dc947376fff561da17af1573774742d59,,AL072018
CAND-1991,S4,AL072018:WCSC-0WPT,sweeps/S4/S4-AL072018-WCSC-0WPT/objects/0c0f8ae7d6ba460f9bb79a6e4ee3e164abcb564c2b3103894cfdf3279471f190,,AL072018
CAND-1992,S4,AL072018:WCSC-0WVC,sweeps/S4/S4-AL072018-WCSC-0WVC/objects/ac13ed4883523dbb861de4285abfb1a086df2b61682858945aa95a51a9a29511,,AL072018
CAND-1993,S4,AL072018:WCSC-0WVD,sweeps/S4/S4-AL072018-WCSC-0WVD/objects/b0b2fabf971d4b9de8c0a245e96510b1e6a23d5c97065a12a79f1d6141bc2ecb,,AL072018
CAND-1994,S4,AL072018:WCSC-0WVQ,sweeps/S4/S4-AL072018-WCSC-0WVQ/objects/ef92271930c60f154c095167f0c269ea06731c5a63ba3c781846a0ccb74d4d45,,AL072018
CAND-1995,S4,AL072018:WCSC-0WVV,sweeps/S4/S4-AL072018-WCSC-0WVV/objects/3de429020fbd6bfe3e709df9375307fd2881a904cb6b31b5d71691b7b996d729,,AL072018
CAND-1996,S4,AL072018:WCSC-0WVW,sweeps/S4/S4-AL072018-WCSC-0WVW/objects/84e5cc74c367d134d9c961f6da0e3a4941d2d9103920ab3d764be3dd3166c3b2,,AL072018
CAND-1997,S4,AL072018:WCSC-0WVX,sweeps/S4/S4-AL072018-WCSC-0WVX/objects/a0e263ab72457ea79324e855d3fb1071f36f981b96f945caea14078479c79de6,,AL072018
CAND-1998,S4,AL072018:WCSC-0WW0,sweeps/S4/S4-AL072018-WCSC-0WW0/objects/801f8436144523e7a8e0082f67634e8f1369f5629593004dd498add6ed4e12ea,,AL072018
CAND-1999,S4,AL072018:WCSC-0WW2,sweeps/S4/S4-AL072018-WCSC-0WW2/objects/be042b9503034bb70144f3c3c8d5b6c631283a588b5035e44703c5e5a81ccd4f,,AL072018
CAND-2000,S4,AL072018:WCSC-0WW5,sweeps/S4/S4-AL072018-WCSC-0WW5/objects/2284588b90fbab7ade8ad223cef0959f817c3627bcf2a71c28aefdf4d0f3fd59,,AL072018
CAND-2001,S4,AL072018:WCSC-0WWH,sweeps/S4/S4-AL072018-WCSC-0WWH/objects/4d35ad64dcb2fb3f02d0942ffe2ab53fe5c8f0151e8d6a353285fe6345731a27,,AL072018
CAND-2002,S4,AL072018:WCSC-0WWK,sweeps/S4/S4-AL072018-WCSC-0WWK/objects/ec9686072701bf5308cb70d7bbb302e7cc24c2543a5aa95ef5ff7d77d1f27e8a,,AL072018
CAND-2003,S4,AL072018:WCSC-0WWN,sweeps/S4/S4-AL072018-WCSC-0WWN/objects/6316e9947ac750b7ef42f190de719c2db940266cea5a399989aeaa55c1f75970,,AL072018
CAND-2004,S4,AL072018:WCSC-0WWT,sweeps/S4/S4-AL072018-WCSC-0WWT/objects/a37a4dbdd5140153aeb971d48c30899d11c5c178a774e97db1413094b64aef05,,AL072018
CAND-2005,S4,AL072018:WCSC-0WWV,sweeps/S4/S4-AL072018-WCSC-0WWV/objects/03a6e68fe576ae9317679e2bd9e4cf6d5b76b7c9cd2d0255399b074034e251b9,,AL072018
CAND-2006,S4,AL072018:WCSC-0WWW,sweeps/S4/S4-AL072018-WCSC-0WWW/objects/7a5daf67df600beef50c61550463189b882f824790489735eebf47baabc59eb4,,AL072018
CAND-2007,S4,AL072018:WCSC-0WWY,sweeps/S4/S4-AL072018-WCSC-0WWY/objects/2ce16787f2e4da678f13542f4b6f8a41544ff75dc229c6a2c2750739c2412772,,AL072018
CAND-2008,S4,AL072018:WCSC-0WWZ,sweeps/S4/S4-AL072018-WCSC-0WWZ/objects/6e00226e6be0a3037286db70bcd9a9e78297bb303608c64366527398fbb84f91,,AL072018
CAND-2009,S4,AL072018:WCSC-0X20,sweeps/S4/S4-AL072018-WCSC-0X20/objects/1687bc00c05a7515a9f6a285d027c17330d9ee28c4d216bb2be3addb494c9f0b,,AL072018
CAND-2010,S4,AL072018:WCSC-0X2K,sweeps/S4/S4-AL072018-WCSC-0X2K/objects/fd69ed4af706a2f8711619216387a3ac375dc5754a412f5d151c7b660ce25311,,AL072018
CAND-2011,S4,AL072018:WCSC-0X2L,sweeps/S4/S4-AL072018-WCSC-0X2L/objects/f5f26c49105d89516e45f9628f37488fb3ed412127bfa2a17107adb234421d46,,AL072018
CAND-2012,S4,AL072018:WCSC-0X2M,sweeps/S4/S4-AL072018-WCSC-0X2M/objects/e6d4f64e54698b36b88767f3d9b423c10303d168f04b2903a99bb87505a6989f,,AL072018
CAND-2013,S4,AL072018:WCSC-0X2Q,sweeps/S4/S4-AL072018-WCSC-0X2Q/objects/93e4bf134559c71d64207b9af71166a9da94dab34b5eb9c8c4f7b99a194c4e4d,,AL072018
CAND-2014,S4,AL072018:WCSC-0X2R,sweeps/S4/S4-AL072018-WCSC-0X2R/objects/64fd94657ccdd19018eccaee6f665801e061438a4922cc28b53a8b3c62999249,,AL072018
CAND-2015,S4,AL072018:WCSC-0X2U,sweeps/S4/S4-AL072018-WCSC-0X2U/objects/33d12180078de983b17e5084964bbf530f99581f95e665fbb8bfc227d9e757d9,,AL072018
CAND-2016,S4,AL072018:WCSC-0X32,sweeps/S4/S4-AL072018-WCSC-0X32/objects/28e6d67d8a787d2426e6ed8bc732647ee1bc8d5a548976319c1ef9ed0d1f53e0,,AL072018
CAND-2017,S4,AL072018:WCSC-0X58,sweeps/S4/S4-AL072018-WCSC-0X58/objects/adf2420301b8c1635916eb48085983341c5fc542783c4d2f4782f9da6dfbf3f7,,AL072018
CAND-2018,S4,AL072018:WCSC-0X59,sweeps/S4/S4-AL072018-WCSC-0X59/objects/00895466063921619dce6acc324d1c605656dc102144d9f0b10238804356530f,,AL072018
CAND-2019,S4,AL072018:WCSC-0X5U,sweeps/S4/S4-AL072018-WCSC-0X5U/objects/fb3d37c5c8e9ebdd2e73bd7bad9334b09bda945e4dd786c7751eafc1f0ee464d,,AL072018
CAND-2020,S4,AL072018:WCSC-0X62,sweeps/S4/S4-AL072018-WCSC-0X62/objects/dd0ee696b377cf9d4bb455c3059b981cceb4aabd8be4486af6d458e61615892f,,AL072018
CAND-2021,S4,AL072018:WCSC-0X64,sweeps/S4/S4-AL072018-WCSC-0X64/objects/1e750552f75ea6028b062ebcbf18f0554ec13d286602232e4ffcba76c8cfb773,,AL072018
CAND-2022,S4,AL072018:WCSC-0X6B,sweeps/S4/S4-AL072018-WCSC-0X6B/objects/bd90ebbe071bdfe9ba8c89e1dff0b7b3b38c21db1f627c0ad6419b107725de94,,AL072018
CAND-2023,S4,AL072018:WCSC-0X6C,sweeps/S4/S4-AL072018-WCSC-0X6C/objects/4905152a90888a63394a51f1870d213f43636e9dd345542bda1b6c8f173d9300,,AL072018
CAND-2024,S4,AL072018:WCSC-0X6D,sweeps/S4/S4-AL072018-WCSC-0X6D/objects/9c77af00e9ed19b94369816248a4d7cc273d0046dc5d99861b4385bb9b77a711,,AL072018
CAND-2025,S4,AL072018:WCSC-0X6E,sweeps/S4/S4-AL072018-WCSC-0X6E/objects/36a4fd738ec841b59441435c400a95b66b8f3076f90b915dd420dd2188122ab1,,AL072018
CAND-2026,S4,AL072018:WCSC-0X6G,sweeps/S4/S4-AL072018-WCSC-0X6G/objects/0be1daa11042f6cb3fe9c794e728881bf1c7651e8d221b643b05af1c9612a2be,,AL072018
CAND-2027,S4,AL072018:WCSC-0X6H,sweeps/S4/S4-AL072018-WCSC-0X6H/objects/884d65cf95f8515626bfbddd47c6817fadf26bcf46c6c7dd043eec67bdfe24bb,,AL072018
CAND-2028,S4,AL072018:WCSC-0X6J,sweeps/S4/S4-AL072018-WCSC-0X6J/objects/c401d95e5802b97aa77e269f26e49db59ab08cf343ac9ca9f3b386843de3bbae,,AL072018
CAND-2029,S4,AL072018:WCSC-0X6K,sweeps/S4/S4-AL072018-WCSC-0X6K/objects/b43a123e6c51bb2ec008da2c137f8c8cbb6487aa345dd6ade9eecc4fb30bb652,,AL072018
CAND-2030,S4,AL072018:WCSC-0X6L,sweeps/S4/S4-AL072018-WCSC-0X6L/objects/fca1b5db0ed844ef2ba8e295fd0ca8d18d09feb7801504a8c526b845133b9a24,,AL072018
CAND-2031,S4,AL072018:WCSC-0X6V,sweeps/S4/S4-AL072018-WCSC-0X6V/objects/160bba7417d66e3467fb29e239c50767699568320618fd113264ee4376e7bc30,,AL072018
CAND-2032,S4,AL072018:WCSC-0X7G,sweeps/S4/S4-AL072018-WCSC-0X7G/objects/a0495432062ff1f5791f713326020f1c2149dba2e42d37d03e6de802692aa3e0,,AL072018
CAND-2033,S4,AL072018:WCSC-0X7L,sweeps/S4/S4-AL072018-WCSC-0X7L/objects/8c526258918a5adf059c4f3ab19c7fadae71ca39c8fd54e32b74a072c5a4de38,,AL072018
CAND-2034,S4,AL072018:WCSC-0X7M,sweeps/S4/S4-AL072018-WCSC-0X7M/objects/89ddc57b6bd8f4a38f5189954358115fc5c8414ab0f028f4d2603c673fbc9553,,AL072018
CAND-2035,S4,AL072018:WCSC-0X7N,sweeps/S4/S4-AL072018-WCSC-0X7N/objects/a8b5a6a1f27c59d8c85936b2666c91594a5bc41c183e4144a1c66b5846d0f5f4,,AL072018
CAND-2036,S4,AL072018:WCSC-0X7S,sweeps/S4/S4-AL072018-WCSC-0X7S/objects/98d94e5149a371232d575a12e0484f6582d8738dc2db5e180cccd14bb85469d5,,AL072018
CAND-2037,S4,AL072018:WCSC-0X7T,sweeps/S4/S4-AL072018-WCSC-0X7T/objects/663fb61fa807c3242c83f0d9f12704969d3c7cb6288655fd8e414047e621882d,,AL072018
CAND-2038,S4,AL072018:WCSC-0X84,sweeps/S4/S4-AL072018-WCSC-0X84/objects/eb797a6ef404db1a0adc69e33e0e0e5d7d8d5a33b3d6f9cbc965d2a4a0edc984,,AL072018
CAND-2039,S4,AL072018:WCSC-0X8B,sweeps/S4/S4-AL072018-WCSC-0X8B/objects/d577b74ec00acaa1e80522593248bd7e3a4005c73a40c974817bddbd66b6067a,,AL072018
CAND-2040,S4,AL072018:WCSC-0X8T,sweeps/S4/S4-AL072018-WCSC-0X8T/objects/c6195801c1ccc4b8779f189cf6cdf94eec137a1c50089423d0654726b72fe964,,AL072018
CAND-2041,S4,AL072018:WCSC-0XA1,sweeps/S4/S4-AL072018-WCSC-0XA1/objects/40034e2ec70b6e8c2b29387bd854d3383b6d895d2e4822f8c69170b7b8f4b95d,,AL072018
CAND-2042,S4,AL072018:WCSC-0XAD,sweeps/S4/S4-AL072018-WCSC-0XAD/objects/637f540a482fde61350b94061d6f9c72fc07252585125715744343038504982e,,AL072018
CAND-2043,S4,AL072018:WCSC-0XAE,sweeps/S4/S4-AL072018-WCSC-0XAE/objects/887f2c0284bc18dd0272e5cede511b1be3e793ded7ab1a75f1d10bdb05b08f34,,AL072018
CAND-2044,S4,AL072018:WCSC-0XAF,sweeps/S4/S4-AL072018-WCSC-0XAF/objects/dda8c958f47c90c0226ac3f7d2ccdb0498002c6689f74969edd0260dd0806b87,,AL072018
CAND-2045,S4,AL072018:WCSC-0XAH,sweeps/S4/S4-AL072018-WCSC-0XAH/objects/b0d6453e5b49c3b4f8b85d75f8f9023716682fda504ae100a577b3b9e02b0aa6,,AL072018
CAND-2046,S4,AL072018:WCSC-0XAJ,sweeps/S4/S4-AL072018-WCSC-0XAJ/objects/9b603f7f6fe576d859eb8307bffb6b3805fd002c51783db3f1ae5ae65812c1e9,,AL072018
CAND-2047,S4,AL072018:WCSC-0XAU,sweeps/S4/S4-AL072018-WCSC-0XAU/objects/5056108a0b25c109da5d726d2ae9e0c6c839891c996373c76eaac582c259daa2,,AL072018
CAND-2048,S4,AL072018:WCSC-0XAX,sweeps/S4/S4-AL072018-WCSC-0XAX/objects/e792700593f391851d829d9028c985f63cfc932f1971516729bb3c1b0353db1b,,AL072018
CAND-2049,S4,AL072018:WCSC-0XAY,sweeps/S4/S4-AL072018-WCSC-0XAY/objects/13044e769d251f8e95cb009e06360e90435bd188a18137f2708db1069a19a7ee,,AL072018
CAND-2050,S4,AL072018:WCSC-0XAZ,sweeps/S4/S4-AL072018-WCSC-0XAZ/objects/2013b956eb017cca6cdbd28d238599d3b1da256de331129755675ce4d803e5a2,,AL072018
CAND-2051,S4,AL072018:WCSC-0Y5W,sweeps/S4/S4-AL072018-WCSC-0Y5W/objects/72aeaea74b3a04e7594aec086cd55c6f6817ccc09e36a8259cd90223e858abba,,AL072018
CAND-2052,S4,AL072018:WCSC-0Y5X,sweeps/S4/S4-AL072018-WCSC-0Y5X/objects/8b7fe54cc71bd6956b2096c7ee8523d3cbfe7ada57cc16d452ccc258ff529d06,,AL072018
CAND-2053,S4,AL072018:WCSC-0Y5Y,sweeps/S4/S4-AL072018-WCSC-0Y5Y/objects/119375ff3e6457eadf88313c6edfb85a7a0da4931c71e7f06c151ee9be6a00a9,,AL072018
CAND-2054,S4,AL072018:WCSC-0YCU,sweeps/S4/S4-AL072018-WCSC-0YCU/objects/ae71fa431bded2817b4f8eb6fe8a329cf52db45a72151505e44a3851d6efd58c,,AL072018
CAND-2055,S4,AL072018:WCSC-0YF8,sweeps/S4/S4-AL072018-WCSC-0YF8/objects/e973c5b9508e1ff78bdff11a324ab831fefb4299e7d738d2fd3a60eb3e4e2372,,AL072018
CAND-2056,S4,AL072018:WCSC-0YPD,sweeps/S4/S4-AL072018-WCSC-0YPD/objects/456a7e2ad0cc5c66fcbd84f31ce5b009eb439ff593eff4e6b2146bf40640bf91,,AL072018
CAND-2057,S4,AL072018:WCSC-0YSK,sweeps/S4/S4-AL072018-WCSC-0YSK/objects/d8800e57cfd565173568967ec453c2fb19f9469207528046861f1cf5ed67ac2a,,AL072018
CAND-2058,S4,AL072018:WCSC-0YSP,sweeps/S4/S4-AL072018-WCSC-0YSP/objects/f55137b0d3be5e5bcf74a0db51b86563dad5a10a8fa2917ef2c78f11ab0c9fdd,,AL072018
CAND-2059,S4,AL072018:WCSC-0YST,sweeps/S4/S4-AL072018-WCSC-0YST/objects/a798c0bf23168ff493054a8784ece0fa7497fac2e1ac055cb84df7860813b888,,AL072018
CAND-2060,S4,AL072018:WCSC-0ZRU,sweeps/S4/S4-AL072018-WCSC-0ZRU/objects/112adc158a6ea9a83574a64b213ceefb6672245bf10ef42b0dd644014eff64bd,,AL072018
CAND-2061,S4,AL072018:WCSC-0ZSB,sweeps/S4/S4-AL072018-WCSC-0ZSB/objects/15bd6ea40aacf81beeb1e091527cb0931bc5447b8c51b5eb9f20143262b38a94,,AL072018
CAND-2062,S4,AL072018:WCSC-120Z,sweeps/S4/S4-AL072018-WCSC-120Z/objects/95e9fc987808393d6992621f44176fc167ed6a30e2414f24c4807a75f5bedebd,,AL072018
CAND-2063,S4,AL072018:WCSC-123M,sweeps/S4/S4-AL072018-WCSC-123M/objects/7ef53ada5956389ba5bb31122e0fd055529169e0fd8843494d1bf7745f55b67e,,AL072018
CAND-2064,S4,AL072018:WCSC-125D,sweeps/S4/S4-AL072018-WCSC-125D/objects/abe3b430719bf64ec9808632d32fff18e9d4c5f1ce989a1125e1ef7df12d0a4c,,AL072018
CAND-2065,S4,AL072018:WCSC-128Z,sweeps/S4/S4-AL072018-WCSC-128Z/objects/d48d9234db1bac98d9965a6a7db2c65b67ba95b008560b50bc2b38aba07f7920,,AL072018
CAND-2066,S4,AL092012:WCSC-0BDF,sweeps/S4/S4-AL092012-WCSC-0BDF/objects/e035783621158201312e1348cdf9aff466815e24429dfb8f54f414f3ed8fc28b,,AL092012
CAND-2067,S4,AL092012:WCSC-0DF2,sweeps/S4/S4-AL092012-WCSC-0DF2/objects/770c179370e38b4029be167edaab3b3ce5916a6c109304b560c5e5f6750bdc46,,AL092012
CAND-2068,S4,AL092012:WCSC-0DF5,sweeps/S4/S4-AL092012-WCSC-0DF5/objects/b14f005a6f146077a26563c8acae1ad90905439ed3a14b46e00aef1e4c1d33da,,AL092012
CAND-2069,S4,AL092012:WCSC-0E4C,sweeps/S4/S4-AL092012-WCSC-0E4C/objects/c73c4a063918e8eb4fa6bcfd7ca34803c74fe762eac42c5013cc1035ce983cf3,,AL092012
CAND-2070,S4,AL092012:WCSC-0E4D,sweeps/S4/S4-AL092012-WCSC-0E4D/objects/8337e4e885343f1a5cd38b57aad2025c38d2d557078dc64820fab2a375804cfe,,AL092012
CAND-2071,S4,AL092012:WCSC-0E6N,sweeps/S4/S4-AL092012-WCSC-0E6N/objects/34db7620a4d0528a7ce40d01d2dc26ecc174652dca9bcfe2e0395775846efe72,,AL092012
CAND-2072,S4,AL092012:WCSC-0EX5,sweeps/S4/S4-AL092012-WCSC-0EX5/objects/70e7a8151bfb8dd46653b2ad28d50eea4d6241845e57525995f03c2c12ea0a53,,AL092012
CAND-2073,S4,AL092012:WCSC-0EZA,sweeps/S4/S4-AL092012-WCSC-0EZA/objects/75b3dba6aaca04138e2da0d298f240bbd4f5a2eff9e192cca52676b7f5ae4c11,,AL092012
CAND-2074,S4,AL092012:WCSC-0MWW,sweeps/S4/S4-AL092012-WCSC-0MWW/objects/02cf531267b4c9412d612d633487acdb38e24f82453da63b33f75c344552c04a,,AL092012
CAND-2075,S4,AL092012:WCSC-0N8K,sweeps/S4/S4-AL092012-WCSC-0N8K/objects/c13583028cf14b7fbc6a8016e1b3d69ac7f0d71d20d3ce5641767267f23eab66,,AL092012
CAND-2076,S4,AL092012:WCSC-0NE2,sweeps/S4/S4-AL092012-WCSC-0NE2/objects/7d034f2e13478354bf15756ae862f4d0fe9e00ce5f810a16038c9ee824f834b9,,AL092012
CAND-2077,S4,AL092012:WCSC-0NE3,sweeps/S4/S4-AL092012-WCSC-0NE3/objects/03c982a4c39c6db633b384ab149c5cbc04fecb0fe9edc87b1c38398138300ed0,,AL092012
CAND-2078,S4,AL092012:WCSC-0NPA,sweeps/S4/S4-AL092012-WCSC-0NPA/objects/1659482fd09057869c8b0577dc5834cf71035a16362e71f042f624e5ed7d9049,,AL092012
CAND-2079,S4,AL092012:WCSC-0NPC,sweeps/S4/S4-AL092012-WCSC-0NPC/objects/16226d89c992c35bc448055b6bf492a8230b1200a99e7b5016d695557d4260b6,,AL092012
CAND-2080,S4,AL092012:WCSC-0PJ1,sweeps/S4/S4-AL092012-WCSC-0PJ1/objects/c8869815b6020a900c52040c6901ed24b0c7d818831883e1d79a79566a8d3a25,,AL092012
CAND-2081,S4,AL092012:WCSC-0PNQ,sweeps/S4/S4-AL092012-WCSC-0PNQ/objects/927a0f3ec05f985b4a3c25a49d439660c2542e01ad00ef89940fb34cbcfe8a2f,,AL092012
CAND-2082,S4,AL092012:WCSC-0Q0R,sweeps/S4/S4-AL092012-WCSC-0Q0R/objects/32d7d6db6832b1b075a66cd6be90e16bf073e8f928dbd219e449308881f9aa16,,AL092012
CAND-2083,S4,AL092012:WCSC-0Q0S,sweeps/S4/S4-AL092012-WCSC-0Q0S/objects/ed63367fc6b03f7e5dcfe8ddafe2936182d930060390c62570cbc061c571566f,,AL092012
CAND-2084,S4,AL092012:WCSC-0Q0X,sweeps/S4/S4-AL092012-WCSC-0Q0X/objects/3e4afaa09309f4ad3db7949caeaca6b1fa8db815ff3b2386636047bbfc3da1ab,,AL092012
CAND-2085,S4,AL092012:WCSC-0Q0Y,sweeps/S4/S4-AL092012-WCSC-0Q0Y/objects/19807dbd1ce324bc3b1e085d68dedd54d76ca99033543b12844297e832df580e,,AL092012
CAND-2086,S4,AL092012:WCSC-0Q0Z,sweeps/S4/S4-AL092012-WCSC-0Q0Z/objects/461e9a859ff72583b40434ef8c67a23d00a6db8774b2085dfb6955eb3c8eca24,,AL092012
CAND-2087,S4,AL092012:WCSC-0Q11,sweeps/S4/S4-AL092012-WCSC-0Q11/objects/3be703cef02c07bb0db0f507d9fccaba6b27b40ee3c8b8597837cdb87947540a,,AL092012
CAND-2088,S4,AL092012:WCSC-0Q13,sweeps/S4/S4-AL092012-WCSC-0Q13/objects/dd7dab2d18edea4ba5bab026dd49fe7aa2aa104878a26bfdc865baf1dd04ed8e,,AL092012
CAND-2089,S4,AL092012:WCSC-0Q15,sweeps/S4/S4-AL092012-WCSC-0Q15/objects/36cf58c1e8f81b6cc70b401537a1a9de616f044637b27b6ac8cdd089315b29e7,,AL092012
CAND-2090,S4,AL092012:WCSC-0Q1C,sweeps/S4/S4-AL092012-WCSC-0Q1C/objects/9ddeff3885de34478c7427868bc10578b0cad64498044a98f2ce9ab2cd08a100,,AL092012
CAND-2091,S4,AL092012:WCSC-0Q1D,sweeps/S4/S4-AL092012-WCSC-0Q1D/objects/ddb7b0a759877169808c3707d2c7ee6c9f99fbd8677aa1793ddd5d8539e0e0af,,AL092012
CAND-2092,S4,AL092012:WCSC-0Q1E,sweeps/S4/S4-AL092012-WCSC-0Q1E/objects/26118f46d7b2e031e4f5bf826ea96bb467872c5599b569e79779f49e5fe716c7,,AL092012
CAND-2093,S4,AL092012:WCSC-0Q1F,sweeps/S4/S4-AL092012-WCSC-0Q1F/objects/97836b7875903f18e3356144767355a7ddf958bf9e72c62929e0b0c7619de007,,AL092012
CAND-2094,S4,AL092012:WCSC-0Q1K,sweeps/S4/S4-AL092012-WCSC-0Q1K/objects/acb4abb429bf67a946ed286ceb349c1694980154ef2e2b4effd53d90ec6dba29,,AL092012
CAND-2095,S4,AL092012:WCSC-0Q1M,sweeps/S4/S4-AL092012-WCSC-0Q1M/objects/64c986d29fdffbff470957d383feda2e758eddc34257181640fbff2369a3e7be,,AL092012
CAND-2096,S4,AL092012:WCSC-0Q1N,sweeps/S4/S4-AL092012-WCSC-0Q1N/objects/20413283692864f7bf24f13b3740e9e2dbb8d7ca028ab6b665a1bca2a6df132e,,AL092012
CAND-2097,S4,AL092012:WCSC-0Q1P,sweeps/S4/S4-AL092012-WCSC-0Q1P/objects/e048596b05cf7efba744770edeb4fd3a9a2411a7dee87c40f3658cd5fa10eee7,,AL092012
CAND-2098,S4,AL092012:WCSC-0Q1R,sweeps/S4/S4-AL092012-WCSC-0Q1R/objects/6025eb015595b1e58494a6b6fc8ff2dc8fadcd38ce3bdbb3c348752ca27a2331,,AL092012
CAND-2099,S4,AL092012:WCSC-0Q1S,sweeps/S4/S4-AL092012-WCSC-0Q1S/objects/5a993cebe1dcc6282f293d19e9095911bc38937c0b74d61d1c2ffe7b6d0aa1aa,,AL092012
CAND-2100,S4,AL092012:WCSC-0Q1V,sweeps/S4/S4-AL092012-WCSC-0Q1V/objects/b2c470ac4cae96a9402db0980d846eaa4d5087af2364d164b1e935b10dba4c31,,AL092012
CAND-2101,S4,AL092012:WCSC-0Q1W,sweeps/S4/S4-AL092012-WCSC-0Q1W/objects/a4cc03bfe802b94071dbd7d41f3586ba3e55d62ab179ac6304535ef6eb5803c0,,AL092012
CAND-2102,S4,AL092012:WCSC-0Q1Y,sweeps/S4/S4-AL092012-WCSC-0Q1Y/objects/c6c905a3e1fdca86422c7cdb483f1b401afdc4e00aa0369d5c4a58d8a13e5983,,AL092012
CAND-2103,S4,AL092012:WCSC-0Q1Z,sweeps/S4/S4-AL092012-WCSC-0Q1Z/objects/8201c12941d533fb35319c15eb308485b84c758882a4638e8186c18c1d57260a,,AL092012
CAND-2104,S4,AL092012:WCSC-0Q20,sweeps/S4/S4-AL092012-WCSC-0Q20/objects/dbc94795a76158cf5f63f79a28d5927239ec5176fca0bdd0930d48b4439902a8,,AL092012
CAND-2105,S4,AL092012:WCSC-0Q26,sweeps/S4/S4-AL092012-WCSC-0Q26/objects/1d68d41df7a04fd4f767b26df6e6831dd6c23f1b5ccb6dc1f9d87cc649ecd8eb,,AL092012
CAND-2106,S4,AL092012:WCSC-0Q27,sweeps/S4/S4-AL092012-WCSC-0Q27/objects/5f99507052127651f8b2f14fedcd4a030e5b524b6e12e693f3ca9c8404e3801b,,AL092012
CAND-2107,S4,AL092012:WCSC-0QAJ,sweeps/S4/S4-AL092012-WCSC-0QAJ/objects/1e23954d5d0fac71af14ae8cdd2a6637363f4d5440544dd6c2dcd6d720e52457,,AL092012
CAND-2108,S4,AL092012:WCSC-0QAK,sweeps/S4/S4-AL092012-WCSC-0QAK/objects/76e58f7713c358ac4e558c45c39131b14764f2431c0d45f8d0a02f1143ffed60,,AL092012
CAND-2109,S4,AL092012:WCSC-0QBU,sweeps/S4/S4-AL092012-WCSC-0QBU/objects/1eba003bf3d86f092bfca1938d89cac602d1923be7897e99fea1c0d543f5c83e,,AL092012
CAND-2110,S4,AL092012:WCSC-0QC2,sweeps/S4/S4-AL092012-WCSC-0QC2/objects/dacba4fac48150e10480821e45c09d77b77f8d59f0157b33dcef3e22d2cf87b5,,AL092012
CAND-2111,S4,AL092012:WCSC-0QC3,sweeps/S4/S4-AL092012-WCSC-0QC3/objects/fe052aed5a16b56345aa1ee758f733ddda4e4fc4235be715b0c6edce36ae447c,,AL092012
CAND-2112,S4,AL092012:WCSC-0QGK,sweeps/S4/S4-AL092012-WCSC-0QGK/objects/eb353b3fa16b490a7bd1a10f401b53cbfa39753f0512301f8ba65b5950d505d5,,AL092012
CAND-2113,S4,AL092012:WCSC-0QLR,sweeps/S4/S4-AL092012-WCSC-0QLR/objects/5bde2e5a99cfbc10a00619093d0924de59a85027e9c7e6463fe72c3f654e1ab6,,AL092012
CAND-2114,S4,AL092012:WCSC-0QWQ,sweeps/S4/S4-AL092012-WCSC-0QWQ/objects/af0db8e2eb46dee1da41738783f33f085c6d0ae14b39a01d523e07eef587a6f1,,AL092012
CAND-2115,S4,AL092012:WCSC-0QZX,sweeps/S4/S4-AL092012-WCSC-0QZX/objects/3a82e2a43d9d735c0c33763c05860eb4773f28a22f1a6e08926c7a613400e19b,,AL092012
CAND-2116,S4,AL092012:WCSC-0R0Y,sweeps/S4/S4-AL092012-WCSC-0R0Y/objects/f46ac1dda9b3a0563bfe24b0a11cb24f838739c68de2a7cbcd89abccacf6dade,,AL092012
CAND-2117,S4,AL092012:WCSC-0R0Z,sweeps/S4/S4-AL092012-WCSC-0R0Z/objects/68af04bd78e1252ce99e24283788f56fea4aec407691cda422930dfbec8837b4,,AL092012
CAND-2118,S4,AL092012:WCSC-0RLM,sweeps/S4/S4-AL092012-WCSC-0RLM/objects/d98023a45805d21fc842d9186ee8e1cb8dc44ead3a79d81f171ffb1a0bd714e7,,AL092012
CAND-2119,S4,AL092012:WCSC-0RLY,sweeps/S4/S4-AL092012-WCSC-0RLY/objects/94462e9e223c1b3e2512ed13708bb85e96f3c7df6c9c003f2ccb226c4f23194e,,AL092012
CAND-2120,S4,AL092012:WCSC-0RLZ,sweeps/S4/S4-AL092012-WCSC-0RLZ/objects/2eecd37e2385b076b255ebbd998cd3e9124e01cd0877c99cb61b42cadc67a4f5,,AL092012
CAND-2121,S4,AL092012:WCSC-0RM3,sweeps/S4/S4-AL092012-WCSC-0RM3/objects/32d52b7a3eaa9c366dbfd4f51c523b7137faaa4dd93f85a55913d6f23bf65c30,,AL092012
CAND-2122,S4,AL092012:WCSC-0RM7,sweeps/S4/S4-AL092012-WCSC-0RM7/objects/48c3ace88786537898c4aba5ca7eedec3fd4b1d458a003b7b64c59cb8d2a0544,,AL092012
CAND-2123,S4,AL092012:WCSC-0RM9,sweeps/S4/S4-AL092012-WCSC-0RM9/objects/565edda7949580285636d0d484c5d872bcdb9d713dfd02fe6d520dd337833307,,AL092012
CAND-2124,S4,AL092012:WCSC-0S97,sweeps/S4/S4-AL092012-WCSC-0S97/objects/423e42cee6769073e557692ef9548c7d4cecd28db48ff91a52799773e09a5b37,,AL092012
CAND-2125,S4,AL092012:WCSC-0S9Y,sweeps/S4/S4-AL092012-WCSC-0S9Y/objects/63f7c6dcb22ec38bd41f7ebe06921e964d699030a9b78e4e6a75c801b59af1fd,,AL092012
CAND-2126,S4,AL092012:WCSC-0SEN,sweeps/S4/S4-AL092012-WCSC-0SEN/objects/1645a377a814b099f7fadba52508aff3a466a700638c39f33eb5677d949c5bdf,,AL092012
CAND-2127,S4,AL092012:WCSC-0SEQ,sweeps/S4/S4-AL092012-WCSC-0SEQ/objects/debc16a7ed74fb81ca728cf45e9abfe7c03ab6f3384a1f13b078753b473ec489,,AL092012
CAND-2128,S4,AL092012:WCSC-0TLU,sweeps/S4/S4-AL092012-WCSC-0TLU/objects/bc4ed593dadae69812da869c0e7112422a0682b5b03b6e9b62764c9ad1264e60,,AL092012
CAND-2129,S4,AL092012:WCSC-0TLV,sweeps/S4/S4-AL092012-WCSC-0TLV/objects/62b1c854b392de8f179dfebcc385de504bd4d0aca3e5946415a2278fd4a10596,,AL092012
CAND-2130,S4,AL092012:WCSC-0TYL,sweeps/S4/S4-AL092012-WCSC-0TYL/objects/726bec96e4c363b530c034fe7d7c8fd7f0cebd949ce7f37fcfdff0d5e575cf61,,AL092012
CAND-2131,S4,AL092012:WCSC-0U22,sweeps/S4/S4-AL092012-WCSC-0U22/objects/56d9ee221dc6c63569dac37983a0c2bac7592df3b0c0700cce05610d0b63f33c,,AL092012
CAND-2132,S4,AL092012:WCSC-0U2B,sweeps/S4/S4-AL092012-WCSC-0U2B/objects/cad0ffd0213b2293b6f3510c2aac201be2eacd4488a01b535da5d0d5517fbbc8,,AL092012
CAND-2133,S4,AL092012:WCSC-0WMA,sweeps/S4/S4-AL092012-WCSC-0WMA/objects/5af91bc2291a513c362db6b629c8cc5eec5477e7b161744b0ec11dfb783201c9,,AL092012
CAND-2134,S4,AL092012:WCSC-0WUH,sweeps/S4/S4-AL092012-WCSC-0WUH/objects/456fa99ec8e8458de2d1a7def211ad4d654cc4dd101f25680dfd099239a3c556,,AL092012
CAND-2135,S4,AL092012:WCSC-0WUS,sweeps/S4/S4-AL092012-WCSC-0WUS/objects/0305a20248d810962c3b7c2b0891f465d72cbf527306fe8f19c7a15ffe25913e,,AL092012
CAND-2136,S4,AL092012:WCSC-0WUT,sweeps/S4/S4-AL092012-WCSC-0WUT/objects/b8507d7b57c37c74630da509af8e7f2a2fc3b391fed6d1b7c850841674920a99,,AL092012
CAND-2137,S4,AL092012:WCSC-0WUU,sweeps/S4/S4-AL092012-WCSC-0WUU/objects/0a5db5a6b824e09b52c6dc4b1ca722251ea998f6172c0def81a11701f372c92b,,AL092012
CAND-2138,S4,AL092012:WCSC-0WVQ,sweeps/S4/S4-AL092012-WCSC-0WVQ/objects/496835f20b8156fb912212ebfa67bd40a69bac00e9b1f39c4523b25dfe896478,,AL092012
CAND-2139,S4,AL092012:WCSC-0WVV,sweeps/S4/S4-AL092012-WCSC-0WVV/objects/ee86f6c8f37eccd78c7aafb00cb1938529f92e44a6530e5bb46732d6a61011a0,,AL092012
CAND-2140,S4,AL092012:WCSC-0WVW,sweeps/S4/S4-AL092012-WCSC-0WVW/objects/6b1976e38a10256d3f43296fbc23453c9fe6b0cbe496916d39b679d3f4845e75,,AL092012
CAND-2141,S4,AL092012:WCSC-0WVX,sweeps/S4/S4-AL092012-WCSC-0WVX/objects/e2d73846f8b7c1abed7057493eaa85b786e0bf48740dbddf8a1ed09a69884458,,AL092012
CAND-2142,S4,AL092012:WCSC-0WW0,sweeps/S4/S4-AL092012-WCSC-0WW0/objects/b3e75de5f0c0026479239fb7f40acd1967e8b423bb0bcc758bbb68f8cde8edd2,,AL092012
CAND-2143,S4,AL092012:WCSC-0WW2,sweeps/S4/S4-AL092012-WCSC-0WW2/objects/3f243de815ce0852145f422560261d4b897a19b7718434ca09e76062b684a2df,,AL092012
CAND-2144,S4,AL092012:WCSC-0WW5,sweeps/S4/S4-AL092012-WCSC-0WW5/objects/bc13cdbbddff3ad6629c19149bc06afcde5b35fd779e0a89930e67b2997e6f86,,AL092012
CAND-2145,S4,AL092012:WCSC-0WWH,sweeps/S4/S4-AL092012-WCSC-0WWH/objects/8c1e2c64d0fbba0e5a932e1dc022275ba5cc9a9a56ff32be6b3f66e81b3cbdf6,,AL092012
CAND-2146,S4,AL092012:WCSC-0WWK,sweeps/S4/S4-AL092012-WCSC-0WWK/objects/bce20aa5b519e145a24805fc065b5c167480ead91aeeb4275fe336068483b7f4,,AL092012
CAND-2147,S4,AL092012:WCSC-0WWN,sweeps/S4/S4-AL092012-WCSC-0WWN/objects/40e232e1d28ec66a6a8fa46f86093bb99a9919c39e61a19625244eb4623d69cc,,AL092012
CAND-2148,S4,AL092012:WCSC-0WWT,sweeps/S4/S4-AL092012-WCSC-0WWT/objects/4d30d3992bbc9a9c8d17a219563345c345a20c22ed31c407efa471cf012e91fd,,AL092012
CAND-2149,S4,AL092012:WCSC-0WWV,sweeps/S4/S4-AL092012-WCSC-0WWV/objects/833e127aca60802de4cb9d06dae94cc2a32c75a5c9e9e35e0d7e409ad6ffff4b,,AL092012
CAND-2150,S4,AL092012:WCSC-0WWW,sweeps/S4/S4-AL092012-WCSC-0WWW/objects/64701985c145208b73c764b5a6fe02be71a1853fa05ccd9403919152e3b75854,,AL092012
CAND-2151,S4,AL092012:WCSC-0WWY,sweeps/S4/S4-AL092012-WCSC-0WWY/objects/560c341aab5af177135d2f6f2066a47f085b2bc44c8b83acd7290ea9e9419c7a,,AL092012
CAND-2152,S4,AL092012:WCSC-0WWZ,sweeps/S4/S4-AL092012-WCSC-0WWZ/objects/390435f9f600f59c88e15f3cc6c6c0756eb78aeccaf30c15719ca072fe35e780,,AL092012
CAND-2153,S4,AL092012:WCSC-0WXJ,sweeps/S4/S4-AL092012-WCSC-0WXJ/objects/aadf9b76edd43c7b2a0e6b43ac58dc56c66063e02c0249f66732ee9a2da18216,,AL092012
CAND-2154,S4,AL092012:WCSC-0WXK,sweeps/S4/S4-AL092012-WCSC-0WXK/objects/ee1ab1b02648ac36c123e3c2e88538dcc20d7f3e99449bd34e6fdd2751e16220,,AL092012
CAND-2155,S4,AL092012:WCSC-0WXL,sweeps/S4/S4-AL092012-WCSC-0WXL/objects/7e4673483e710915d3b1d0efd8467586effcd46be29a39ab83c36237ccac4755,,AL092012
CAND-2156,S4,AL092012:WCSC-0WXM,sweeps/S4/S4-AL092012-WCSC-0WXM/objects/5752ea88bb0af373e3bb128b4de92dc1dade7a2c934a422a859291c9cac1f2f4,,AL092012
CAND-2157,S4,AL092012:WCSC-0WXQ,sweeps/S4/S4-AL092012-WCSC-0WXQ/objects/dde7941d32ed5f0348606025d12b98cde75c870aab1c7a0fef59a6ce19bc1014,,AL092012
CAND-2158,S4,AL092012:WCSC-0WXR,sweeps/S4/S4-AL092012-WCSC-0WXR/objects/86f15809f5c0b650cd8ac3a47c083a9972c357b2f5ee87716f99db7ade9893db,,AL092012
CAND-2159,S4,AL092012:WCSC-0WY2,sweeps/S4/S4-AL092012-WCSC-0WY2/objects/87da1eaccc105c19e4e041df9c603cad4df1c040eef0fc0deff7a4c0b01b9959,,AL092012
CAND-2160,S4,AL092012:WCSC-0WY5,sweeps/S4/S4-AL092012-WCSC-0WY5/objects/d208fd06c4612f464b8575de61b20cdc3a2a7333383315e567420fe4a2a7fc20,,AL092012
CAND-2161,S4,AL092012:WCSC-0WY6,sweeps/S4/S4-AL092012-WCSC-0WY6/objects/25d1fc600d0e9a2b636b56cb6aaff9a4d59a47e664ffd40c3a03c356e24d46ad,,AL092012
CAND-2162,S4,AL092012:WCSC-0WYG,sweeps/S4/S4-AL092012-WCSC-0WYG/objects/1e19fd471d18c42ac3b099f7991fd4335746a6c716e5d329f7aaa3ee2f20a52a,,AL092012
CAND-2163,S4,AL092012:WCSC-0WYH,sweeps/S4/S4-AL092012-WCSC-0WYH/objects/4c1c1884b30d4044d8649e16c0770a1890b3cd59ceec972fcae0b79fea972552,,AL092012
CAND-2164,S4,AL092012:WCSC-0WYJ,sweeps/S4/S4-AL092012-WCSC-0WYJ/objects/d62160b2e68e026f66afa4f5637e366b7ae589fda07e456f54ee9082c9926e60,,AL092012
CAND-2165,S4,AL092012:WCSC-0WYK,sweeps/S4/S4-AL092012-WCSC-0WYK/objects/2ef60ce7021a83fbd827b436c682b8258508870c7aedec37efc7331e253063a1,,AL092012
CAND-2166,S4,AL092012:WCSC-0WYR,sweeps/S4/S4-AL092012-WCSC-0WYR/objects/2dc2a68877b946491970df66f351b62ff08457cca0951883df4fa0ada1113b0b,,AL092012
CAND-2167,S4,AL092012:WCSC-0WYZ,sweeps/S4/S4-AL092012-WCSC-0WYZ/objects/071220ed1ba22a07c48e611f4565466446e5250317a45a436818543c3a286233,,AL092012
CAND-2168,S4,AL092012:WCSC-0WZ7,sweeps/S4/S4-AL092012-WCSC-0WZ7/objects/8687a0f6962a4069a5157eec5d39f97c8ae9cb3538cb8cf4e24fbbf9a885a245,,AL092012
CAND-2169,S4,AL092012:WCSC-0WZB,sweeps/S4/S4-AL092012-WCSC-0WZB/objects/c736d635f793b7291cecf7fedfcaddebed7bf8f75828c2bcf7c05c9c080f1030,,AL092012
CAND-2170,S4,AL092012:WCSC-0WZT,sweeps/S4/S4-AL092012-WCSC-0WZT/objects/9780168593ff627e4117e98bede80cd72c39533ed35c2828a6c66115e62c7897,,AL092012
CAND-2171,S4,AL092012:WCSC-0WZV,sweeps/S4/S4-AL092012-WCSC-0WZV/objects/ffd25a451f8434c534f94be3aac9d5939bb3c85af8717808fd8c329b9ea1e9b9,,AL092012
CAND-2172,S4,AL092012:WCSC-0X0B,sweeps/S4/S4-AL092012-WCSC-0X0B/objects/7f432ddd858dba0f0b101674c82ff9daee73f048964d8fb5f758704e7eb2ec1d,,AL092012
CAND-2173,S4,AL092012:WCSC-0X0S,sweeps/S4/S4-AL092012-WCSC-0X0S/objects/eb4742e7556c4b8bc2556d4f2a3d705d619c104d4ba6e0a98fc0697aab26936e,,AL092012
CAND-2174,S4,AL092012:WCSC-0X18,sweeps/S4/S4-AL092012-WCSC-0X18/objects/33320465ae3396d1b4a85bbe148c5a126eabd7a8887182a7bbb7454a2ee33739,,AL092012
CAND-2175,S4,AL092012:WCSC-0X20,sweeps/S4/S4-AL092012-WCSC-0X20/objects/1b9ed094d584eca6165deed676895918045710a2de3158ac7e6ceae1ecf453d5,,AL092012
CAND-2176,S4,AL092012:WCSC-0X24,sweeps/S4/S4-AL092012-WCSC-0X24/objects/89b1def8ee80528f0587a7dd5ba23ae03cab49c28341b8ca4607739b5b5acc7f,,AL092012
CAND-2177,S4,AL092012:WCSC-0X2K,sweeps/S4/S4-AL092012-WCSC-0X2K/objects/3ae5999a651e0d3d53e89a1f7582ecdb16d687115e51f855828fef3fd0dd111f,,AL092012
CAND-2178,S4,AL092012:WCSC-0X2L,sweeps/S4/S4-AL092012-WCSC-0X2L/objects/073c7413410b3e3a08d45a9f67e8fc4d57634885429f71ace918eaa3a25bce6c,,AL092012
CAND-2179,S4,AL092012:WCSC-0X2M,sweeps/S4/S4-AL092012-WCSC-0X2M/objects/e57f58aeccd237763e3b3cb77dc3cd508a773ea0cb5ca786faaab1cf823b6e98,,AL092012
CAND-2180,S4,AL092012:WCSC-0X2Q,sweeps/S4/S4-AL092012-WCSC-0X2Q/objects/3298e82e57f0ea1410dae2c886d3ab34381de19bc779a65d2b44296114f07f6c,,AL092012
CAND-2181,S4,AL092012:WCSC-0X2R,sweeps/S4/S4-AL092012-WCSC-0X2R/objects/00723a26ce90836eab590077f3c2f8cd03edadc0723c8839b9333b9f211c6e08,,AL092012
CAND-2182,S4,AL092012:WCSC-0X2U,sweeps/S4/S4-AL092012-WCSC-0X2U/objects/1d77228b2b40bead9ac4312f6fd21f88fc6d2766ede2dfa8cbf68d880d48c21c,,AL092012
CAND-2183,S4,AL092012:WCSC-0X32,sweeps/S4/S4-AL092012-WCSC-0X32/objects/6a9407d01f8929337ac0005dbbd08e3b3c688be642b1dd51be1a51662de61b72,,AL092012
CAND-2184,S4,AL092012:WCSC-0X58,sweeps/S4/S4-AL092012-WCSC-0X58/objects/649b18dc958db07eb21965c6da82dedd7dc8724ece2ffb90fd058530175ca94c,,AL092012
CAND-2185,S4,AL092012:WCSC-0X59,sweeps/S4/S4-AL092012-WCSC-0X59/objects/1ed826c47acd080172c3d118559d08c549a90bff0164a5228ff54b04a220cefc,,AL092012
CAND-2186,S4,AL092012:WCSC-0X5U,sweeps/S4/S4-AL092012-WCSC-0X5U/objects/087f1e131cc567f00df722850f14c6073d5e5634b344535ef8f82014d3039d8a,,AL092012
CAND-2187,S4,AL092012:WCSC-0X62,sweeps/S4/S4-AL092012-WCSC-0X62/objects/30d6fb3bd548afbe9599b0f9dace953fdff56e1b012135acc87a933e3e719aa0,,AL092012
CAND-2188,S4,AL092012:WCSC-0X64,sweeps/S4/S4-AL092012-WCSC-0X64/objects/fc7582b133f0650e104922e14093e768afdcaad7f4927773c117773c9ec8f60b,,AL092012
CAND-2189,S4,AL092012:WCSC-0X6B,sweeps/S4/S4-AL092012-WCSC-0X6B/objects/a789d4e64e574b6bb1eebd28bb7e55500abc28faad5d28106b9f110faa44f8db,,AL092012
CAND-2190,S4,AL092012:WCSC-0X6D,sweeps/S4/S4-AL092012-WCSC-0X6D/objects/48d23d5676709dd471029d7c3edf6e6db6078571ff633f7ce6bd32c99bed245d,,AL092012
CAND-2191,S4,AL092012:WCSC-0X6E,sweeps/S4/S4-AL092012-WCSC-0X6E/objects/2bfa95c54c497308208d5b5c912c5ee8bc7f43e454df4607960148fdcab4c4b7,,AL092012
CAND-2192,S4,AL092012:WCSC-0X6G,sweeps/S4/S4-AL092012-WCSC-0X6G/objects/cfe93142e04de18d73b8b93a064356fed56c118a7b5c0aceecb8d7007dce0b8e,,AL092012
CAND-2193,S4,AL092012:WCSC-0X6H,sweeps/S4/S4-AL092012-WCSC-0X6H/objects/69bfddde59f9aa3c7d6e6c92a6aeefdf7d18a2547116f890e4f7b9dc414be455,,AL092012
CAND-2194,S4,AL092012:WCSC-0X6J,sweeps/S4/S4-AL092012-WCSC-0X6J/objects/10243914af9435d0a4a7ede30247e671736393d0ce3ae62efaf11440944f4eeb,,AL092012
CAND-2195,S4,AL092012:WCSC-0X6K,sweeps/S4/S4-AL092012-WCSC-0X6K/objects/860f8d4320fdf3d4ae168a84ece7c1a761c68c311b2e9ba6be1295799ee7133d,,AL092012
CAND-2196,S4,AL092012:WCSC-0X6L,sweeps/S4/S4-AL092012-WCSC-0X6L/objects/a3e37af8ea98eaed82fe356800e4ce5291f5283775f640a6f937f922cbd24ae2,,AL092012
CAND-2197,S4,AL092012:WCSC-0X6V,sweeps/S4/S4-AL092012-WCSC-0X6V/objects/f4d7af97c923a45be7f222e689b60bab9928b4dcf9fa1172a476769d32157d0c,,AL092012
CAND-2198,S4,AL092012:WCSC-0X7G,sweeps/S4/S4-AL092012-WCSC-0X7G/objects/505a0bbce4d61d9056489d65538f7c2e77f2b97623a5e27ad20ae88fc3ed5779,,AL092012
CAND-2199,S4,AL092012:WCSC-0X7L,sweeps/S4/S4-AL092012-WCSC-0X7L/objects/0536c2545deb504b711fd946f3d36cebab61f344584fc7bd1939a55f6777ae86,,AL092012
CAND-2200,S4,AL092012:WCSC-0X7M,sweeps/S4/S4-AL092012-WCSC-0X7M/objects/c22b2ac6153d36cba12c5d1863bdd7b80afceb3c16d2eb18ef1fa90e05bca31f,,AL092012
CAND-2201,S4,AL092012:WCSC-0X7N,sweeps/S4/S4-AL092012-WCSC-0X7N/objects/c72eb94b33522bff80f7ad6dd731f7cd9bc91e85c93075663137e8cabbc34ce8,,AL092012
CAND-2202,S4,AL092012:WCSC-0X7S,sweeps/S4/S4-AL092012-WCSC-0X7S/objects/0de28369b18a0d4c587647bc3cdc0f3c6a419825203975fe3f08a46c10b0986d,,AL092012
CAND-2203,S4,AL092012:WCSC-0X7T,sweeps/S4/S4-AL092012-WCSC-0X7T/objects/bf2808e7bf4bf381874a84a94e12384ddf3221bbbf53803b3058fde5f4e9567f,,AL092012
CAND-2204,S4,AL092012:WCSC-0X84,sweeps/S4/S4-AL092012-WCSC-0X84/objects/e8ea10e1460afa355a03c1cf7b63a2c453b6830da8e947d37af3a09576ed907c,,AL092012
CAND-2205,S4,AL092012:WCSC-0X8B,sweeps/S4/S4-AL092012-WCSC-0X8B/objects/a18a862614012a600615b7e8ef253e2c4ed8c036174dd0fba134994073420550,,AL092012
CAND-2206,S4,AL092012:WCSC-0X8T,sweeps/S4/S4-AL092012-WCSC-0X8T/objects/367d7dc5f85037e794d3f67cc8d6f2cdced5541341b3b81710de54fa1f320c35,,AL092012
CAND-2207,S4,AL092012:WCSC-0XA1,sweeps/S4/S4-AL092012-WCSC-0XA1/objects/2991f33bc9ebfad31b61eb406874ddd74b0997d5a9ba2e0748da0b0c82ef88cb,,AL092012
CAND-2208,S4,AL092012:WCSC-0XAD,sweeps/S4/S4-AL092012-WCSC-0XAD/objects/770f4dd0fd26daba984645c204f3b9ff074547f2a29fe6d8fef7a4b6708639cf,,AL092012
CAND-2209,S4,AL092012:WCSC-0XAE,sweeps/S4/S4-AL092012-WCSC-0XAE/objects/c83a817d1bb65fe4bfecd06f47ed4621d133f7f335d453c060e26b7c7737c962,,AL092012
CAND-2210,S4,AL092012:WCSC-0XAF,sweeps/S4/S4-AL092012-WCSC-0XAF/objects/027fe3110ab45bca51bee52729df1a66ae7045246af0f38646017a4bc1079ea2,,AL092012
CAND-2211,S4,AL092012:WCSC-0XAH,sweeps/S4/S4-AL092012-WCSC-0XAH/objects/98f77e2fd807f9fb511e237cc23c9d7e04473a9408864d3e99cc9a3df89c855b,,AL092012
CAND-2212,S4,AL092012:WCSC-0XAJ,sweeps/S4/S4-AL092012-WCSC-0XAJ/objects/b231d10667466f4c3154ef9f14c703ee0aaaf17fcb0be0a13199d540233a8c88,,AL092012
CAND-2213,S4,AL092012:WCSC-0XAU,sweeps/S4/S4-AL092012-WCSC-0XAU/objects/17d075115e7cbfdb010312b1c3fe472840b2aab158e82a2841cd204c088d4632,,AL092012
CAND-2214,S4,AL092012:WCSC-0XAX,sweeps/S4/S4-AL092012-WCSC-0XAX/objects/719f13653624a3ebd2338645264302808c2db36a8e0b0225a1529912ebd2de5f,,AL092012
CAND-2215,S4,AL092012:WCSC-0XAY,sweeps/S4/S4-AL092012-WCSC-0XAY/objects/f5014d62effbf2473df60c0bea55f9681b25ded4885f3dcc265c2788d2fca50f,,AL092012
CAND-2216,S4,AL092012:WCSC-0XAZ,sweeps/S4/S4-AL092012-WCSC-0XAZ/objects/84f23c002c90d076d4ec6be42509a0348c172653951cefb62d6745fea299c8c7,,AL092012
CAND-2217,S4,AL092012:WCSC-0YAD,sweeps/S4/S4-AL092012-WCSC-0YAD/objects/87ac0a4448a2ce5f24cbc4b3dba4eee5138123be92d171d990d2b76d30379063,,AL092012
CAND-2218,S4,AL092012:WCSC-0YCU,sweeps/S4/S4-AL092012-WCSC-0YCU/objects/12be9cd341e1566fa876f3e449b9f763ccad0766e3fd823fa3e0020a67dbce3d,,AL092012
CAND-2219,S4,AL092012:WCSC-0YF8,sweeps/S4/S4-AL092012-WCSC-0YF8/objects/2e2e4a9bf2a7b89e5d24d7ecc66bc18710ed29b4616b5d722b63beb24bb634d0,,AL092012
CAND-2220,S4,AL092012:WCSC-0YPD,sweeps/S4/S4-AL092012-WCSC-0YPD/objects/b91f3bb9424937d2060d140ba32ee7a22144a3a89772719dac15d9a2dbed94eb,,AL092012
CAND-2221,S4,AL092012:WCSC-0YSK,sweeps/S4/S4-AL092012-WCSC-0YSK/objects/882c3cb3bdf0ecb187092e56f4be5104813e30efb77c3b75d03bf0efaa8d5371,,AL092012
CAND-2222,S4,AL092012:WCSC-0YSP,sweeps/S4/S4-AL092012-WCSC-0YSP/objects/f8ef1b49a2f3d2278c1e18f610409cf73b4c951d3a3853c4fc17fc9e9d444408,,AL092012
CAND-2223,S4,AL092012:WCSC-0YST,sweeps/S4/S4-AL092012-WCSC-0YST/objects/a8c237d37ab519ffde23f03758c5afd2c7a736e9a446a8d818197ee0888ff236,,AL092012
CAND-2224,S4,AL092012:WCSC-0Z9R,sweeps/S4/S4-AL092012-WCSC-0Z9R/objects/6b70024c688221445638315779f974c05c22c69d4635a7a550e851eb8621fd33,,AL092012
CAND-2225,S4,AL092012:WCSC-0ZRU,sweeps/S4/S4-AL092012-WCSC-0ZRU/objects/a7c0b05497a3077b2cfbc2bc174f31d0f7803d58d8bff7a37c22152a9a4cf11d,,AL092012
CAND-2226,S4,AL092012:WCSC-0ZSB,sweeps/S4/S4-AL092012-WCSC-0ZSB/objects/a246c473db7ed06053072f72e5e041736099cc4e4f4da6d89b4faa50fbbd4045,,AL092012
CAND-2227,S4,AL092017:WCSC-08UQ,sweeps/S4/S4-AL092017-WCSC-08UQ/objects/ca1cba0550d623b97b9c48670f6f828296e939254060ba95fccbd7fcb28ad454,,AL092017
CAND-2228,S4,AL092017:WCSC-08YD,sweeps/S4/S4-AL092017-WCSC-08YD/objects/be2d6647a0cfdd19dd2abf72a27a8e4c883d73d2e88900cd1cc8ab262177ac67,,AL092017
CAND-2229,S4,AL092017:WCSC-0A8U,sweeps/S4/S4-AL092017-WCSC-0A8U/objects/72741ae65cf3abb0dc4453f9a9dfbfab02234f60e5edb68071c75339131a0579,,AL092017
CAND-2230,S4,AL092017:WCSC-0B06,sweeps/S4/S4-AL092017-WCSC-0B06/objects/25903018a2efaff3870a2506dff95ec873383bef053c8265c5ad05413c0ee234,,AL092017
CAND-2231,S4,AL092017:WCSC-0B4Y,sweeps/S4/S4-AL092017-WCSC-0B4Y/objects/0521f73907f77b74ec6e8d814133b1417bba4916f4d009a284852b9fc273ff03,,AL092017
CAND-2232,S4,AL092017:WCSC-0B57,sweeps/S4/S4-AL092017-WCSC-0B57/objects/c236cb9e1f76856caefaef559bbecca5e155361729912c93be6eb320696bedfe,,AL092017
CAND-2233,S4,AL092017:WCSC-0BDF,sweeps/S4/S4-AL092017-WCSC-0BDF/objects/08b1662ed772b06e1e8cc717da7cff5c886f62f3ce29815afbc9fa89e578cf97,,AL092017
CAND-2234,S4,AL092017:WCSC-0BYK,sweeps/S4/S4-AL092017-WCSC-0BYK/objects/da1ef4c974376c775fdbc35cdbbeb29c86d4c546d8f83a9c18cdbde907b3a5dd,,AL092017
CAND-2235,S4,AL092017:WCSC-0CMG,sweeps/S4/S4-AL092017-WCSC-0CMG/objects/ac7eb9a249b5d80d480ef7a213ed4bc46fe1b465709372dfe41440fc48ef12fb,,AL092017
CAND-2236,S4,AL092017:WCSC-0DA3,sweeps/S4/S4-AL092017-WCSC-0DA3/objects/dd48d2c49dc2646260237c1e4a3f65ac5945682a4bad04b0060cab33bf36a948,,AL092017
CAND-2237,S4,AL092017:WCSC-0DF2,sweeps/S4/S4-AL092017-WCSC-0DF2/objects/92106ff6945d006402561071232047bb8750b53c69401de24bd561be0fb68c38,,AL092017
CAND-2238,S4,AL092017:WCSC-0DF5,sweeps/S4/S4-AL092017-WCSC-0DF5/objects/71db2d4f3dbc63c7f303a0ec722f063c02714cc2ac1451da7a66fda9e1c712a2,,AL092017
CAND-2239,S4,AL092017:WCSC-0E6N,sweeps/S4/S4-AL092017-WCSC-0E6N/objects/30f34401161339e8ead91831bc854c00e8f422367a30a9f34591f3c21134193e,,AL092017
CAND-2240,S4,AL092017:WCSC-0N8G,sweeps/S4/S4-AL092017-WCSC-0N8G/objects/8ba45b8213d6e275928b75e9526a96c07696f85d12b9d08d78f2cc29a7e94897,,AL092017
CAND-2241,S4,AL092017:WCSC-0PTH,sweeps/S4/S4-AL092017-WCSC-0PTH/objects/c66df021b32a1d2432e63edfe7db27d8ae9efe5b63800e7c73ab6ea2d5926117,,AL092017
CAND-2242,S4,AL092017:WCSC-0PTP,sweeps/S4/S4-AL092017-WCSC-0PTP/objects/86a6f342a7d6e046af100d7802e059d79b86f8c33079715404811195a0d93025,,AL092017
CAND-2243,S4,AL092017:WCSC-0PTU,sweeps/S4/S4-AL092017-WCSC-0PTU/objects/7dcaf37d250575b2361c30bf1014204c2b1474706c13ab60486b415224744a5e,,AL092017
CAND-2244,S4,AL092017:WCSC-0R0Y,sweeps/S4/S4-AL092017-WCSC-0R0Y/objects/f18f253c35bfb74a7f73ab9e738822a9de7f02a1b17fb1870408baa17447fa86,,AL092017
CAND-2245,S4,AL092017:WCSC-0R2S,sweeps/S4/S4-AL092017-WCSC-0R2S/objects/66113a85bca420ca79d503c9780c5610ae7fa4876cdc33a6257fd37a2c789425,,AL092017
CAND-2246,S4,AL092017:WCSC-0R2T,sweeps/S4/S4-AL092017-WCSC-0R2T/objects/1ad50d759524720e4944d2184abb0f4793a83fe63454d089dabc220226d78dff,,AL092017
CAND-2247,S4,AL092017:WCSC-0R2U,sweeps/S4/S4-AL092017-WCSC-0R2U/objects/795d978d77abaf0a92573cee82521c9d4f2ee713e1cf5af3c203f1c50ce3a006,,AL092017
CAND-2248,S4,AL092017:WCSC-0R2V,sweeps/S4/S4-AL092017-WCSC-0R2V/objects/44f461c7bc932ce641e74b19865d4dd2b1e5a761572083fab7181310d82bffa6,,AL092017
CAND-2249,S4,AL092017:WCSC-0R37,sweeps/S4/S4-AL092017-WCSC-0R37/objects/348ce9630e71c14d0f55166fde862ec02be6af45a42130d032bd225805317a1a,,AL092017
CAND-2250,S4,AL092017:WCSC-0RAV,sweeps/S4/S4-AL092017-WCSC-0RAV/objects/ba3895d145712b52deb00d7118db7cf897df34cc4a25ebb7ce0ff0657dc96bf7,,AL092017
CAND-2251,S4,AL092017:WCSC-0RB3,sweeps/S4/S4-AL092017-WCSC-0RB3/objects/0bcd212d8ce8cd7d3f4cec3eef67dfe8ef18f9d6aff993fe225ba9c622d7e41a,,AL092017
CAND-2252,S4,AL092017:WCSC-0RB4,sweeps/S4/S4-AL092017-WCSC-0RB4/objects/c69b3cbde1c31072b1d46f978d1ccb33dd6a45941562fe68d1b22ed58621e8b3,,AL092017
CAND-2253,S4,AL092017:WCSC-0RBE,sweeps/S4/S4-AL092017-WCSC-0RBE/objects/3d5f22482e2a046a6269a151723b9b883e861b00281fd0faac6666a5e75e8249,,AL092017
CAND-2254,S4,AL092017:WCSC-0RBF,sweeps/S4/S4-AL092017-WCSC-0RBF/objects/baf54ebf3fdd68635acb0abbbcf46973f864c09a4e788c9d5cdd6b7fd2238c05,,AL092017
CAND-2255,S4,AL092017:WCSC-0REG,sweeps/S4/S4-AL092017-WCSC-0REG/objects/f53455ad759c0e23cf9da7b242e3afc86adfc7a2f1f67b96dc17373844708354,,AL092017
CAND-2256,S4,AL092017:WCSC-0REH,sweeps/S4/S4-AL092017-WCSC-0REH/objects/71de93316c0f87a9a7c1465c56bec19fc844c86a30ffe2c722b5351d2cf0e4d1,,AL092017
CAND-2257,S4,AL092017:WCSC-0REX,sweeps/S4/S4-AL092017-WCSC-0REX/objects/c9a96fb493aa395d8c4000af1e424f42c1fa624804251a6be2a9887584bf99c6,,AL092017
CAND-2258,S4,AL092017:WCSC-0TBM,sweeps/S4/S4-AL092017-WCSC-0TBM/objects/08c56a858d38cbac2e75f747fe228c8da46a727053ddba59736d6c4bb1b068f9,,AL092017
CAND-2259,S4,AL092017:WCSC-0TG6,sweeps/S4/S4-AL092017-WCSC-0TG6/objects/a16651a3be6ef322233db82f422b991d25ed3f0a082c42349a559200c118a64d,,AL092017
CAND-2260,S4,AL092017:WCSC-0TG7,sweeps/S4/S4-AL092017-WCSC-0TG7/objects/e1279aeedb5dd093827a752ff0aa6b9ba98234fd51343fd8bd3c35184a6fab72,,AL092017
CAND-2261,S4,AL092017:WCSC-0TKQ,sweeps/S4/S4-AL092017-WCSC-0TKQ/objects/01fc14e6ae3bcbe3dff680e4770e7c25b61565a486dfe85e73c1a1e94da30e0f,,AL092017
CAND-2262,S4,AL092017:WCSC-0TNM,sweeps/S4/S4-AL092017-WCSC-0TNM/objects/62730753ecb48726c5db9a088c3a1c350bbb6b835bc8a803ad5a93364cb83461,,AL092017
CAND-2263,S4,AL092017:WCSC-0TP3,sweeps/S4/S4-AL092017-WCSC-0TP3/objects/e31d2c0f7d6f523ea14861da1c1135d37ff7fe95fd6c8f2e50d66536cadda046,,AL092017
CAND-2264,S4,AL092017:WCSC-0TP4,sweeps/S4/S4-AL092017-WCSC-0TP4/objects/6433fcf7800e309f6d1d9499a4b84bb3334cdec9f204414d93c83420365eab52,,AL092017
CAND-2265,S4,AL092017:WCSC-0TRY,sweeps/S4/S4-AL092017-WCSC-0TRY/objects/5cb6584741bcae05b48940d9381b73b4f10e00834c2778e0e2655df1377f5b4a,,AL092017
CAND-2266,S4,AL092017:WCSC-0TSR,sweeps/S4/S4-AL092017-WCSC-0TSR/objects/65acec9fcd7ad36411856c4a8eb0bbd5946bdb16439c7ce599d3cccf9de42862,,AL092017
CAND-2267,S4,AL092017:WCSC-0TSS,sweeps/S4/S4-AL092017-WCSC-0TSS/objects/6f905adf115354737940dca2df48494d4c0c1c4f864ab4166a63e9507976ba92,,AL092017
CAND-2268,S4,AL092017:WCSC-0TUN,sweeps/S4/S4-AL092017-WCSC-0TUN/objects/61610ba6b346d3e111386f47bb16c3a38ee558d1a79e96abd9fb1e7513a82a77,,AL092017
CAND-2269,S4,AL092017:WCSC-0TUP,sweeps/S4/S4-AL092017-WCSC-0TUP/objects/150520cd922780c2bab7c1f5ddbbb43a6112affce9d3a1dd300c61838ced0e88,,AL092017
CAND-2270,S4,AL092017:WCSC-0TUQ,sweeps/S4/S4-AL092017-WCSC-0TUQ/objects/a86d7496dfa3b93b98a9ae92ad9cd81499bccb7ff41a93ea089ddc212814f5f3,,AL092017
CAND-2271,S4,AL092017:WCSC-0TV7,sweeps/S4/S4-AL092017-WCSC-0TV7/objects/1807ff810df94ed6b3533a0d0940f029b5aa43afe21dc3c525d1afbfecb4612f,,AL092017
CAND-2272,S4,AL092017:WCSC-0TX5,sweeps/S4/S4-AL092017-WCSC-0TX5/objects/8b3a670a530a403a1fc708c6a133729b8559e33033b563950f2c8cfd1d561d59,,AL092017
CAND-2273,S4,AL092017:WCSC-0TX7,sweeps/S4/S4-AL092017-WCSC-0TX7/objects/a89d5e5068e4a7e7060af9c4d87b9b0a8c52f26c10d1fa32e29c610167588e2d,,AL092017
CAND-2274,S4,AL092017:WCSC-0TYV,sweeps/S4/S4-AL092017-WCSC-0TYV/objects/e9c73a31af373f2acb8e06da6a5ed676030f0794df917dea2a7c8cbd3db971f1,,AL092017
CAND-2275,S4,AL092017:WCSC-0U03,sweeps/S4/S4-AL092017-WCSC-0U03/objects/3ba9aa7de470381e915ad2bcf11398d949276eb1969687d8852872d448dc1f5c,,AL092017
CAND-2276,S4,AL092017:WCSC-0U1T,sweeps/S4/S4-AL092017-WCSC-0U1T/objects/9ccf349b24cd2a84f3b096861be7de593ec48768249384babf31a5071b30706b,,AL092017
CAND-2277,S4,AL092017:WCSC-0U2B,sweeps/S4/S4-AL092017-WCSC-0U2B/objects/4f9c51eb89f3990e0871015399677b832ee9e0e9fb9441afd391e42d2e5229e7,,AL092017
CAND-2278,S4,AL092017:WCSC-0W14,sweeps/S4/S4-AL092017-WCSC-0W14/objects/e96ecb60e2489ba3e08946ff07333dd448bfce6a1616c67b8219be2e35d6b6b6,,AL092017
CAND-2279,S4,AL092017:WCSC-0W17,sweeps/S4/S4-AL092017-WCSC-0W17/objects/4df10c2d0b91ec30b47cba07ed2f1d83bfbee6d063341a9bdbef5d992d9aaa80,,AL092017
CAND-2280,S4,AL092017:WCSC-0W1H,sweeps/S4/S4-AL092017-WCSC-0W1H/objects/db2e19b71f1aef9a6cf21f53d39491dc9f17fab063f6d9f03a01b04ae2ae7551,,AL092017
CAND-2281,S4,AL092017:WCSC-0W1K,sweeps/S4/S4-AL092017-WCSC-0W1K/objects/c4a4fa18c0c34d50af8dea90b85ae884d315f656227c15342ff03b20e07bc2e0,,AL092017
CAND-2282,S4,AL092017:WCSC-0W1U,sweeps/S4/S4-AL092017-WCSC-0W1U/objects/d8533b30a2dbc2ff6fcab7a9f01f50565b25faefea39452d584e0d08de150db6,,AL092017
CAND-2283,S4,AL092017:WCSC-0W1X,sweeps/S4/S4-AL092017-WCSC-0W1X/objects/1449cd1812635c3d28b088a8ba506e2caeade5847f8c3ca804e58b2d88db384e,,AL092017
CAND-2284,S4,AL092017:WCSC-0W1Z,sweeps/S4/S4-AL092017-WCSC-0W1Z/objects/e005e864f65cefaf367ce39d3fb793a2d9e30a8d3d2c86534feb231ed595ced6,,AL092017
CAND-2285,S4,AL092017:WCSC-0W4J,sweeps/S4/S4-AL092017-WCSC-0W4J/objects/f33cefcda1df9327f88c3cf4d6bc3f1915970a39e06ca6a509d240c92cdfd80b,,AL092017
CAND-2286,S4,AL092017:WCSC-0W4M,sweeps/S4/S4-AL092017-WCSC-0W4M/objects/684f8d69167a9af79751bc07157633682ae860c8dbeb793f422cff0656512849,,AL092017
CAND-2287,S4,AL092017:WCSC-0W53,sweeps/S4/S4-AL092017-WCSC-0W53/objects/a57de25493452afd4753c3ac3921a89c5374b373ae1ffeee7a6e3c26ea1f2bed,,AL092017
CAND-2288,S4,AL092017:WCSC-0W75,sweeps/S4/S4-AL092017-WCSC-0W75/objects/3ed0cc87d7b160009e6a407128e41d73e1b5f36fa60669342ba51f10311f294e,,AL092017
CAND-2289,S4,AL092017:WCSC-0WF3,sweeps/S4/S4-AL092017-WCSC-0WF3/objects/34c67d65cfe224cb8c4f4b8db2428dde0a3a715d592d258dd272cb55b579746a,,AL092017
CAND-2290,S4,AL092017:WCSC-0WG6,sweeps/S4/S4-AL092017-WCSC-0WG6/objects/afdf1440b24455ce67a6b484dd0fa9c51cdc6d2d4063801bc0daff27b1a4d0ec,,AL092017
CAND-2291,S4,AL092017:WCSC-0WH3,sweeps/S4/S4-AL092017-WCSC-0WH3/objects/30df433eb170b34c224a7393295a081b2d95b1cf1f4c8d08bf9b5cc28f455405,,AL092017
CAND-2292,S4,AL092017:WCSC-0WHQ,sweeps/S4/S4-AL092017-WCSC-0WHQ/objects/f6d70df32358c9b0befd7a750391826b0358b6074bb3b2ba75184074a8a7d926,,AL092017
CAND-2293,S4,AL092017:WCSC-0WJA,sweeps/S4/S4-AL092017-WCSC-0WJA/objects/52bfc064a856b7b844e04c2f0244b7278b755b9cab686364a40491091191414c,,AL092017
CAND-2294,S4,AL092017:WCSC-0WJE,sweeps/S4/S4-AL092017-WCSC-0WJE/objects/dcb9381a72ed60674c355db02e155bea7250666008bc047acba4312360f5052e,,AL092017
CAND-2295,S4,AL092017:WCSC-0WKA,sweeps/S4/S4-AL092017-WCSC-0WKA/objects/cf992942ed5246e6ada6a349ce2f0746b6b3898d97f551b4280b169f56a29d2b,,AL092017
CAND-2296,S4,AL092017:WCSC-0WKB,sweeps/S4/S4-AL092017-WCSC-0WKB/objects/4d75ec3986400fbcafc57b74f2058b91c971e695894151863549068e6f37adf4,,AL092017
CAND-2297,S4,AL092017:WCSC-0WLG,sweeps/S4/S4-AL092017-WCSC-0WLG/objects/955df5472208d23acd9f94c738ceddd1d581624c228eb511a69a6cbe3b64def4,,AL092017
CAND-2298,S4,AL092017:WCSC-0WLH,sweeps/S4/S4-AL092017-WCSC-0WLH/objects/5ab95599bd3d064926f525275971ea173eab874aeb97c9e616fba314cddbfb4a,,AL092017
CAND-2299,S4,AL092017:WCSC-0WLJ,sweeps/S4/S4-AL092017-WCSC-0WLJ/objects/3cf5c0006543bb21a0122c47a21c512e8b338ea45d8aa95e82cd91c80f72f19a,,AL092017
CAND-2300,S4,AL092017:WCSC-0WMA,sweeps/S4/S4-AL092017-WCSC-0WMA/objects/2dbb22424f6c7fafec5ad71801a81175f0560dd39b333c9e6e217f7c2abded8b,,AL092017
CAND-2301,S4,AL092017:WCSC-0WME,sweeps/S4/S4-AL092017-WCSC-0WME/objects/8b1847d7c661667d4dcbfec141c9932b54776def9c5e01a18e000a2774db610b,,AL092017
CAND-2302,S4,AL092017:WCSC-0WMU,sweeps/S4/S4-AL092017-WCSC-0WMU/objects/b5ae6a98aa4ac264403ea6195397d5929bc99796b91f703c129d009aa5a6bd2d,,AL092017
CAND-2303,S4,AL092017:WCSC-0WMX,sweeps/S4/S4-AL092017-WCSC-0WMX/objects/367d8e4146a2da6bbafd8f57c91cc2c14862a8e9259d37c37602740639948ab7,,AL092017
CAND-2304,S4,AL092017:WCSC-0WMY,sweeps/S4/S4-AL092017-WCSC-0WMY/objects/138f62154988f523dfcfbcba12bb17d9751faa33f040bdce7160bc13894460f4,,AL092017
CAND-2305,S4,AL092017:WCSC-0WMZ,sweeps/S4/S4-AL092017-WCSC-0WMZ/objects/bc860afc49f6fd1d5c39eb38ff9047b01b9f27448a830f43b4925562f19105d7,,AL092017
CAND-2306,S4,AL092017:WCSC-0WNB,sweeps/S4/S4-AL092017-WCSC-0WNB/objects/baadfa7361bf90c83a00158ccaddc252839fe544e292d7d26bbb9902472a8f9f,,AL092017
CAND-2307,S4,AL092017:WCSC-0WNE,sweeps/S4/S4-AL092017-WCSC-0WNE/objects/a456e61b820cbe9515839d7029aa9345126256c62b1feb29b48f44a2070f5251,,AL092017
CAND-2308,S4,AL092017:WCSC-0WNF,sweeps/S4/S4-AL092017-WCSC-0WNF/objects/2fb87514d5cdaa86c48bb6f340aabf7dbb267dba84db6bf116a6624e6a20da55,,AL092017
CAND-2309,S4,AL092017:WCSC-0WNN,sweeps/S4/S4-AL092017-WCSC-0WNN/objects/89716e0e491b974a72cb3b9755823ffc3f1583b51b0a36617d05f9d47c0e75b2,,AL092017
CAND-2310,S4,AL092017:WCSC-0WNP,sweeps/S4/S4-AL092017-WCSC-0WNP/objects/ca8c4a0950dbea10e5e4bb2e60174add05a37698219442b37cff6d299632ddbc,,AL092017
CAND-2311,S4,AL092017:WCSC-0WNQ,sweeps/S4/S4-AL092017-WCSC-0WNQ/objects/5913192a955612aac2807a844124d56a3b8bb17d0f5db39c174e39f5d31830d3,,AL092017
CAND-2312,S4,AL092017:WCSC-0WNZ,sweeps/S4/S4-AL092017-WCSC-0WNZ/objects/d591a6d70fc6c747bf90459a0f2a4d7dc415a99c54e073855cf91d2431c178b3,,AL092017
CAND-2313,S4,AL092017:WCSC-0WP7,sweeps/S4/S4-AL092017-WCSC-0WP7/objects/f3df1c2b1dc603d3de4f15c0ef9e1098e7ee3191a66b3e1fec7e7125bdc86504,,AL092017
CAND-2314,S4,AL092017:WCSC-0WP9,sweeps/S4/S4-AL092017-WCSC-0WP9/objects/4906bba7b0a7a768874e0eb36c626d9cc4e1c49223744259c0c24a5fb870b7fa,,AL092017
CAND-2315,S4,AL092017:WCSC-0WPA,sweeps/S4/S4-AL092017-WCSC-0WPA/objects/0a212be491a0d7ca9b296cad0982792d04e68c8dd9184e30ef94205755d04132,,AL092017
CAND-2316,S4,AL092017:WCSC-0WPT,sweeps/S4/S4-AL092017-WCSC-0WPT/objects/9a964ae66d1f325a5353981c8d918c3546686ee25805ed1d56c6667832345670,,AL092017
CAND-2317,S4,AL092017:WCSC-0WRF,sweeps/S4/S4-AL092017-WCSC-0WRF/objects/6dac07d65406090ca005a09f2aa98ed67bac25298e7afd2678be86e4e0e1902a,,AL092017
CAND-2318,S4,AL092017:WCSC-0WRG,sweeps/S4/S4-AL092017-WCSC-0WRG/objects/a3e379a3ebd40f7beaeae565de5151859be84864bf73e07bff795ff688d999ca,,AL092017
CAND-2319,S4,AL092017:WCSC-0WRH,sweeps/S4/S4-AL092017-WCSC-0WRH/objects/b4f7a9cfb58e72d8ade695104d80211d52d19e5e403e6aa92696493d5dbf73bb,,AL092017
CAND-2320,S4,AL092017:WCSC-0WRX,sweeps/S4/S4-AL092017-WCSC-0WRX/objects/4aceed73d7547117bfd3271daf37be3fe6b02d97e290687e1ccd0cc6f31873e9,,AL092017
CAND-2321,S4,AL092017:WCSC-0WU5,sweeps/S4/S4-AL092017-WCSC-0WU5/objects/62d874c3d6b496e80cf2a34348b10292efc0020c018c079e106394ca818aac03,,AL092017
CAND-2322,S4,AL092017:WCSC-0WU7,sweeps/S4/S4-AL092017-WCSC-0WU7/objects/509ad4d54b542fbe10b85f7c30a8ca581a77c1d25e566783b898b8f98ada8a48,,AL092017
CAND-2323,S4,AL092017:WCSC-0WU9,sweeps/S4/S4-AL092017-WCSC-0WU9/objects/af196835aeaaa42d73865571e54d406e32c51bd3c6533dc70e1bff25841f9425,,AL092017
CAND-2324,S4,AL092017:WCSC-0WUH,sweeps/S4/S4-AL092017-WCSC-0WUH/objects/04e3cee5a8decdec5395abe2f4cf424362d48a7a14353a9910acd059d1733329,,AL092017
CAND-2325,S4,AL092017:WCSC-0WVC,sweeps/S4/S4-AL092017-WCSC-0WVC/objects/d6067cd16769e77bfa05b7fe1ebee75b2f3fae10c7deb59cf649d4428abbf601,,AL092017
CAND-2326,S4,AL092017:WCSC-0WVD,sweeps/S4/S4-AL092017-WCSC-0WVD/objects/72f901d50baf80a9e845b64ff82fde6bc5456351592a9a648286548b4f3f0bbb,,AL092017
CAND-2327,S4,AL092017:WCSC-0WWH,sweeps/S4/S4-AL092017-WCSC-0WWH/objects/8c5967c86a627bd3dfda7fbb84a8e1470e574dc004e5bc4279ad1fe8359985c0,,AL092017
CAND-2328,S4,AL092017:WCSC-0WWK,sweeps/S4/S4-AL092017-WCSC-0WWK/objects/248fece1fe412c44b80692b9fdc46d2e83e516997ebef56cda8ba1b66834b2a0,,AL092017
CAND-2329,S4,AL092017:WCSC-0WWN,sweeps/S4/S4-AL092017-WCSC-0WWN/objects/2c970c222dff091597afd731857163280695fe92d82706018f13bc6c0ae5348b,,AL092017
CAND-2330,S4,AL092017:WCSC-0WWY,sweeps/S4/S4-AL092017-WCSC-0WWY/objects/d91b1bbcfb6c4ea956857a52a9849b79210a197137c4f1e78773e76652fa5abf,,AL092017
CAND-2331,S4,AL092017:WCSC-0WWZ,sweeps/S4/S4-AL092017-WCSC-0WWZ/objects/827fde6dea60f23b7120c520d48ff60d76c6802bf40c3d5a664f7b60670ba8d0,,AL092017
CAND-2332,S4,AL092017:WCSC-0WXQ,sweeps/S4/S4-AL092017-WCSC-0WXQ/objects/71465c29de8eeef74aeeb09211c951e866305be0ddb18578c6b12ad80554537b,,AL092017
CAND-2333,S4,AL092017:WCSC-0WXR,sweeps/S4/S4-AL092017-WCSC-0WXR/objects/a17be9df9d2edecec84b248eca80199f8b99ae3b9c296a57a1eb2842f95cde3d,,AL092017
CAND-2334,S4,AL092017:WCSC-0WYP,sweeps/S4/S4-AL092017-WCSC-0WYP/objects/f8ce561a1bd509c45681e2f0247434e578a16e119f2008e3fb3bbf77a492042a,,AL092017
CAND-2335,S4,AL092017:WCSC-0WYQ,sweeps/S4/S4-AL092017-WCSC-0WYQ/objects/bfcbb4f187740cb7093002e19ce71f5470c6f5454c214803079b7218b4a48497,,AL092017
CAND-2336,S4,AL092017:WCSC-0WZ4,sweeps/S4/S4-AL092017-WCSC-0WZ4/objects/6bf6ae2536365add2b89d8c2fe526cf6ef36c27a3b3b10037bc4ec90e62c1412,,AL092017
CAND-2337,S4,AL092017:WCSC-0WZ7,sweeps/S4/S4-AL092017-WCSC-0WZ7/objects/30bce99085cb8f29cacaaa30de8892b2dbe36a78849c9cd4b4617f837a6aafbf,,AL092017
CAND-2338,S4,AL092017:WCSC-0WZM,sweeps/S4/S4-AL092017-WCSC-0WZM/objects/49b1203d5ddac79a1173771577ef2d02c89f2ad1f2eeba50f115597ba94f599e,,AL092017
CAND-2339,S4,AL092017:WCSC-0X02,sweeps/S4/S4-AL092017-WCSC-0X02/objects/db6e8e1e4baccdd33dde0136714e934cfaedc04d93637ac48fd9c6f175399bcc,,AL092017
CAND-2340,S4,AL092017:WCSC-0X0S,sweeps/S4/S4-AL092017-WCSC-0X0S/objects/de17c47f5fd78cca99d56c343cc476b0b043594045d3e1007d84d6a53cfbd4ad,,AL092017
CAND-2341,S4,AL092017:WCSC-0X18,sweeps/S4/S4-AL092017-WCSC-0X18/objects/89c790ac23faf5863c62a8316be9af324ed3d5eb8b46d612436d6ea4f87df5ad,,AL092017
CAND-2342,S4,AL092017:WCSC-0X24,sweeps/S4/S4-AL092017-WCSC-0X24/objects/f7433a97973dc8f7adcee5cb2a0784ff6c78644f03b081cc27e08af06133d60b,,AL092017
CAND-2343,S4,AL092017:WCSC-0X2Q,sweeps/S4/S4-AL092017-WCSC-0X2Q/objects/8ac8ef17f432ccc24ec1beed39425b629c6daacfd1f2ecf6e46d75701eeb2f31,,AL092017
CAND-2344,S4,AL092017:WCSC-0X2R,sweeps/S4/S4-AL092017-WCSC-0X2R/objects/f0c29bedd4022fb8f6cec7715851c003e941c4b37c5464402e3f1a50108ecbc9,,AL092017
CAND-2345,S4,AL092017:WCSC-0X2U,sweeps/S4/S4-AL092017-WCSC-0X2U/objects/3a9a4c2cbad667af71e74b69e5667c3ee4467f0ee62ec2b9fc1adfe807b1b518,,AL092017
CAND-2346,S4,AL092017:WCSC-0X32,sweeps/S4/S4-AL092017-WCSC-0X32/objects/73297029014bdd3c8e07c55b3d5c884aba034ec20ad24583a71fcb171c5f7e63,,AL092017
CAND-2347,S4,AL092017:WCSC-0X58,sweeps/S4/S4-AL092017-WCSC-0X58/objects/594b67fd25e464eab9c6ee91352044bd1025c82a421e823dcd669480ae12ebcf,,AL092017
CAND-2348,S4,AL092017:WCSC-0X59,sweeps/S4/S4-AL092017-WCSC-0X59/objects/9da26d2539d8f45e80a30c6e5578b9a77387185da18a008f9611b8892198bbea,,AL092017
CAND-2349,S4,AL092017:WCSC-0X6B,sweeps/S4/S4-AL092017-WCSC-0X6B/objects/01360470d6eb1da8a0208db95b3d0547e476c0f62e9b0a28aa93044a0d9abe73,,AL092017
CAND-2350,S4,AL092017:WCSC-0X6C,sweeps/S4/S4-AL092017-WCSC-0X6C/objects/8ef16853bf0985197fc49adcef626aaf29b72f8c58c306c9a5fcf735555a8fff,,AL092017
CAND-2351,S4,AL092017:WCSC-0X6D,sweeps/S4/S4-AL092017-WCSC-0X6D/objects/c4f31b8bc9024ebfcaab3d6dc1eb53600088bbd37a932efb2c490bfc65fed61c,,AL092017
CAND-2352,S4,AL092017:WCSC-0X6E,sweeps/S4/S4-AL092017-WCSC-0X6E/objects/a92dfb50a8cea36c6b2e69ec0ba0b5dd648ae1bb3c672f426df8be6ae9095efd,,AL092017
CAND-2353,S4,AL092017:WCSC-0X6V,sweeps/S4/S4-AL092017-WCSC-0X6V/objects/80cc93c5b453ea0d648b064cd7c1250e5dc451dd8a184afe7f68d59f2c73bad1,,AL092017
CAND-2354,S4,AL092017:WCSC-0X7S,sweeps/S4/S4-AL092017-WCSC-0X7S/objects/e60c67516aa5d61f83b0085f29a53e7281092fb5e1738e4727dc1ff11e81b7d4,,AL092017
CAND-2355,S4,AL092017:WCSC-0X7T,sweeps/S4/S4-AL092017-WCSC-0X7T/objects/24848d2be85cdef9a5f2a4c1e4b3822244bbb0ee96a92f7ea2b6e3d4e8476c7a,,AL092017
CAND-2356,S4,AL092017:WCSC-0X8B,sweeps/S4/S4-AL092017-WCSC-0X8B/objects/a27970d791a16352078744225c89c1ead174af447b447b8b453e1ef5ed046a21,,AL092017
CAND-2357,S4,AL092017:WCSC-0X93,sweeps/S4/S4-AL092017-WCSC-0X93/objects/3c24bdb031f577d342e3b0447b4091b665fcbfe42764986f4f85207111671de8,,AL092017
CAND-2358,S4,AL092017:WCSC-0X9M,sweeps/S4/S4-AL092017-WCSC-0X9M/objects/966b4c03b4aea2be9fe381f56825efcb1ccc31a2067abf43c2afa767a0975d1a,,AL092017
CAND-2359,S4,AL092017:WCSC-0XA1,sweeps/S4/S4-AL092017-WCSC-0XA1/objects/d4a3f00d0d5aee0c1871bf529cc9afea51977ad9b42a1b934c4fa1e53231a3fd,,AL092017
CAND-2360,S4,AL092017:WCSC-0XAD,sweeps/S4/S4-AL092017-WCSC-0XAD/objects/2ac90c89f10c780a8f33c170ced43d63d085aa94c193b76e1526c33c28d6202e,,AL092017
CAND-2361,S4,AL092017:WCSC-0XAE,sweeps/S4/S4-AL092017-WCSC-0XAE/objects/89a1f7afaff49dccf42ad9ccea28911e376336fb8e897197ee79d957459742a8,,AL092017
CAND-2362,S4,AL092017:WCSC-0XAF,sweeps/S4/S4-AL092017-WCSC-0XAF/objects/1f069ef078e9fb485778320242a6dc95f102359a056cf1ea823004dacf68f43d,,AL092017
CAND-2363,S4,AL092017:WCSC-0XAH,sweeps/S4/S4-AL092017-WCSC-0XAH/objects/ac8c449a0a3c0616e6fd02eae01881e32e72150343c7eaec44a727e60df9edf8,,AL092017
CAND-2364,S4,AL092017:WCSC-0XAJ,sweeps/S4/S4-AL092017-WCSC-0XAJ/objects/93cc58ca370b2a86bf3a71e2940d85d87a385bbc03d8ec33b3bb837cd708d18b,,AL092017
CAND-2365,S4,AL092017:WCSC-0XAK,sweeps/S4/S4-AL092017-WCSC-0XAK/objects/3c489a66871165e7b537b43e9cbeaa516588aa34c7101dd195ef28ea6bbfa313,,AL092017
CAND-2366,S4,AL092017:WCSC-0XAL,sweeps/S4/S4-AL092017-WCSC-0XAL/objects/dd15d385bebed43179b7cafb6a110b8f385fa3a9a033a9ff352bbdd8cd386031,,AL092017
CAND-2367,S4,AL092017:WCSC-0XAM,sweeps/S4/S4-AL092017-WCSC-0XAM/objects/fefd2b1523b21be279704dae86fd65abe73a5889d8b63b8b6e4d90a2cd6a245f,,AL092017
CAND-2368,S4,AL092017:WCSC-0XAN,sweeps/S4/S4-AL092017-WCSC-0XAN/objects/a1603b6b8a47679f7f43cd8b65eda1a52be0f87236f62094fbf2b652e9a941d3,,AL092017
CAND-2369,S4,AL092017:WCSC-0XAU,sweeps/S4/S4-AL092017-WCSC-0XAU/objects/818762fbad67058a99fad360aeaf75b68ecf4edb480e87de0876feb21bdb52b4,,AL092017
CAND-2370,S4,AL092017:WCSC-0XAX,sweeps/S4/S4-AL092017-WCSC-0XAX/objects/a946c4c63a373e06552e1d783f59427dd4d388a71e08ecb384ad99f5095e4f62,,AL092017
CAND-2371,S4,AL092017:WCSC-0XAY,sweeps/S4/S4-AL092017-WCSC-0XAY/objects/d4caaeae4f81978519ce564ca27bc2c3aca122a67fb303c731601af4f2ad0c88,,AL092017
CAND-2372,S4,AL092017:WCSC-0XAZ,sweeps/S4/S4-AL092017-WCSC-0XAZ/objects/736db8ac340409f5678786141a418e4d5a4627da7f5772bf546e13df8949ac5b,,AL092017
CAND-2373,S4,AL092017:WCSC-0XB1,sweeps/S4/S4-AL092017-WCSC-0XB1/objects/91dc2bb830f9d9347115fb140bd5d926bda0c41b6a1b1fbeab88f79e7c028836,,AL092017
CAND-2374,S4,AL092017:WCSC-0XB2,sweeps/S4/S4-AL092017-WCSC-0XB2/objects/0558c047bba6cbd5136575d5ba2a41af2ce5582a86fea454ba95e08f5a13da61,,AL092017
CAND-2375,S4,AL092017:WCSC-0XB3,sweeps/S4/S4-AL092017-WCSC-0XB3/objects/3f400a2dd96b2fab043fcdcdb98073b60a910839f76262ea3de32b1c24cbca03,,AL092017
CAND-2376,S4,AL092017:WCSC-0XB4,sweeps/S4/S4-AL092017-WCSC-0XB4/objects/377d20c2bbb8366d46c13eb94f70025173de540d53afa40d167b944250c3b09d,,AL092017
CAND-2377,S4,AL092017:WCSC-0Y5U,sweeps/S4/S4-AL092017-WCSC-0Y5U/objects/38cff4049b0e180efe72f95ebe15dcabcebf6bbe19dc286828b09c21fd7bbea8,,AL092017
CAND-2378,S4,AL092017:WCSC-0Y5W,sweeps/S4/S4-AL092017-WCSC-0Y5W/objects/90ca46987cc6b1f568c7f0d124db23cf59400240c62f4a0e6b89c855339a099f,,AL092017
CAND-2379,S4,AL092017:WCSC-0Y5X,sweeps/S4/S4-AL092017-WCSC-0Y5X/objects/e4cc444ca0de5298b05dad552a2db3c59325af1f3eeb1b4b3b7de063fd99e609,,AL092017
CAND-2380,S4,AL092017:WCSC-0Y5Y,sweeps/S4/S4-AL092017-WCSC-0Y5Y/objects/818fd593b4ade3cbcdc7167c02b5ffe60f315970d03fb0776dfe1fd664e44ff7,,AL092017
CAND-2381,S4,AL092017:WCSC-0Y9M,sweeps/S4/S4-AL092017-WCSC-0Y9M/objects/cdae87db9fa052d37941abde8c670528f099057e1e327e1ed4db33b5662b6642,,AL092017
CAND-2382,S4,AL092017:WCSC-0YAC,sweeps/S4/S4-AL092017-WCSC-0YAC/objects/516fc999497cd91898e0a02198e4b1ac30255868aa16d243ce4cf1828bb5fb7f,,AL092017
CAND-2383,S4,AL092017:WCSC-0YAD,sweeps/S4/S4-AL092017-WCSC-0YAD/objects/6e3591db816b7b481f3fee8e63f5b04fcd75019f8679ae92228a5725d007e2d7,,AL092017
CAND-2384,S4,AL092017:WCSC-0ZAN,sweeps/S4/S4-AL092017-WCSC-0ZAN/objects/693e866c292e705407e0508050e302cb03741e06b9b3f01d3485c741d8f6f26f,,AL092017
CAND-2385,S4,AL092017:WCSC-0ZAQ,sweeps/S4/S4-AL092017-WCSC-0ZAQ/objects/1eda69bdaa12f2dd937619c0cfeb2f5009ebee1615bc998e75d063ebd2f74c4c,,AL092017
CAND-2386,S4,AL092017:WCSC-0ZRU,sweeps/S4/S4-AL092017-WCSC-0ZRU/objects/b39e52a73725c7fd5d122162e0f41b721dcb654b3f7f092cc43d6d86b0d835c1,,AL092017
CAND-2387,S4,AL092017:WCSC-0ZSB,sweeps/S4/S4-AL092017-WCSC-0ZSB/objects/18ef2fbf9f399f9240fb854b845b44624939ec8d73278add210b9dae1bcbff88,,AL092017
CAND-2388,S4,AL092017:WCSC-11ZX,sweeps/S4/S4-AL092017-WCSC-11ZX/objects/a38dbe09e947cba57bddae70f47256d0d20ed66fc64b52726061b3a3a61bac5c,,AL092017
CAND-2389,S4,AL092017:WCSC-120Y,sweeps/S4/S4-AL092017-WCSC-120Y/objects/af815e44b75c555c272d0c1da814848a57a8f6e3c4ecb596325e2d1c0bd87327,,AL092017
CAND-2390,S4,AL092017:WCSC-120Z,sweeps/S4/S4-AL092017-WCSC-120Z/objects/d93c329e2ef51062087f18514ec61180e6288d651a944192c4d776b868354db8,,AL092017
CAND-2391,S4,AL092017:WCSC-123M,sweeps/S4/S4-AL092017-WCSC-123M/objects/6f4954d414cc1f24b638276b60ad6f17948258a1b3c34d6bdbc2218eb00e7970,,AL092017
CAND-2392,S4,AL092017:WCSC-125D,sweeps/S4/S4-AL092017-WCSC-125D/objects/840888bad9fc994d8c9e868b236768c981fa3f78ce5ceba117370ed886f56608,,AL092017
CAND-2393,S4,AL092017:WCSC-125T,sweeps/S4/S4-AL092017-WCSC-125T/objects/bf93b1cc4ee794a28379d98c8914c74e1233c89337c58d9c0bfdb9f9187abfe6,,AL092017
CAND-2394,S4,AL092017:WCSC-127Z,sweeps/S4/S4-AL092017-WCSC-127Z/objects/6fd645b07b0eda3076e7f161b79787d58ceea29a35f7d4aa78f377d926996218,,AL092017
CAND-2395,S4,AL092017:WCSC-1285,sweeps/S4/S4-AL092017-WCSC-1285/objects/ac77f3faf4528032636fbee3413249c82c9fce00c4a9ab139394f7b3e1aedc0c,,AL092017
CAND-2396,S4,AL092017:WCSC-128Z,sweeps/S4/S4-AL092017-WCSC-128Z/objects/b060800aa525bdcca655b15f1cd50ad918f2d507fba9f6485a84bc128e744b52,,AL092017
CAND-2397,S4,AL092021:WCSC-0B4Y,sweeps/S4/S4-AL092021-WCSC-0B4Y/objects/fab7c2a15fc14a4e133b8b35f05e364161bb313fe14082617d03e5ea858fb3d8,,AL092021
CAND-2398,S4,AL092021:WCSC-0B57,sweeps/S4/S4-AL092021-WCSC-0B57/objects/cb828206b9c7f39ffd899866a7103bc2c53b047f6aa34e5c993f5bcda7fffede,,AL092021
CAND-2399,S4,AL092021:WCSC-0BDF,sweeps/S4/S4-AL092021-WCSC-0BDF/objects/a7e49cc16f313ec61d4a797151a9cc31ee207e757821ace1531678d071cdb030,,AL092021
CAND-2400,S4,AL092021:WCSC-0DA3,sweeps/S4/S4-AL092021-WCSC-0DA3/objects/5c06c19d152abc3394b2a7673feaa5b0da6daa5e2adf9cd2a6a2900932d6ecab,,AL092021
CAND-2401,S4,AL092021:WCSC-0DF2,sweeps/S4/S4-AL092021-WCSC-0DF2/objects/e36dbea6b4f453bd61f2e250d74c368bd205c09bbe3ee3da77e9c103bcad6d0f,,AL092021
CAND-2402,S4,AL092021:WCSC-0DF5,sweeps/S4/S4-AL092021-WCSC-0DF5/objects/791881fbd7afffd821de97226d43ddc63a2f88cb57a2114f544d2948b61a42ed,,AL092021
CAND-2403,S4,AL092021:WCSC-0E4C,sweeps/S4/S4-AL092021-WCSC-0E4C/objects/fb13171bacf9ee3559dd98bc6553c4976dd4c9da9d9c2caa5f72b612e03165af,,AL092021
CAND-2404,S4,AL092021:WCSC-0E4D,sweeps/S4/S4-AL092021-WCSC-0E4D/objects/7496ca1795645971e5855bcb37593654bc58f37083435a26b3049e26cd680475,,AL092021
CAND-2405,S4,AL092021:WCSC-0E6N,sweeps/S4/S4-AL092021-WCSC-0E6N/objects/e8e7b454f5d37a7636a14480932a1b0d240329711e80de002f89a65f1674c8df,,AL092021
CAND-2406,S4,AL092021:WCSC-0EX5,sweeps/S4/S4-AL092021-WCSC-0EX5/objects/4900aafbb029f462fd6546b73f985ae521e2d5917ca177df71c4ff54581c2d71,,AL092021
CAND-2407,S4,AL092021:WCSC-0EZA,sweeps/S4/S4-AL092021-WCSC-0EZA/objects/8f9bb3ef7e7eaea58b149eed2fed36c305a899ebf50d71306019efe3132acbf1,,AL092021
CAND-2408,S4,AL092021:WCSC-0MWW,sweeps/S4/S4-AL092021-WCSC-0MWW/objects/3855189bf346cf206cc164c20ccbdf2a3cba80e474f0f7c6a85d3852661d60a0,,AL092021
CAND-2409,S4,AL092021:WCSC-0N8K,sweeps/S4/S4-AL092021-WCSC-0N8K/objects/75dcd6033dcf1e9ee2b09f7b1f43e6eef384bfe6c2cdf58f328847e7a77e1eaf,,AL092021
CAND-2410,S4,AL092021:WCSC-0NE2,sweeps/S4/S4-AL092021-WCSC-0NE2/objects/c3beba3d0024d07dd3d8e05ff5864a8e288e11cc58a61499e2f3666a6c5547b8,,AL092021
CAND-2411,S4,AL092021:WCSC-0NE3,sweeps/S4/S4-AL092021-WCSC-0NE3/objects/57d0301d9486557ff35bb9b82c041f45e4825e5cb1ffb628933d10dd1f47d3c9,,AL092021
CAND-2412,S4,AL092021:WCSC-0NPA,sweeps/S4/S4-AL092021-WCSC-0NPA/objects/825758a50a0dea0d944d0f73eca2fd83a5dc874abbfde1d31f5f42c1f42e2822,,AL092021
CAND-2413,S4,AL092021:WCSC-0NPC,sweeps/S4/S4-AL092021-WCSC-0NPC/objects/258786875345de24a371cb70aae5004782ffbf2791ccd40d19ae269cc2e42861,,AL092021
CAND-2414,S4,AL092021:WCSC-0PJ1,sweeps/S4/S4-AL092021-WCSC-0PJ1/objects/3bfd9f883ad9a49aaba3dc19948a56654520d5cdff9607c27c92b7c834f750de,,AL092021
CAND-2415,S4,AL092021:WCSC-0PNQ,sweeps/S4/S4-AL092021-WCSC-0PNQ/objects/7d7ad49f3d75ce29c1ae9dbc64593ed31e1d6a3ba0920dd21fb505e28988c9a9,,AL092021
CAND-2416,S4,AL092021:WCSC-0Q0R,sweeps/S4/S4-AL092021-WCSC-0Q0R/objects/f82cbcf3a683b1aa7c81d7b5a4bc36c894981130c2c459b31aed159a1194a1d2,,AL092021
CAND-2417,S4,AL092021:WCSC-0Q0S,sweeps/S4/S4-AL092021-WCSC-0Q0S/objects/f81124196e41ea47da37a87614b67f0a16e55463a6b22212bf011c4be5feabf6,,AL092021
CAND-2418,S4,AL092021:WCSC-0Q0X,sweeps/S4/S4-AL092021-WCSC-0Q0X/objects/776e94fbda08b83ab21cc097f63574d4ad3868624fa8f6afb19a83830b747c37,,AL092021
CAND-2419,S4,AL092021:WCSC-0Q0Y,sweeps/S4/S4-AL092021-WCSC-0Q0Y/objects/5519a0c554ab3a13e43084fb743e1e4b878e71e8f687bcc34f5ace1d0fa27372,,AL092021
CAND-2420,S4,AL092021:WCSC-0Q0Z,sweeps/S4/S4-AL092021-WCSC-0Q0Z/objects/75c02770931755011ca365152f0cb282449f70fadd580e298225d8e2f1e9181d,,AL092021
CAND-2421,S4,AL092021:WCSC-0Q11,sweeps/S4/S4-AL092021-WCSC-0Q11/objects/6e3a8529d7e630c642aa9730d3a5060869aa47367501103becfee47b11aef4da,,AL092021
CAND-2422,S4,AL092021:WCSC-0Q13,sweeps/S4/S4-AL092021-WCSC-0Q13/objects/0a3203e62b4196d03f8ca0c791d189d5aa56d6c888dc4430eb88aa5dd6224965,,AL092021
CAND-2423,S4,AL092021:WCSC-0Q15,sweeps/S4/S4-AL092021-WCSC-0Q15/objects/ca9c7f0962610bbafbca7036330812353b8365d95f78aac4c539636e171c3b8c,,AL092021
CAND-2424,S4,AL092021:WCSC-0Q1C,sweeps/S4/S4-AL092021-WCSC-0Q1C/objects/901c5c38495264766c3915340a7dba8f9959311d024b08d22b0c4c4e4c090ee7,,AL092021
CAND-2425,S4,AL092021:WCSC-0Q1D,sweeps/S4/S4-AL092021-WCSC-0Q1D/objects/bfbce4311f33d8db23a983f20385add04df69e6ba9bd5330833290eda338a258,,AL092021
CAND-2426,S4,AL092021:WCSC-0Q1E,sweeps/S4/S4-AL092021-WCSC-0Q1E/objects/9b714543edf8268be271d605a620a1636205de7c667ad363854e1e6a35e5f0f7,,AL092021
CAND-2427,S4,AL092021:WCSC-0Q1F,sweeps/S4/S4-AL092021-WCSC-0Q1F/objects/a6dad27c0e9bc4eb3d61a4df519972e750251aa8cc2b54cca1946c91147bdf1a,,AL092021
CAND-2428,S4,AL092021:WCSC-0Q1K,sweeps/S4/S4-AL092021-WCSC-0Q1K/objects/ca3ab87a278e7fd40523b2c9e0d93f65469daab1c91428143261df355422189b,,AL092021
CAND-2429,S4,AL092021:WCSC-0Q1M,sweeps/S4/S4-AL092021-WCSC-0Q1M/objects/cd758a88e06ec719bff65b78cac0a884fe5848ecb7d139adff28ea9126c46b9d,,AL092021
CAND-2430,S4,AL092021:WCSC-0Q1N,sweeps/S4/S4-AL092021-WCSC-0Q1N/objects/3ee1d91d4a59789aacdc0860c1b5ad7b174c1d0000cd492fd5b5f759793fedbd,,AL092021
CAND-2431,S4,AL092021:WCSC-0Q1P,sweeps/S4/S4-AL092021-WCSC-0Q1P/objects/65080f68e1c94613c281fad6d3a584893b9db5231d505d39ea7e639a30151cf5,,AL092021
CAND-2432,S4,AL092021:WCSC-0Q1R,sweeps/S4/S4-AL092021-WCSC-0Q1R/objects/1d5592542c8e42a4aabb4b6413aaae7b1c2598832a7e32b6f90c1f1fc0f6ccf4,,AL092021
CAND-2433,S4,AL092021:WCSC-0Q1S,sweeps/S4/S4-AL092021-WCSC-0Q1S/objects/cc6209de50df1fe4b0b975688cef1d97212e7c2a7dd0fddecf5b6516af691d0e,,AL092021
CAND-2434,S4,AL092021:WCSC-0Q1V,sweeps/S4/S4-AL092021-WCSC-0Q1V/objects/535de886cf6b39929bf925337d8d25bb3081f8d93ad16b7c84f69a44be6d17b3,,AL092021
CAND-2435,S4,AL092021:WCSC-0Q1W,sweeps/S4/S4-AL092021-WCSC-0Q1W/objects/1a778a5aa3d76db33cd3e04ab92aa8b5e2b22dce3ef234a5b5da63e494acb5d3,,AL092021
CAND-2436,S4,AL092021:WCSC-0Q1Y,sweeps/S4/S4-AL092021-WCSC-0Q1Y/objects/5b50b231c16e7b863552757bb87f4faba0c504e5c5f64f19b30e39679a13483a,,AL092021
CAND-2437,S4,AL092021:WCSC-0Q1Z,sweeps/S4/S4-AL092021-WCSC-0Q1Z/objects/80a0934c002c3b01858684d003e0c9ca71f5bd00ba707d7eb3e68d3bc4fada2f,,AL092021
CAND-2438,S4,AL092021:WCSC-0Q20,sweeps/S4/S4-AL092021-WCSC-0Q20/objects/40c42a93f5da0e6b930d5005db90593e0876320db373ff8ca738253a4deb176c,,AL092021
CAND-2439,S4,AL092021:WCSC-0Q26,sweeps/S4/S4-AL092021-WCSC-0Q26/objects/eecac520b548252778729bdfcbe0016dc6910b5806580140cd3367b82a789bf1,,AL092021
CAND-2440,S4,AL092021:WCSC-0Q27,sweeps/S4/S4-AL092021-WCSC-0Q27/objects/35afaf8c5d67b370fd6ccc45a1f535ab0026e34e6e22663d1f0d80979ccd454c,,AL092021
CAND-2441,S4,AL092021:WCSC-0QAJ,sweeps/S4/S4-AL092021-WCSC-0QAJ/objects/5450e7e672dbae680a1920bffae1798089a294d57662b8984918b86bfbff0e56,,AL092021
CAND-2442,S4,AL092021:WCSC-0QAK,sweeps/S4/S4-AL092021-WCSC-0QAK/objects/5b6912d5486666a54d46925930887c0df67c3b9e051e9c7bdf40893d793be56f,,AL092021
CAND-2443,S4,AL092021:WCSC-0QBU,sweeps/S4/S4-AL092021-WCSC-0QBU/objects/422f92a9847dab665de17f2eda895065aae04818b5aaf15292d119523d4621a7,,AL092021
CAND-2444,S4,AL092021:WCSC-0QC2,sweeps/S4/S4-AL092021-WCSC-0QC2/objects/79eeadf7ec34d6731ea79f49bc19696f5ba29c127b60e11ad5b606a8ec7f8d4c,,AL092021
CAND-2445,S4,AL092021:WCSC-0QC3,sweeps/S4/S4-AL092021-WCSC-0QC3/objects/23d82edefbf708a6ca7f3f98f70182dfee54525fa94fa235f6e79b2cfd5da53c,,AL092021
CAND-2446,S4,AL092021:WCSC-0QGK,sweeps/S4/S4-AL092021-WCSC-0QGK/objects/a5560f3f7e1859e7092fc023265ccdb65ba63b3fe121914b9dad1ea35c2d0c0e,,AL092021
CAND-2447,S4,AL092021:WCSC-0QLR,sweeps/S4/S4-AL092021-WCSC-0QLR/objects/704bed05a717c175320017bfa565aa9285fefce810f34b695555db7c8e326fb6,,AL092021
CAND-2448,S4,AL092021:WCSC-0QWQ,sweeps/S4/S4-AL092021-WCSC-0QWQ/objects/0796320949d1708391a64f5f4c70820f0a4cfb4dbd33f30159d3276ec5745555,,AL092021
CAND-2449,S4,AL092021:WCSC-0QZX,sweeps/S4/S4-AL092021-WCSC-0QZX/objects/c0f8003eed48e9c67c3d21a27c1852f69e98fe58f5ab109e6422699da84cf9f7,,AL092021
CAND-2450,S4,AL092021:WCSC-0R0Y,sweeps/S4/S4-AL092021-WCSC-0R0Y/objects/672048673344a01c15f350a10893658e22e621663fc12e696b2e0dc5d6d7fdda,,AL092021
CAND-2451,S4,AL092021:WCSC-0R0Z,sweeps/S4/S4-AL092021-WCSC-0R0Z/objects/bcd8ad2bfb86246786b746551fa746f452050b437d138886485b370efac0b08a,,AL092021
CAND-2452,S4,AL092021:WCSC-0REX,sweeps/S4/S4-AL092021-WCSC-0REX/objects/9ca084e776f15514c0e263ea1a0bb9829fa9c6199080b982dbaff614ed51ada3,,AL092021
CAND-2453,S4,AL092021:WCSC-0RLM,sweeps/S4/S4-AL092021-WCSC-0RLM/objects/e7ca48c33cd25aebee84dc58b0f055da57869e47a5585365b5907e49c27859d1,,AL092021
CAND-2454,S4,AL092021:WCSC-0RLY,sweeps/S4/S4-AL092021-WCSC-0RLY/objects/fbf273706ed5d0b9ccded602e2e4e3f7025b206f5717b12ce1fb035b720addac,,AL092021
CAND-2455,S4,AL092021:WCSC-0RLZ,sweeps/S4/S4-AL092021-WCSC-0RLZ/objects/a42aa4db69017dba165b41cdd03d55656b7a9ad7b3202ecdf016d6af6443e820,,AL092021
CAND-2456,S4,AL092021:WCSC-0RM3,sweeps/S4/S4-AL092021-WCSC-0RM3/objects/aea2c9f862cfcb1ba3a6cfb3be14dec39235c6cc83d65688d476715e8527f338,,AL092021
CAND-2457,S4,AL092021:WCSC-0RM7,sweeps/S4/S4-AL092021-WCSC-0RM7/objects/7f02e4711edeb0d9e57fb371945897189fa75349b5de448b34a8cca23835b68f,,AL092021
CAND-2458,S4,AL092021:WCSC-0RM9,sweeps/S4/S4-AL092021-WCSC-0RM9/objects/7cf787ef206dff87ea8e429836accdad7ce8db70321542a60a54bce965a1f07b,,AL092021
CAND-2459,S4,AL092021:WCSC-0S97,sweeps/S4/S4-AL092021-WCSC-0S97/objects/b6842d0f1b329700ab612770e7c0a695681ba1096267e65c0e7a0dd98438753c,,AL092021
CAND-2460,S4,AL092021:WCSC-0S9Y,sweeps/S4/S4-AL092021-WCSC-0S9Y/objects/8934f3d82d99ba4d8a3adf4badd80717d6279b4748ef4ff54638499747751cea,,AL092021
CAND-2461,S4,AL092021:WCSC-0SEN,sweeps/S4/S4-AL092021-WCSC-0SEN/objects/9130445f541204e04e1f64b409530181f7bf6c33bc694dcd8927b0060f0fbf0c,,AL092021
CAND-2462,S4,AL092021:WCSC-0SEQ,sweeps/S4/S4-AL092021-WCSC-0SEQ/objects/9940dcc65db644ae9e6f44ed33eb5758616aed96eee6b052147ff0fa3f427be8,,AL092021
CAND-2463,S4,AL092021:WCSC-0TLU,sweeps/S4/S4-AL092021-WCSC-0TLU/objects/1cfe2a8a3387f985fc7506e88dce6406bbd98b04756713afc5c34438ea021c3a,,AL092021
CAND-2464,S4,AL092021:WCSC-0TLV,sweeps/S4/S4-AL092021-WCSC-0TLV/objects/59ac82d928d997f390b53efef745d564e89d201cff0cfff3312910ac6baab775,,AL092021
CAND-2465,S4,AL092021:WCSC-0TX5,sweeps/S4/S4-AL092021-WCSC-0TX5/objects/48949a67f1a1a80a85d1147db72bd9e3e0ef307c06e208abaee26d01ad3019c2,,AL092021
CAND-2466,S4,AL092021:WCSC-0TX7,sweeps/S4/S4-AL092021-WCSC-0TX7/objects/c07a5567f2be7cf0ee471a1eb31337f7f07213c32a4513d5d19ddbdafa9dae7d,,AL092021
CAND-2467,S4,AL092021:WCSC-0TYL,sweeps/S4/S4-AL092021-WCSC-0TYL/objects/d53dc803f6df74f77a724a31c911027d5af1f59d9ee58d359eb20d52714d7b83,,AL092021
CAND-2468,S4,AL092021:WCSC-0TYV,sweeps/S4/S4-AL092021-WCSC-0TYV/objects/8df4c4db1c9bf5823dac9611487d56ddcdcf9d55788684d28d071bcd98fa12e7,,AL092021
CAND-2469,S4,AL092021:WCSC-0U03,sweeps/S4/S4-AL092021-WCSC-0U03/objects/af91faa5db82c87970329faca3e5d6cd3b8fddd2dcc646f4c0a801d6a463108c,,AL092021
CAND-2470,S4,AL092021:WCSC-0U1T,sweeps/S4/S4-AL092021-WCSC-0U1T/objects/f4ff7f18187847946b23de0459d046c9aea006dc71813b2c208d599c53705465,,AL092021
CAND-2471,S4,AL092021:WCSC-0U22,sweeps/S4/S4-AL092021-WCSC-0U22/objects/ae4d2118e008351a21dfe43e6699bc789b6b681eeddf7f1db6e672a29bbcbc70,,AL092021
CAND-2472,S4,AL092021:WCSC-0U2B,sweeps/S4/S4-AL092021-WCSC-0U2B/objects/8ae0473ea5917d71780560ad9d25eb8ede40658379f5e9e71568fb6e6fd0467b,,AL092021
CAND-2473,S4,AL092021:WCSC-0WLG,sweeps/S4/S4-AL092021-WCSC-0WLG/objects/9ab03e3276e373b337011ade76d5b007d2194b0b4b2c07a5210d95890b2176a8,,AL092021
CAND-2474,S4,AL092021:WCSC-0WLH,sweeps/S4/S4-AL092021-WCSC-0WLH/objects/6f9c4cca0fea5ae8b5aa31072c41dfdc993f7d5349922020d99fbdc24e06d2df,,AL092021
CAND-2475,S4,AL092021:WCSC-0WLJ,sweeps/S4/S4-AL092021-WCSC-0WLJ/objects/9aa0beb8d20156d758e23b9e99e2d126f57cd85ccfede5b32e4a1131fb07244c,,AL092021
CAND-2476,S4,AL092021:WCSC-0WMA,sweeps/S4/S4-AL092021-WCSC-0WMA/objects/13465d7caba0ae77af4b5197060778515cb1a3654bab318b572ba264a3a75bcc,,AL092021
CAND-2477,S4,AL092021:WCSC-0WME,sweeps/S4/S4-AL092021-WCSC-0WME/objects/6039a6b9d0804b5a5d0172b9e44675684bb5eb41f0a4b62c248e7477b8448631,,AL092021
CAND-2478,S4,AL092021:WCSC-0WMU,sweeps/S4/S4-AL092021-WCSC-0WMU/objects/368ea9b411fd973eafbaabf103afb7d6a4faaadab7b0a47555e0c8b457a0e513,,AL092021
CAND-2479,S4,AL092021:WCSC-0WMX,sweeps/S4/S4-AL092021-WCSC-0WMX/objects/ae3319c81b359d3f6f1cfbc5dcb4e9f6a13424b76312121cbf8987a95d95c644,,AL092021
CAND-2480,S4,AL092021:WCSC-0WMY,sweeps/S4/S4-AL092021-WCSC-0WMY/objects/6af573c75cf2c234f8b8300f686f12de9b31582c48d2f44ae1a4c1376b439a07,,AL092021
CAND-2481,S4,AL092021:WCSC-0WMZ,sweeps/S4/S4-AL092021-WCSC-0WMZ/objects/43fb2130828cad2d3e179a39b1c2acf548e0f5f0f61f5cdfbb67e9d05a004e60,,AL092021
CAND-2482,S4,AL092021:WCSC-0WNN,sweeps/S4/S4-AL092021-WCSC-0WNN/objects/e0cf9a47a3fd32dd0bdc909423771c48facdf215a3be6a8d1b45954201ad8bc7,,AL092021
CAND-2483,S4,AL092021:WCSC-0WNP,sweeps/S4/S4-AL092021-WCSC-0WNP/objects/ae821ac945548cfb32764b25b689f18d9cf044d195cee6d0061540e9997aabd2,,AL092021
CAND-2484,S4,AL092021:WCSC-0WNQ,sweeps/S4/S4-AL092021-WCSC-0WNQ/objects/a0ae946e571503785d8063bc559526c5eed4066452fd772740a3dc2f32a1fcd9,,AL092021
CAND-2485,S4,AL092021:WCSC-0WP7,sweeps/S4/S4-AL092021-WCSC-0WP7/objects/fa64298511b7e185a6b6eb641b34e67e1272071da82335341a6ae3e38090e57c,,AL092021
CAND-2486,S4,AL092021:WCSC-0WP9,sweeps/S4/S4-AL092021-WCSC-0WP9/objects/a6fffbbb5f5ba30fc4b05d5ed4747f1d45908eba1fbde935f1762a0ad03765fa,,AL092021
CAND-2487,S4,AL092021:WCSC-0WPA,sweeps/S4/S4-AL092021-WCSC-0WPA/objects/cc2947e89acde9291786349e361abdc6bcb5f0afe989636449d5295f0419991a,,AL092021
CAND-2488,S4,AL092021:WCSC-0WPT,sweeps/S4/S4-AL092021-WCSC-0WPT/objects/5ea4b42ad7c921b7d03e0b934df750faf1fe5a0f58810ec5d203103d7a56d7ec,,AL092021
CAND-2489,S4,AL092021:WCSC-0WUH,sweeps/S4/S4-AL092021-WCSC-0WUH/objects/8381e38e33158e760575909ce50192d3d0548c369cd721f6739e65a2afc58ef1,,AL092021
CAND-2490,S4,AL092021:WCSC-0WUS,sweeps/S4/S4-AL092021-WCSC-0WUS/objects/5353bc4fd13e6525bec49538ebc4f1e447dc87702dc066c3f5874b6e987ecb67,,AL092021
CAND-2491,S4,AL092021:WCSC-0WUT,sweeps/S4/S4-AL092021-WCSC-0WUT/objects/cf50c96da28ce47f90bdc53b17d53dea056c1b713be6c4e82f8a54f20dbcc7ba,,AL092021
CAND-2492,S4,AL092021:WCSC-0WUU,sweeps/S4/S4-AL092021-WCSC-0WUU/objects/c2af7a34f9837cd5a9a21acfeeabe6bc82d4414d1b4d4febad83eb40086f496b,,AL092021
CAND-2493,S4,AL092021:WCSC-0WVC,sweeps/S4/S4-AL092021-WCSC-0WVC/objects/43d723b8dafe95222cbbaad0516de1b144e5bc6f710db071211dbf2ad4d37f33,,AL092021
CAND-2494,S4,AL092021:WCSC-0WVD,sweeps/S4/S4-AL092021-WCSC-0WVD/objects/67b30ca8863888df97ed61bcb567df488fc14128ed3fba286fd73972325b8bbb,,AL092021
CAND-2495,S4,AL092021:WCSC-0WVQ,sweeps/S4/S4-AL092021-WCSC-0WVQ/objects/2326f473395ed212ad78b5e4c6dbac642934f52d5682fe4f7ce5ea9f2e554d58,,AL092021
CAND-2496,S4,AL092021:WCSC-0WVV,sweeps/S4/S4-AL092021-WCSC-0WVV/objects/48cff898c7f2105d8dac32f86395ae3a22c98955a7f7672fec0cad33ca977561,,AL092021
CAND-2497,S4,AL092021:WCSC-0WVW,sweeps/S4/S4-AL092021-WCSC-0WVW/objects/b375cc8cf57fa40fa9b5205e9624aa859cdbec04318bc64f0677124899d9f060,,AL092021
CAND-2498,S4,AL092021:WCSC-0WVX,sweeps/S4/S4-AL092021-WCSC-0WVX/objects/6328cd6b25b4713043f70f0b96a73e26555f7cb59b4c2f191baa0a5cc6ce0e19,,AL092021
CAND-2499,S4,AL092021:WCSC-0WW0,sweeps/S4/S4-AL092021-WCSC-0WW0/objects/5183e816ad74cb2f2aeb142dee28d84fe9d3af887b199c7aa0c1024725985007,,AL092021
CAND-2500,S4,AL092021:WCSC-0WW2,sweeps/S4/S4-AL092021-WCSC-0WW2/objects/feecd952dc19b8c8c79d11da15386d956241d9295d434c950eec574f82b669bb,,AL092021
CAND-2501,S4,AL092021:WCSC-0WW5,sweeps/S4/S4-AL092021-WCSC-0WW5/objects/08b948ddeb903ddea7701e213dc749ce0f824d929cfa0e6a62f13189146e535d,,AL092021
CAND-2502,S4,AL092021:WCSC-0WWH,sweeps/S4/S4-AL092021-WCSC-0WWH/objects/265f461ce358838bd0da77c2594a537eb53b7c593188a3868843832e89b5d507,,AL092021
CAND-2503,S4,AL092021:WCSC-0WWK,sweeps/S4/S4-AL092021-WCSC-0WWK/objects/6f6b7df3bbf7b8924ec7a795ce80bebf0848fdb44f066ae6bf3f5e2ff9beac37,,AL092021
CAND-2504,S4,AL092021:WCSC-0WWN,sweeps/S4/S4-AL092021-WCSC-0WWN/objects/d107753a2393337397cbe68a0c42ca28fb330c94d23ff63f84c40c82ac2c235e,,AL092021
CAND-2505,S4,AL092021:WCSC-0WWT,sweeps/S4/S4-AL092021-WCSC-0WWT/objects/f3126ca8aaf17b0ba06805ce81cfefaf7578f9b176210738b6a18d915f1b732f,,AL092021
CAND-2506,S4,AL092021:WCSC-0WWV,sweeps/S4/S4-AL092021-WCSC-0WWV/objects/84647d6d9d69e224b34f896cc4c873682ee7b5faa766477796087bd5358ee15a,,AL092021
CAND-2507,S4,AL092021:WCSC-0WWW,sweeps/S4/S4-AL092021-WCSC-0WWW/objects/0c3c05f9f55d93316eb4e0a7af8d78c4fd25cdc4481a7456ed5c36d718cee567,,AL092021
CAND-2508,S4,AL092021:WCSC-0WWY,sweeps/S4/S4-AL092021-WCSC-0WWY/objects/8d69a6954d3455d72b22503e5019326d7453c94619011bd2865649ed974abba1,,AL092021
CAND-2509,S4,AL092021:WCSC-0WWZ,sweeps/S4/S4-AL092021-WCSC-0WWZ/objects/af2c71b2cb820e074dc76ae6f418f50f01811f4678106cfb594a02cf758a8cd8,,AL092021
CAND-2510,S4,AL092021:WCSC-0WXJ,sweeps/S4/S4-AL092021-WCSC-0WXJ/objects/9b6453017bafdca312ae7a749c41f33c2a60fd4ac17b69a151bf19f87a9778b3,,AL092021
CAND-2511,S4,AL092021:WCSC-0WXK,sweeps/S4/S4-AL092021-WCSC-0WXK/objects/09f17b0f39ce8518645e6e6fdde3dd2e6675be804f514cd04d75182787414496,,AL092021
CAND-2512,S4,AL092021:WCSC-0WXL,sweeps/S4/S4-AL092021-WCSC-0WXL/objects/0056906ff268f2e5a5ed58d4a960b42c033e64b3b1120d431c8cc67bbabb4c67,,AL092021
CAND-2513,S4,AL092021:WCSC-0WXM,sweeps/S4/S4-AL092021-WCSC-0WXM/objects/8a1ad1a30a44956561973fee44b6b5cea8e52823d09a865e831bd6d87fc91ba7,,AL092021
CAND-2514,S4,AL092021:WCSC-0WXQ,sweeps/S4/S4-AL092021-WCSC-0WXQ/objects/ad2fcc24dd13968b74b40e30e666a61a4a16309305d3f704138f2aa89b01fbf8,,AL092021
CAND-2515,S4,AL092021:WCSC-0WXR,sweeps/S4/S4-AL092021-WCSC-0WXR/objects/f112af27c4ce2fe0c1b5275ce1af7e8733b4e54dcad8c1b2471eb8f50b73fae9,,AL092021
CAND-2516,S4,AL092021:WCSC-0WY2,sweeps/S4/S4-AL092021-WCSC-0WY2/objects/decf642c370b16e8a22fd3d52beb3a024cd1623ea8ef3b2dae91de2eed4c5a30,,AL092021
CAND-2517,S4,AL092021:WCSC-0WY5,sweeps/S4/S4-AL092021-WCSC-0WY5/objects/7cc8369a52e72f83cc93bcb92610152ea863538aa9d29536b29c762c75b58fe6,,AL092021
CAND-2518,S4,AL092021:WCSC-0WY6,sweeps/S4/S4-AL092021-WCSC-0WY6/objects/676280eea3227a096fa94f020d2a215ae938947709efaf2854a04372e3d5ee7d,,AL092021
CAND-2519,S4,AL092021:WCSC-0WYG,sweeps/S4/S4-AL092021-WCSC-0WYG/objects/d9bbc29dd4f5f78d82baa3d657f8bad53bd32a4de1d08aff19880effa8f89215,,AL092021
CAND-2520,S4,AL092021:WCSC-0WYH,sweeps/S4/S4-AL092021-WCSC-0WYH/objects/25383b6412661ea4fba5421c9fbb91d72acdf04a47ba081eb87448a53318b1b5,,AL092021
CAND-2521,S4,AL092021:WCSC-0WYJ,sweeps/S4/S4-AL092021-WCSC-0WYJ/objects/2356df99a3b20484526e5a97ffbf05492c348778965ee1c4be2d7a43639fe62e,,AL092021
CAND-2522,S4,AL092021:WCSC-0WYK,sweeps/S4/S4-AL092021-WCSC-0WYK/objects/533ddf523e6122ada12b0c4ed0bc113de1dd7eade7817302946f427cde7fac8e,,AL092021
CAND-2523,S4,AL092021:WCSC-0WYP,sweeps/S4/S4-AL092021-WCSC-0WYP/objects/4684c89e40c812b281871e91c2b802a18f7a978a00530c9cac4dc1ab5bcafc87,,AL092021
CAND-2524,S4,AL092021:WCSC-0WYQ,sweeps/S4/S4-AL092021-WCSC-0WYQ/objects/f0c036ca1d8921ded56f08dfa2b58f99ccbba5adc32543599627c2fa0a8469c6,,AL092021
CAND-2525,S4,AL092021:WCSC-0WYR,sweeps/S4/S4-AL092021-WCSC-0WYR/objects/13216790f893f4d076dbc79ee7a65efa56d0ccf07bedb868eb047991177559bb,,AL092021
CAND-2526,S4,AL092021:WCSC-0WYZ,sweeps/S4/S4-AL092021-WCSC-0WYZ/objects/7471dc8d47684555cc2d15ff1100d99fe9674a5270ce8fbfdb2c2b0403ba6bad,,AL092021
CAND-2527,S4,AL092021:WCSC-0WZ4,sweeps/S4/S4-AL092021-WCSC-0WZ4/objects/709e5047ba78d19f05ada1d693847c23dd3200961868baa5b2cc0f5ddd853ae5,,AL092021
CAND-2528,S4,AL092021:WCSC-0WZ7,sweeps/S4/S4-AL092021-WCSC-0WZ7/objects/6a6b7f960ed86203fb33bd7c048fb8c42b9720e2eadcebcc9f21c24871463ce7,,AL092021
CAND-2529,S4,AL092021:WCSC-0WZB,sweeps/S4/S4-AL092021-WCSC-0WZB/objects/e2aa8dbc0525f8d0bac37287fa8207fc9abf75c9faff1cad9afda54f7b44723b,,AL092021
CAND-2530,S4,AL092021:WCSC-0WZM,sweeps/S4/S4-AL092021-WCSC-0WZM/objects/8aaa024ecc859b28e6c06f6780e6729c0f109cbad19c36244dbc3f269206b364,,AL092021
CAND-2531,S4,AL092021:WCSC-0WZT,sweeps/S4/S4-AL092021-WCSC-0WZT/objects/4426f095154124d9dbf881a0c52df85eaf84c4f0e3d5548569058468a99c7f2f,,AL092021
CAND-2532,S4,AL092021:WCSC-0WZV,sweeps/S4/S4-AL092021-WCSC-0WZV/objects/c3e86cf3532fcaa50c4a8eb1d07228a511ec076e9f1cc3a733435f7eeb11e7a0,,AL092021
CAND-2533,S4,AL092021:WCSC-0X02,sweeps/S4/S4-AL092021-WCSC-0X02/objects/173f6f30d35e0065a44b0241553f95ccf68ef1d4880cf49430e00311b0eba59c,,AL092021
CAND-2534,S4,AL092021:WCSC-0X0B,sweeps/S4/S4-AL092021-WCSC-0X0B/objects/51023e75a070d9ee851edf48ef0e056da63be4da28fd7379a909e61732edad82,,AL092021
CAND-2535,S4,AL092021:WCSC-0X0S,sweeps/S4/S4-AL092021-WCSC-0X0S/objects/175d38bbe1f1673c43fb6c0f1d977f5e0eab31d9a5bf25bdfffc4f036d8e9181,,AL092021
CAND-2536,S4,AL092021:WCSC-0X18,sweeps/S4/S4-AL092021-WCSC-0X18/objects/237e06c06291d3952af72a6b8d6c8b50525076c3d08fd81534aa4db08ed10f99,,AL092021
CAND-2537,S4,AL092021:WCSC-0X20,sweeps/S4/S4-AL092021-WCSC-0X20/objects/3386ec75e9018f545b90e9cb31b2f4fda8f844f94c549fb54f44285d5d05fc51,,AL092021
CAND-2538,S4,AL092021:WCSC-0X24,sweeps/S4/S4-AL092021-WCSC-0X24/objects/16bcbea69dbd035f8e7d80f0da9b69081989b00d2eea730dd6e21f8f895022f5,,AL092021
CAND-2539,S4,AL092021:WCSC-0X2K,sweeps/S4/S4-AL092021-WCSC-0X2K/objects/26b15f2d760bf61b978033a7e042d86eb397da645041a91527491ba5e426b5e1,,AL092021
CAND-2540,S4,AL092021:WCSC-0X2L,sweeps/S4/S4-AL092021-WCSC-0X2L/objects/26d3ab02e368232073dfd9686a93ea9beafe99c7133ac5f8623c964cacbfde5f,,AL092021
CAND-2541,S4,AL092021:WCSC-0X2M,sweeps/S4/S4-AL092021-WCSC-0X2M/objects/86b6501e6ab4191327bb323ba67736fd4245f4d264961870aa484ef44cd961f4,,AL092021
CAND-2542,S4,AL092021:WCSC-0X2Q,sweeps/S4/S4-AL092021-WCSC-0X2Q/objects/b77e32cceb40bcdc6710ec1033a144b4bf6d1f39f86889187e3a0a02c4a5d779,,AL092021
CAND-2543,S4,AL092021:WCSC-0X2R,sweeps/S4/S4-AL092021-WCSC-0X2R/objects/bb83804d923c4deb43848ce40c7fa18045c3ec800a8e9b41b3983292f3fdc222,,AL092021
CAND-2544,S4,AL092021:WCSC-0X2U,sweeps/S4/S4-AL092021-WCSC-0X2U/objects/11b0502089b1bf96db596612d6fed4e3b58c454a050752a8c286b189065795ae,,AL092021
CAND-2545,S4,AL092021:WCSC-0X32,sweeps/S4/S4-AL092021-WCSC-0X32/objects/7753ace1baaf67db3643c0f3974ef35583d4f46bba0045caa1e8ccd747299ac2,,AL092021
CAND-2546,S4,AL092021:WCSC-0X58,sweeps/S4/S4-AL092021-WCSC-0X58/objects/fc515e76df005ee30f2660069030844e1df7590cc525df40eac0599ecbbc7c57,,AL092021
CAND-2547,S4,AL092021:WCSC-0X59,sweeps/S4/S4-AL092021-WCSC-0X59/objects/90cd13cd03e619af7bc47649c2055d6e5a6418d1b97f5480d48680be41cfbde0,,AL092021
CAND-2548,S4,AL092021:WCSC-0X5U,sweeps/S4/S4-AL092021-WCSC-0X5U/objects/9dce1e1553e8c6a1bd49950c66a97776805eb4b38844e113e9e0758a840687aa,,AL092021
CAND-2549,S4,AL092021:WCSC-0X62,sweeps/S4/S4-AL092021-WCSC-0X62/objects/9379ba712beae943cba45b84371fed33be31ad4e1177b7d9b4a7cfd5d7bf3a09,,AL092021
CAND-2550,S4,AL092021:WCSC-0X64,sweeps/S4/S4-AL092021-WCSC-0X64/objects/87c723cfd33b42fa501d1fc075ca67524790dbef8b8b25c38f9a720104f6b16f,,AL092021
CAND-2551,S4,AL092021:WCSC-0X6B,sweeps/S4/S4-AL092021-WCSC-0X6B/objects/c90e0b285bd7ed6aa3d530b3a7545f45f77ffcbffed7d3fb26929d4543506458,,AL092021
CAND-2552,S4,AL092021:WCSC-0X6C,sweeps/S4/S4-AL092021-WCSC-0X6C/objects/4fa2715b26bd6e440aff438ea9b44457983335df59a9b1f9a150c9204b90a891,,AL092021
CAND-2553,S4,AL092021:WCSC-0X6D,sweeps/S4/S4-AL092021-WCSC-0X6D/objects/003caaffff6768f1a9491935dea3bff4f5613b9490ef2868af3e0151905e2add,,AL092021
CAND-2554,S4,AL092021:WCSC-0X6E,sweeps/S4/S4-AL092021-WCSC-0X6E/objects/78ddbf0da04db200ee1bd1c31586d4311cef7d582ece375602f369215b563ff7,,AL092021
CAND-2555,S4,AL092021:WCSC-0X6G,sweeps/S4/S4-AL092021-WCSC-0X6G/objects/e7df10b51de934da1ee1a9dbaa0174fc1477c837fb271284a88127d63a71bff9,,AL092021
CAND-2556,S4,AL092021:WCSC-0X6H,sweeps/S4/S4-AL092021-WCSC-0X6H/objects/bd87deea37e0cd029fd026d9f8ae7547f644c7d17e1c6b714dc32da3f6b3e5a9,,AL092021
CAND-2557,S4,AL092021:WCSC-0X6J,sweeps/S4/S4-AL092021-WCSC-0X6J/objects/b710bc6e9bbc5fd2aaf3d04b4cdc766291fb0e32a0cd442f0e57397c8b3d665d,,AL092021
CAND-2558,S4,AL092021:WCSC-0X6K,sweeps/S4/S4-AL092021-WCSC-0X6K/objects/87550affc272c098a4747a5870ba9db1748b6daba4c15dc2c793b6c1bfba1598,,AL092021
CAND-2559,S4,AL092021:WCSC-0X6L,sweeps/S4/S4-AL092021-WCSC-0X6L/objects/1914db62631f1bb0fae2109afdd578e6e06f61db8a2c82185c4cc55e1aa28822,,AL092021
CAND-2560,S4,AL092021:WCSC-0X6V,sweeps/S4/S4-AL092021-WCSC-0X6V/objects/0aefd9d753930e50466b98aa5d606a1a72a11a4c94d621d34072c766f3f32294,,AL092021
CAND-2561,S4,AL092021:WCSC-0X7G,sweeps/S4/S4-AL092021-WCSC-0X7G/objects/5db44cf64efcbc9aa0bd808f5edb1dbc33d721c5d702b5a052f9fe1d042956c2,,AL092021
CAND-2562,S4,AL092021:WCSC-0X7L,sweeps/S4/S4-AL092021-WCSC-0X7L/objects/e24731d0024c6db7980ad816be42fdf48194123bd814758a2120a629753d55d3,,AL092021
CAND-2563,S4,AL092021:WCSC-0X7M,sweeps/S4/S4-AL092021-WCSC-0X7M/objects/f6b69ac9b17cd012b9f6a8304b31d9e62f2f53b192fc99a12fe99bc132e2bb56,,AL092021
CAND-2564,S4,AL092021:WCSC-0X7N,sweeps/S4/S4-AL092021-WCSC-0X7N/objects/bb2207f679e2a4cb3c48585c3684732bf307291812d66aa2f39b0429bb247169,,AL092021
CAND-2565,S4,AL092021:WCSC-0X7S,sweeps/S4/S4-AL092021-WCSC-0X7S/objects/63ead4167218308f7046afe4f579abb5430293ec2a36e61586dcba5ec858d0d8,,AL092021
CAND-2566,S4,AL092021:WCSC-0X7T,sweeps/S4/S4-AL092021-WCSC-0X7T/objects/06dcd8add2ad5ab97190eb4d552aad69992853df48f14fd662925d4e058a017d,,AL092021
CAND-2567,S4,AL092021:WCSC-0X84,sweeps/S4/S4-AL092021-WCSC-0X84/objects/6581e165764a75900b0016f2e1a5453576a8355d94be5e0a93beeac23fa5a94d,,AL092021
CAND-2568,S4,AL092021:WCSC-0X8B,sweeps/S4/S4-AL092021-WCSC-0X8B/objects/6e8395de94600b0f5d17a6060bf3789b660bc88ba42aaf1267e3d685b4581c52,,AL092021
CAND-2569,S4,AL092021:WCSC-0X8T,sweeps/S4/S4-AL092021-WCSC-0X8T/objects/d0b823b18d76f1a7638e94699890f08de21f0a7b4907d4594e05a01128d3934f,,AL092021
CAND-2570,S4,AL092021:WCSC-0X93,sweeps/S4/S4-AL092021-WCSC-0X93/objects/d5efced6821fe4b5ff149e34ca0d32b5c422ca34f83fe8c5a14a0a431013e7a2,,AL092021
CAND-2571,S4,AL092021:WCSC-0XA1,sweeps/S4/S4-AL092021-WCSC-0XA1/objects/09f5592ae8b783194dbeb629a152386dada9bed653b4b859b81215bf6301fbeb,,AL092021
CAND-2572,S4,AL092021:WCSC-0XAD,sweeps/S4/S4-AL092021-WCSC-0XAD/objects/3fb0139f555fb478dd9471afecdc028b19dafd3d031ee6619a33da7d50c483af,,AL092021
CAND-2573,S4,AL092021:WCSC-0XAE,sweeps/S4/S4-AL092021-WCSC-0XAE/objects/c99726d6384c10f5e5793e4a6342ccfecefc7f8007e579175455bf7f763cd7d7,,AL092021
CAND-2574,S4,AL092021:WCSC-0XAF,sweeps/S4/S4-AL092021-WCSC-0XAF/objects/80e1b16919cc7eff90829a1b0705f33bd49b6aac6d0da2d12b04fa9060dcfdc6,,AL092021
CAND-2575,S4,AL092021:WCSC-0XAH,sweeps/S4/S4-AL092021-WCSC-0XAH/objects/5cf8f1002669ecd5421262158f3eaadd800977a852da9a6cbfc7b8ae071cb037,,AL092021
CAND-2576,S4,AL092021:WCSC-0XAJ,sweeps/S4/S4-AL092021-WCSC-0XAJ/objects/422ac4bacfb10228211d4f1ae03c1cebce8786b014befbc4fea7c66418256e19,,AL092021
CAND-2577,S4,AL092021:WCSC-0XAU,sweeps/S4/S4-AL092021-WCSC-0XAU/objects/4488633483ed2ad668be8e849c789cc52aacff217172791a9895970ef2e777a5,,AL092021
CAND-2578,S4,AL092021:WCSC-0XAX,sweeps/S4/S4-AL092021-WCSC-0XAX/objects/ec535005db57045cf4652461c5a64a7f833c825e17b208eb2b07462e7ddc8ad0,,AL092021
CAND-2579,S4,AL092021:WCSC-0XAY,sweeps/S4/S4-AL092021-WCSC-0XAY/objects/55c4b143d675454c46d94cc6c060ad1cf8e7689d5f07451dfaf0805e25d18c82,,AL092021
CAND-2580,S4,AL092021:WCSC-0XAZ,sweeps/S4/S4-AL092021-WCSC-0XAZ/objects/6976bdb8b55f29fed5005d35b9b1c400f7910d4f0bfc0fef48883a4baa00c89a,,AL092021
CAND-2581,S4,AL092021:WCSC-0Y5U,sweeps/S4/S4-AL092021-WCSC-0Y5U/objects/6cae0e89c0224a6da782654eaa813480ebdb3ee976f45403bc92970636b270c6,,AL092021
CAND-2582,S4,AL092021:WCSC-0Y5W,sweeps/S4/S4-AL092021-WCSC-0Y5W/objects/a33c98d1bdeeb7b4d15e84c2477dc96a7d9149bd21f2798319f87d04ed598caa,,AL092021
CAND-2583,S4,AL092021:WCSC-0Y5X,sweeps/S4/S4-AL092021-WCSC-0Y5X/objects/b6e4f5cfaa8eca08db737902cf9a6adb63163c0251829923bf4d78cab83b511c,,AL092021
CAND-2584,S4,AL092021:WCSC-0Y5Y,sweeps/S4/S4-AL092021-WCSC-0Y5Y/objects/cf76bed03cd31f4e295ff981741ea63e4f6becb7a992b3c28640f9c0c0ab96ee,,AL092021
CAND-2585,S4,AL092021:WCSC-0YAD,sweeps/S4/S4-AL092021-WCSC-0YAD/objects/2022412fb020bbea231835b79f138391a1edfb9399b9c640f3e8ca63860e0d58,,AL092021
CAND-2586,S4,AL092021:WCSC-0YCU,sweeps/S4/S4-AL092021-WCSC-0YCU/objects/b92b0f9e97a216103896173df9dc9c99a1d4054105bc03dfdd2b294f8cad17d4,,AL092021
CAND-2587,S4,AL092021:WCSC-0YF8,sweeps/S4/S4-AL092021-WCSC-0YF8/objects/f6c71f9afff9f6cca1405b318981291d0927d4446ef8e09d060e7401281b38b2,,AL092021
CAND-2588,S4,AL092021:WCSC-0YPD,sweeps/S4/S4-AL092021-WCSC-0YPD/objects/4b7a1b2f9365c4597530da827bb27bc4136b006e8b16bc6d281754b0e7ebce17,,AL092021
CAND-2589,S4,AL092021:WCSC-0YSK,sweeps/S4/S4-AL092021-WCSC-0YSK/objects/d6d4343b11395713cbd485e91920cb1f7deee252af2a1f5bb4d65b7358e578bb,,AL092021
CAND-2590,S4,AL092021:WCSC-0YSP,sweeps/S4/S4-AL092021-WCSC-0YSP/objects/5b8c488c636c0aa6e45cc21327d229028bf8c13a16cd5c7dba9e232c7b269862,,AL092021
CAND-2591,S4,AL092021:WCSC-0YST,sweeps/S4/S4-AL092021-WCSC-0YST/objects/7f35fe5fed84a14929de1e4dfe5b1c6fd8034fcd5070b0004c6cd76181c20dfa,,AL092021
CAND-2592,S4,AL092021:WCSC-0Z9R,sweeps/S4/S4-AL092021-WCSC-0Z9R/objects/05263f24c8a1cd051f624bae983d5ca3a6db858ca650cfcb038eac8d0d816528,,AL092021
CAND-2593,S4,AL092021:WCSC-0ZAN,sweeps/S4/S4-AL092021-WCSC-0ZAN/objects/5452d1424a0670fac4aecc7ef02ad8610518688a243f13ce6b19f147ade9e997,,AL092021
CAND-2594,S4,AL092021:WCSC-0ZRU,sweeps/S4/S4-AL092021-WCSC-0ZRU/objects/d39c6c897b3e74b85dccb985a3ed5fdd8ae336d3a3be6c44241a71c5a7238889,,AL092021
CAND-2595,S4,AL092021:WCSC-0ZSB,sweeps/S4/S4-AL092021-WCSC-0ZSB/objects/cc00e8dec5714be6f4f69916eb1028013a412864a027b5a3cc76f1e800d1d745,,AL092021
CAND-2596,S4,AL092021:WCSC-120Z,sweeps/S4/S4-AL092021-WCSC-120Z/objects/3f9067da9a2bba1d8ffc81fbdcba4a1925c249858f5cb28e74b6226d2ec7d818,,AL092021
CAND-2597,S4,AL092021:WCSC-123M,sweeps/S4/S4-AL092021-WCSC-123M/objects/d84fc6c3f4273cf8843f4c40babcf9cac7fe218c0c150d0db8700b48627ea2cd,,AL092021
CAND-2598,S4,AL092021:WCSC-125D,sweeps/S4/S4-AL092021-WCSC-125D/objects/7ce33b0ee88a5e18e3d305836e3ffcdd162303c981aeebece441207386dbc564,,AL092021
CAND-2599,S4,AL092021:WCSC-127Z,sweeps/S4/S4-AL092021-WCSC-127Z/objects/53b5192e338f80bf24cb3c6d8cb8006d6b35a638ec0ed71c5f0f11656cd41df8,,AL092021
CAND-2600,S4,AL092021:WCSC-128Z,sweeps/S4/S4-AL092021-WCSC-128Z/objects/ba9e438ff4eeab2ae31388023ed2e79434bc4b494f4c2527cead08ba526c7fce,,AL092021
CAND-2601,S4,AL092024:WCSC-08UQ,sweeps/S4/S4-AL092024-WCSC-08UQ/objects/6196fda4e76f6e2a4c44cc54acd449efb34ef54a2b7a2c26c6ab07d13be329dd,,AL092024
CAND-2602,S4,AL092024:WCSC-08V5,sweeps/S4/S4-AL092024-WCSC-08V5/objects/39e58dd02a5b923d3d27c0897b44bb5168bfa7c2cb4a70a4caca5cf06eea20d8,,AL092024
CAND-2603,S4,AL092024:WCSC-09FR,sweeps/S4/S4-AL092024-WCSC-09FR/objects/4d5719f8c51f69e5e756f7d1035d97122c2ee33cdfe0f7cc0cdbeef46d0c7e28,,AL092024
CAND-2604,S4,AL092024:WCSC-0A8H,sweeps/S4/S4-AL092024-WCSC-0A8H/objects/b43c448084c9a0f7d34521016b41e1d1846694509ca92b1f2723ef9206addc66,,AL092024
CAND-2605,S4,AL092024:WCSC-0A8U,sweeps/S4/S4-AL092024-WCSC-0A8U/objects/c7c5c8de100adcc18f4dc89ca5e4ae54d6f1f523f588692a920b48a11d9952bb,,AL092024
CAND-2606,S4,AL092024:WCSC-0ACE,sweeps/S4/S4-AL092024-WCSC-0ACE/objects/7b4db585808a589b894382427418f86cfe04c90b4e5f864b4641ff8286949c3a,,AL092024
CAND-2607,S4,AL092024:WCSC-0ACF,sweeps/S4/S4-AL092024-WCSC-0ACF/objects/4dacc733218dd5e88dca3b17c6d79e8b0466d1ac41eb8d8998ea70d280d5c138,,AL092024
CAND-2608,S4,AL092024:WCSC-0B06,sweeps/S4/S4-AL092024-WCSC-0B06/objects/1e9dd2762f1541945af9c51446955f75c8cdad45496a4db9ec80453a290e36bc,,AL092024
CAND-2609,S4,AL092024:WCSC-0BYK,sweeps/S4/S4-AL092024-WCSC-0BYK/objects/abf26242434cdf2eb70b2d193eaf39a8e076b27996eaa0983e057a0069d528c6,,AL092024
CAND-2610,S4,AL092024:WCSC-0CMG,sweeps/S4/S4-AL092024-WCSC-0CMG/objects/ccc4715d4fe945b5e87d29218738b4307423a1f10e45663587c17aefc920cf86,,AL092024
CAND-2611,S4,AL092024:WCSC-0D0W,sweeps/S4/S4-AL092024-WCSC-0D0W/objects/bb5bca3f70b8b4cde60415619d682d07d3849e37e74d513906493129c950d40a,,AL092024
CAND-2612,S4,AL092024:WCSC-0DA5,sweeps/S4/S4-AL092024-WCSC-0DA5/objects/965b178d1abc48bb2211a6272d578d9d273e0d0f976bb225ab45f8d9e88aae77,,AL092024
CAND-2613,S4,AL092024:WCSC-0N8G,sweeps/S4/S4-AL092024-WCSC-0N8G/objects/a29ee2e948f24c124940240830e303194930a40eda1bf0e0c822c203368a8d77,,AL092024
CAND-2614,S4,AL092024:WCSC-0PTP,sweeps/S4/S4-AL092024-WCSC-0PTP/objects/6ac4752136c5e3631c4df66dee72608196048d6d0648a4b34151a3f3c7687729,,AL092024
CAND-2615,S4,AL092024:WCSC-0PTU,sweeps/S4/S4-AL092024-WCSC-0PTU/objects/a7f6708b45f419449f1a73b437aae48a3cb2598b99fbaef499f02a13bc9d8745,,AL092024
CAND-2616,S4,AL092024:WCSC-0Q1U,sweeps/S4/S4-AL092024-WCSC-0Q1U/objects/e56eda847096f714824713ed2864dbf071951357d5dab54911a631e63a8dd173,,AL092024
CAND-2617,S4,AL092024:WCSC-0R3A,sweeps/S4/S4-AL092024-WCSC-0R3A/objects/a723efca4eed456e367fd71721599f7765404d0f6b03dbb2c75ba5b1bdc720f8,,AL092024
CAND-2618,S4,AL092024:WCSC-0R6X,sweeps/S4/S4-AL092024-WCSC-0R6X/objects/f2ac677b7bf924299b6956b684624964ad02c571928dc2a468ba8c91e9cc9a4b,,AL092024
CAND-2619,S4,AL092024:WCSC-0RAV,sweeps/S4/S4-AL092024-WCSC-0RAV/objects/167b83c8935fd6d97a90912308966e1f2b0ff53203e488e61d060bfc667c3f42,,AL092024
CAND-2620,S4,AL092024:WCSC-0RB3,sweeps/S4/S4-AL092024-WCSC-0RB3/objects/4c4c59ca23094a0115392277ebf43809cbc573fda39c40b8c11049598b941b92,,AL092024
CAND-2621,S4,AL092024:WCSC-0RB4,sweeps/S4/S4-AL092024-WCSC-0RB4/objects/bb1b6e7f066a1e2468f3df65807fa17856f34ad3a3de29e870d7682ee00d0a1a,,AL092024
CAND-2622,S4,AL092024:WCSC-0RBE,sweeps/S4/S4-AL092024-WCSC-0RBE/objects/3a200a680d2c196f56bd6828e9e62efc6995086ca9c0e6c245f4f56c55d63fae,,AL092024
CAND-2623,S4,AL092024:WCSC-0RBF,sweeps/S4/S4-AL092024-WCSC-0RBF/objects/f6e21b18826333d28ae70b9f0e7d29913b781db90ccf3403f0654842213edf16,,AL092024
CAND-2624,S4,AL092024:WCSC-0REG,sweeps/S4/S4-AL092024-WCSC-0REG/objects/35cb4ae7c1a5161d379a33728c1abbfe1ee584e09e50e6ae2d6510243f91125a,,AL092024
CAND-2625,S4,AL092024:WCSC-0REH,sweeps/S4/S4-AL092024-WCSC-0REH/objects/e3b54870b3442d3a2e4fe24f732f174f7fee531905dd790f7c33106c5bd28cbe,,AL092024
CAND-2626,S4,AL092024:WCSC-0RH8,sweeps/S4/S4-AL092024-WCSC-0RH8/objects/a6b10c670d1172514a3737d5ea953c828066f7e3909d86a4c397cfb3990d9d99,,AL092024
CAND-2627,S4,AL092024:WCSC-0TBM,sweeps/S4/S4-AL092024-WCSC-0TBM/objects/6318bef3c47524b688984158b75e88553cab379bf0c174106dc315b0fbe9c5b0,,AL092024
CAND-2628,S4,AL092024:WCSC-0TG6,sweeps/S4/S4-AL092024-WCSC-0TG6/objects/55de20c0b7f0d3701296c3c21f8d1ef57206dec2553b7f5f39a2752e389de71e,,AL092024
CAND-2629,S4,AL092024:WCSC-0TG7,sweeps/S4/S4-AL092024-WCSC-0TG7/objects/8d62aeb374350622b25a44a4400527f04528b42808c4a379ac3cc639941eb60b,,AL092024
CAND-2630,S4,AL092024:WCSC-0TKH,sweeps/S4/S4-AL092024-WCSC-0TKH/objects/6d0603930c168d7c5ef1b115cbf254cb379999cc8c15afa2a8f0fe53331b45a3,,AL092024
CAND-2631,S4,AL092024:WCSC-0TMQ,sweeps/S4/S4-AL092024-WCSC-0TMQ/objects/256c3786983f03abd615d23c1a90736c99af233f5208e92ef4915b54dd328fb0,,AL092024
CAND-2632,S4,AL092024:WCSC-0TRY,sweeps/S4/S4-AL092024-WCSC-0TRY/objects/8fddc9352281f30e32b6e97796bcc5afcc635b81754be1e10706b291c95f9e7c,,AL092024
CAND-2633,S4,AL092024:WCSC-0TSR,sweeps/S4/S4-AL092024-WCSC-0TSR/objects/14f8817b3a6d1ef9c1d54cd46ca796ad90b25c56c0487e5061d8e8976db40e68,,AL092024
CAND-2634,S4,AL092024:WCSC-0TSS,sweeps/S4/S4-AL092024-WCSC-0TSS/objects/90dda78f785d95d370247651411c4bcd11cfbfefa3590a8c8d8f51e883238846,,AL092024
CAND-2635,S4,AL092024:WCSC-0TTR,sweeps/S4/S4-AL092024-WCSC-0TTR/objects/dccb2f08a108a6d47ec0e54a925f9e31492b457fa1953c6d815f5b20eddb7b22,,AL092024
CAND-2636,S4,AL092024:WCSC-0TUN,sweeps/S4/S4-AL092024-WCSC-0TUN/objects/31eb3ee55af0678970f9e7fd254f9404e62bd605fecb871a3bace4f652ad79bd,,AL092024
CAND-2637,S4,AL092024:WCSC-0TUP,sweeps/S4/S4-AL092024-WCSC-0TUP/objects/fa742020d80bed58b3c3de66dd0e917dd4973cd4c752480a134abb57d9c3bfea,,AL092024
CAND-2638,S4,AL092024:WCSC-0TUW,sweeps/S4/S4-AL092024-WCSC-0TUW/objects/f0c2807d21cf247cdbfb6bf1075870ddb62438ef8d3fbb39d72a879b597bab84,,AL092024
CAND-2639,S4,AL092024:WCSC-0TUX,sweeps/S4/S4-AL092024-WCSC-0TUX/objects/548fe82e6acb5b73d58ad12a9896ca18b7de42e16d863d504e2bc0b964e4e926,,AL092024
CAND-2640,S4,AL092024:WCSC-0W0Y,sweeps/S4/S4-AL092024-WCSC-0W0Y/objects/157c166f1d349f827ff205f5c3dda4857e82cf685518901c269b6652a55f725c,,AL092024
CAND-2641,S4,AL092024:WCSC-0W10,sweeps/S4/S4-AL092024-WCSC-0W10/objects/697004e005f2088e088fcd1300f95037494bf6282e268334b5a75d67c85c2b5a,,AL092024
CAND-2642,S4,AL092024:WCSC-0W22,sweeps/S4/S4-AL092024-WCSC-0W22/objects/82cf9c72e2f8d67492a536b26a7b47411c6ff8d1cab8e15058512be08714e26f,,AL092024
CAND-2643,S4,AL092024:WCSC-0W26,sweeps/S4/S4-AL092024-WCSC-0W26/objects/3327a2256e7534d3d1d9b8dd8687a4672071c01f6235cd8d136242d87412119d,,AL092024
CAND-2644,S4,AL092024:WCSC-0W27,sweeps/S4/S4-AL092024-WCSC-0W27/objects/9e57f0b079bc9815c003770ce02f24c04f0d845201f9b4c0e080e974d8fd7936,,AL092024
CAND-2645,S4,AL092024:WCSC-0W28,sweeps/S4/S4-AL092024-WCSC-0W28/objects/973f408f83e334931f5757ebdbc95e497b43f86d53b503f76ef27f33558569c0,,AL092024
CAND-2646,S4,AL092024:WCSC-0W3N,sweeps/S4/S4-AL092024-WCSC-0W3N/objects/acd2069a6ba23317b2e886881bbe7d5f20864a4c89f9c1763d9fe604b76b4dfb,,AL092024
CAND-2647,S4,AL092024:WCSC-0W55,sweeps/S4/S4-AL092024-WCSC-0W55/objects/5f4ee0140c5c04c39c5a7ac872d294468edb64120b36dc18b33df9cd390f4e46,,AL092024
CAND-2648,S4,AL092024:WCSC-0W5P,sweeps/S4/S4-AL092024-WCSC-0W5P/objects/78c83335b15644f9ce9d38f0b033aa8e55d53f1990605d27bef434a2bf89da3c,,AL092024
CAND-2649,S4,AL092024:WCSC-0W76,sweeps/S4/S4-AL092024-WCSC-0W76/objects/f473c8c877520fd45efb028709cd63cfd8e752fa68d3f91f835925cbcbda6a5d,,AL092024
CAND-2650,S4,AL092024:WCSC-0W78,sweeps/S4/S4-AL092024-WCSC-0W78/objects/65275fc78ff3bf8faeb33b7946277d809a37bdcdf34a4cd3a8f4a62b656bc797,,AL092024
CAND-2651,S4,AL092024:WCSC-0W89,sweeps/S4/S4-AL092024-WCSC-0W89/objects/08964b2d70a2c3d769453cc8f2ed8e1a369f8148069e02bb3c5dacddc463aef3,,AL092024
CAND-2652,S4,AL092024:WCSC-0W8V,sweeps/S4/S4-AL092024-WCSC-0W8V/objects/14bec3fa7e344856974aab3f93ff0e830464b0b2b4820155a98bf3a32571f81c,,AL092024
CAND-2653,S4,AL092024:WCSC-0W8W,sweeps/S4/S4-AL092024-WCSC-0W8W/objects/bc1f1179a8a1dcd0e5fc1bb65217817a714cef99fb491838cf6ab117a8183be3,,AL092024
CAND-2654,S4,AL092024:WCSC-0WF3,sweeps/S4/S4-AL092024-WCSC-0WF3/objects/a8c765d1350dd3be1c61983fbb6702426a533733ff5a92d9db0e60b8e28df1a0,,AL092024
CAND-2655,S4,AL092024:WCSC-0WG6,sweeps/S4/S4-AL092024-WCSC-0WG6/objects/b3e26d0bcb4afe0f2151a4fc09ef5fb391d73a0d670d366058ced3112ec7a759,,AL092024
CAND-2656,S4,AL092024:WCSC-0WH3,sweeps/S4/S4-AL092024-WCSC-0WH3/objects/e8884b923088005ea629ebd5b6c1fdd2faa7bc0a7ffd181d4c8eda8298363667,,AL092024
CAND-2657,S4,AL092024:WCSC-0WHQ,sweeps/S4/S4-AL092024-WCSC-0WHQ/objects/5316675880b8b9996beac95acfa813bd2afba9c2aed4029564e7e9012d55199c,,AL092024
CAND-2658,S4,AL092024:WCSC-0WJA,sweeps/S4/S4-AL092024-WCSC-0WJA/objects/0787074d0a845c7e75e2b69d51cf196bc1119136b5edc9fa00aa7956f62ff36e,,AL092024
CAND-2659,S4,AL092024:WCSC-0WJE,sweeps/S4/S4-AL092024-WCSC-0WJE/objects/cadd7f601c585fb48fae88932e449e1aeb9d9c0f96cfe78d12be6f3777b4d26c,,AL092024
CAND-2660,S4,AL092024:WCSC-0WKA,sweeps/S4/S4-AL092024-WCSC-0WKA/objects/9af0787160c322b5edb9e7e95cf5cc683e2cc0a25cd63b1e5c57b8915148d47b,,AL092024
CAND-2661,S4,AL092024:WCSC-0WKB,sweeps/S4/S4-AL092024-WCSC-0WKB/objects/79738b3c7b7a1723bc293c7eef7c40228f092acd31bd4541e85458544d2ea99c,,AL092024
CAND-2662,S4,AL092024:WCSC-0WNB,sweeps/S4/S4-AL092024-WCSC-0WNB/objects/227bf8de34c44ee8e5823330cc4d34597f9728dfc30714c8dd2455bf97db0276,,AL092024
CAND-2663,S4,AL092024:WCSC-0WNE,sweeps/S4/S4-AL092024-WCSC-0WNE/objects/580961c150a1de3170bfb8d099081fc90e2189e125ae18d75a7797d8623ee994,,AL092024
CAND-2664,S4,AL092024:WCSC-0WNF,sweeps/S4/S4-AL092024-WCSC-0WNF/objects/e3aab6c83f9d43b400e006cc622fade8457d1464dc5885d6003ce4b0e29b61af,,AL092024
CAND-2665,S4,AL092024:WCSC-0WNZ,sweeps/S4/S4-AL092024-WCSC-0WNZ/objects/aa81350ffc7fef5f87b0a2311ce6411451adc80fa4dd1463632b66654af70875,,AL092024
CAND-2666,S4,AL092024:WCSC-0WRF,sweeps/S4/S4-AL092024-WCSC-0WRF/objects/338298a76c478c021821c34033619aa01b5b3985954db280ee3c865e48fda297,,AL092024
CAND-2667,S4,AL092024:WCSC-0WRG,sweeps/S4/S4-AL092024-WCSC-0WRG/objects/b3044b8a383cebbd88194668d0f8f38451d6ba55c92a34141a0f7c454fd780bf,,AL092024
CAND-2668,S4,AL092024:WCSC-0WRH,sweeps/S4/S4-AL092024-WCSC-0WRH/objects/0c4170e45b6bb70f8f59bcabca9257572e2b83a3373a7d28395569f7318b78cc,,AL092024
CAND-2669,S4,AL092024:WCSC-0WRX,sweeps/S4/S4-AL092024-WCSC-0WRX/objects/1d11010ab1a6fdf362331b2161afde55b3698397d6802d368efa7114d60877a7,,AL092024
CAND-2670,S4,AL092024:WCSC-0WS0,sweeps/S4/S4-AL092024-WCSC-0WS0/objects/337a9dd4f264b344e8e545c8d44b80ed43b0b28492d809c27b471106f1b41876,,AL092024
CAND-2671,S4,AL092024:WCSC-0WT4,sweeps/S4/S4-AL092024-WCSC-0WT4/objects/a25051abfef0a6a382e13a18590d0ab9d1a2683aa022b4be483b38c36e6b6011,,AL092024
CAND-2672,S4,AL092024:WCSC-0WTP,sweeps/S4/S4-AL092024-WCSC-0WTP/objects/5d6c6d6cddebe20492098721cb45c75f3018618c3291c4d39b49d74260fd8665,,AL092024
CAND-2673,S4,AL092024:WCSC-0WU5,sweeps/S4/S4-AL092024-WCSC-0WU5/objects/2607a37127c59a807bbb9a7f67ab61336a2aafe783a25bedd20e0960b8dc6af8,,AL092024
CAND-2674,S4,AL092024:WCSC-0WU7,sweeps/S4/S4-AL092024-WCSC-0WU7/objects/3dd32d2a8017f3c871e35f42f1c47150dcab6866e407a03bb4785111970d6b12,,AL092024
CAND-2675,S4,AL092024:WCSC-0WU9,sweeps/S4/S4-AL092024-WCSC-0WU9/objects/7dfd054cce031103e471929402bbe2aa13cfa0d094792783d3da829c40120dd6,,AL092024
CAND-2676,S4,AL092024:WCSC-0WUY,sweeps/S4/S4-AL092024-WCSC-0WUY/objects/0700c00bdc0f78dd282fb599fb732a672a9c947e4296b976be99aad9c124b516,,AL092024
CAND-2677,S4,AL092024:WCSC-0WV0,sweeps/S4/S4-AL092024-WCSC-0WV0/objects/ce61459dca393926ecc812c47d66bc2c311599a6e8a34a36499b301f84ea19cd,,AL092024
CAND-2678,S4,AL092024:WCSC-0WV1,sweeps/S4/S4-AL092024-WCSC-0WV1/objects/5a00fae56ee552babdf759d83e753851af35d044f72f2e13ba081cbfecc432aa,,AL092024
CAND-2679,S4,AL092024:WCSC-0WV2,sweeps/S4/S4-AL092024-WCSC-0WV2/objects/2287579020f08512015d17a37f212b0f3e74426a9c982db9ecc578a8489a37d0,,AL092024
CAND-2680,S4,AL092024:WCSC-0WV3,sweeps/S4/S4-AL092024-WCSC-0WV3/objects/b9c2f3ab20709fe2f9c6e0bf68a8d74558b79ff66723d98c10d5bb9002cc7871,,AL092024
CAND-2681,S4,AL092024:WCSC-0WV4,sweeps/S4/S4-AL092024-WCSC-0WV4/objects/98539e57f85e1242d4281d85ff43dcdb43fd32f144f1c91e586b4136bdabfe08,,AL092024
CAND-2682,S4,AL092024:WCSC-0WV6,sweeps/S4/S4-AL092024-WCSC-0WV6/objects/31c144eb8680bf5f537171fc92cc6113a27a8d97f3c6c258df5595dbeb5caa82,,AL092024
CAND-2683,S4,AL092024:WCSC-0WV8,sweeps/S4/S4-AL092024-WCSC-0WV8/objects/80b0fca03fb33bc131f5a6929bd424d5a49513a8d43ae088db8411d49046321b,,AL092024
CAND-2684,S4,AL092024:WCSC-0WW9,sweeps/S4/S4-AL092024-WCSC-0WW9/objects/b51341961232f64a639e4454406496f416e0a6652fe56d70c9bcd3b4da292b8f,,AL092024
CAND-2685,S4,AL092024:WCSC-0WWB,sweeps/S4/S4-AL092024-WCSC-0WWB/objects/933d302e09076d46941cf8d3817efb0813f4de18d3a4c53f07eab8a47b1ae255,,AL092024
CAND-2686,S4,AL092024:WCSC-0X00,sweeps/S4/S4-AL092024-WCSC-0X00/objects/f653897f4c3a0cc7e0288dda1e8c58816aba3286bc7cfc73c02d1d693a51cc43,,AL092024
CAND-2687,S4,AL092024:WCSC-0X01,sweeps/S4/S4-AL092024-WCSC-0X01/objects/2f198d38f3418acbd8c412462fc62316fbd4833b60df1fd12a6d376f117a7a3b,,AL092024
CAND-2688,S4,AL092024:WCSC-0X0G,sweeps/S4/S4-AL092024-WCSC-0X0G/objects/b8febe7793a2c16d5199bb254086a8f100a6b3c679d3f782f8aaa07dcba5e03e,,AL092024
CAND-2689,S4,AL092024:WCSC-0X0H,sweeps/S4/S4-AL092024-WCSC-0X0H/objects/abecd8acddda24e4db9c528ce859ae7cbf4d0280eafe581ec1e0125173626091,,AL092024
CAND-2690,S4,AL092024:WCSC-0X5S,sweeps/S4/S4-AL092024-WCSC-0X5S/objects/abcdfe40c38d1bc0a767589e489c9ba99d1d2ab5fae824862169c731975661e5,,AL092024
CAND-2691,S4,AL092024:WCSC-0X5T,sweeps/S4/S4-AL092024-WCSC-0X5T/objects/d54f704bd1e0678a0585d4e1f46b6f30838090d311b71e0a9e2a9615156c1b55,,AL092024
CAND-2692,S4,AL092024:WCSC-0X6A,sweeps/S4/S4-AL092024-WCSC-0X6A/objects/235b8424be69c6ec123af9740a828f1e961b38d05df820f4d74e5de891be474a,,AL092024
CAND-2693,S4,AL092024:WCSC-0X6M,sweeps/S4/S4-AL092024-WCSC-0X6M/objects/500543c239568e1203c8415482c6aa1c3308b0705b4272423592478cc93639e1,,AL092024
CAND-2694,S4,AL092024:WCSC-0X6N,sweeps/S4/S4-AL092024-WCSC-0X6N/objects/ead221a12cbee8c88f2f926a92fc296d80e968fb50f30aee3587fd4af305037a,,AL092024
CAND-2695,S4,AL092024:WCSC-0X6P,sweeps/S4/S4-AL092024-WCSC-0X6P/objects/e5d13895277c98cc390205d7fad95057fc7af94a094e23d8cf0821e8663bb05b,,AL092024
CAND-2696,S4,AL092024:WCSC-0X75,sweeps/S4/S4-AL092024-WCSC-0X75/objects/f8b8691f847b0656748735634bd118cd9d90feee9ebe05ae0f6d010ddd95ee41,,AL092024
CAND-2697,S4,AL092024:WCSC-0X76,sweeps/S4/S4-AL092024-WCSC-0X76/objects/7c88606131a68b56d517226f3e07253a37906b99dbd7da1912d7050f5b081775,,AL092024
CAND-2698,S4,AL092024:WCSC-0X77,sweeps/S4/S4-AL092024-WCSC-0X77/objects/9fb93d329e0f2b4310b538af6b8cafdb37769dc3a4f5041340c8682e4f7bfd3a,,AL092024
CAND-2699,S4,AL092024:WCSC-0X78,sweeps/S4/S4-AL092024-WCSC-0X78/objects/eed7b7c0f72284e5c2a1f58ddf360c589bb443eeb885c1103dfe29743d879ccd,,AL092024
CAND-2700,S4,AL092024:WCSC-0X7Q,sweeps/S4/S4-AL092024-WCSC-0X7Q/objects/3f2a6bfc9ddc86692766b76a26703d70a1c428a978334fa7b9682a1d5294adc2,,AL092024
CAND-2701,S4,AL092024:WCSC-0X7R,sweeps/S4/S4-AL092024-WCSC-0X7R/objects/f43d111abae476f3d925b6c037e380fff5d7cbab6a38dfa90dde930320333144,,AL092024
CAND-2702,S4,AL092024:WCSC-0X8U,sweeps/S4/S4-AL092024-WCSC-0X8U/objects/748130a985b217b533800116eeadb29a8d7ced46fbd8ec5b9ac4df0f4b91de81,,AL092024
CAND-2703,S4,AL092024:WCSC-0X9R,sweeps/S4/S4-AL092024-WCSC-0X9R/objects/4e44b44f528457444859a968c8355d0029296efd979d93cdad808dc8781aad89,,AL092024
CAND-2704,S4,AL092024:WCSC-0X9S,sweeps/S4/S4-AL092024-WCSC-0X9S/objects/b54f7e99a57ceafdd502b8cc11cdf4da9fe27114d05d002d1fc8b05e23dc6a49,,AL092024
CAND-2705,S4,AL092024:WCSC-0X9U,sweeps/S4/S4-AL092024-WCSC-0X9U/objects/b91bab55f31dddd817155d3b32546c8aedb3b7c317d4b7684baae6f3dedb3571,,AL092024
CAND-2706,S4,AL092024:WCSC-0XAC,sweeps/S4/S4-AL092024-WCSC-0XAC/objects/3083ea05ccc16dc574bd3420ea753afa72318a364e2049adbc92ffeee251d986,,AL092024
CAND-2707,S4,AL092024:WCSC-0YA4,sweeps/S4/S4-AL092024-WCSC-0YA4/objects/e3a85892948376b928b03c53b2fab1d6a2c7af439a90ad45b09a23ef1cf13121,,AL092024
CAND-2708,S4,AL092024:WCSC-0YA5,sweeps/S4/S4-AL092024-WCSC-0YA5/objects/e5551bb7e9845734675a86554bdbd452c067b47bda0f1ebcc3efa5cf93b43775,,AL092024
CAND-2709,S4,AL092024:WCSC-0YA6,sweeps/S4/S4-AL092024-WCSC-0YA6/objects/eee806c60d3939d59cee960da4109467d8eea4fa12eac31073d8f2b90880d17b,,AL092024
CAND-2710,S4,AL092024:WCSC-0YET,sweeps/S4/S4-AL092024-WCSC-0YET/objects/e194f90cdb3ab56475d04ec257adbef0551194047f96a27a50b428d6c45a129e,,AL092024
CAND-2711,S4,AL092024:WCSC-0YEU,sweeps/S4/S4-AL092024-WCSC-0YEU/objects/b714889ab77d2d81dbdc16cf20431157f6bd2cc7c4c4b6137120afdd8b070d3c,,AL092024
CAND-2712,S4,AL092024:WCSC-11ZX,sweeps/S4/S4-AL092024-WCSC-11ZX/objects/63ecaf8e54d22eace7ba11f26cd326405e1b75513cac079f39e5d05a6ff78f1c,,AL092024
CAND-2713,S4,AL092024:WCSC-121L,sweeps/S4/S4-AL092024-WCSC-121L/objects/45f5a1fff92d2d032f481ff5c5cf669dcdf47d20e6b17c00ddd255857e878de9,,AL092024
CAND-2714,S4,AL092024:WCSC-123R,sweeps/S4/S4-AL092024-WCSC-123R/objects/6a9672618a4815f7cf5b438f7d893e772d55e317cf2615a30ed823f639dbbc79,,AL092024
CAND-2715,S4,AL092024:WCSC-127X,sweeps/S4/S4-AL092024-WCSC-127X/objects/dd3f2a5fca919fcc7ebd486e2d1d3b763bbf82a8bc167b0caeebe4ab309539a8,,AL092024
CAND-2716,S4,AL092024:WCSC-1285,sweeps/S4/S4-AL092024-WCSC-1285/objects/58b1a662f089af175f216f86b5fcc621bf62f389e77b02bde47cd89ea7107d7e,,AL092024
CAND-2717,S4,AL112017:WCSC-08UQ,sweeps/S4/S4-AL112017-WCSC-08UQ/objects/78b486ec1413b62e47b3f887cb18556ed065e13bb3f6ac4732aad88f2172eab2,,AL112017
CAND-2718,S4,AL112017:WCSC-08V5,sweeps/S4/S4-AL112017-WCSC-08V5/objects/68a3383880f47ace53c213f05fb18fc0d0ed3665f1372c403b86f7db44a87f2e,,AL112017
CAND-2719,S4,AL112017:WCSC-0A8U,sweeps/S4/S4-AL112017-WCSC-0A8U/objects/707e82a0fbe7659e647d22dac7bbb2a91eaf00e901f3efb1e24ecd086f258ab8,,AL112017
CAND-2720,S4,AL112017:WCSC-0D0W,sweeps/S4/S4-AL112017-WCSC-0D0W/objects/46f5d0abdbf4f9c899b2973e37c2ca6ff7d8623e306dcb0da308e569d36b59b5,,AL112017
CAND-2721,S4,AL112017:WCSC-0DA5,sweeps/S4/S4-AL112017-WCSC-0DA5/objects/395907b30cdb6e0293ce1ac331e9284c5f66df165f4bac6ea886331515e4f986,,AL112017
CAND-2722,S4,AL112017:WCSC-0PTP,sweeps/S4/S4-AL112017-WCSC-0PTP/objects/9b2620edc6ad8f629b56980316662bef61afbd915593df76aba7b723e8f69b32,,AL112017
CAND-2723,S4,AL112017:WCSC-0Q1U,sweeps/S4/S4-AL112017-WCSC-0Q1U/objects/1838e6ddaaef61c093820e7ead03ed286bf80b705c2b217a79c489f4f63b53b0,,AL112017
CAND-2724,S4,AL112017:WCSC-0R3A,sweeps/S4/S4-AL112017-WCSC-0R3A/objects/30d67d3a11e868ddbb277b15fe76fe92395a83e360675a55daf8b97bea44992b,,AL112017
CAND-2725,S4,AL112017:WCSC-0R6X,sweeps/S4/S4-AL112017-WCSC-0R6X/objects/e13668fab319ffadf57c53bbb3518e21ba87bb6a2e05bba5102df588487e7854,,AL112017
CAND-2726,S4,AL112017:WCSC-0TKQ,sweeps/S4/S4-AL112017-WCSC-0TKQ/objects/74ee26291e99f032a83b8021df64436799c373a9f5c472dfd8045c532525ccf1,,AL112017
CAND-2727,S4,AL112017:WCSC-0TMQ,sweeps/S4/S4-AL112017-WCSC-0TMQ/objects/d2dc05dff5b8118d0c157e35662f8284bb1ce00e550c2aaff0da83ed4aa41954,,AL112017
CAND-2728,S4,AL112017:WCSC-0TNM,sweeps/S4/S4-AL112017-WCSC-0TNM/objects/b1474b097f372cb09e21f66134fcd920235b43e586cd22a46d7e09a59e36f27c,,AL112017
CAND-2729,S4,AL112017:WCSC-0TP3,sweeps/S4/S4-AL112017-WCSC-0TP3/objects/c875b51bbc31a7cbb4bc63349bd9198bdcd0f33c512e587012bb5b923f2c6ce1,,AL112017
CAND-2730,S4,AL112017:WCSC-0TP4,sweeps/S4/S4-AL112017-WCSC-0TP4/objects/01a1af741862d0bbbd54a83c415cd7eba9e436f2c85cc7e0d73a4c0f4280cf4d,,AL112017
CAND-2731,S4,AL112017:WCSC-0TTR,sweeps/S4/S4-AL112017-WCSC-0TTR/objects/57e06b1499fa4100329f4dcec6a4badfae69b945fc3dd65b1e50af2ec2c1d625,,AL112017
CAND-2732,S4,AL112017:WCSC-0TUW,sweeps/S4/S4-AL112017-WCSC-0TUW/objects/46b8f73b340d67b14eb83b3f30d571820a3a6ff8b7389a3691053e6f6168f00d,,AL112017
CAND-2733,S4,AL112017:WCSC-0TUX,sweeps/S4/S4-AL112017-WCSC-0TUX/objects/ee54441287f64c0ce6eb0691d35631c28dde7be336b36dedba4a47505b03f87d,,AL112017
CAND-2734,S4,AL112017:WCSC-0TX7,sweeps/S4/S4-AL112017-WCSC-0TX7/objects/dd5d04a0a3f8228a60097a4fe229faf76a799ac03ce6f8cea5a2fed20ec84528,,AL112017
CAND-2735,S4,AL112017:WCSC-0TYV,sweeps/S4/S4-AL112017-WCSC-0TYV/objects/87f741c003ad66d8d9998762b76678384b1159b4a6d0ab9182a6d33128e41789,,AL112017
CAND-2736,S4,AL112017:WCSC-0W22,sweeps/S4/S4-AL112017-WCSC-0W22/objects/d46055015e8313d3ecc1e2c4d77bc762e6d6229c68732e770dc48fd6a3ca501e,,AL112017
CAND-2737,S4,AL112017:WCSC-0W26,sweeps/S4/S4-AL112017-WCSC-0W26/objects/c0c496f90ad6bf2494155ff61463c2b78ba21392ee593552c587f8bf8d376b25,,AL112017
CAND-2738,S4,AL112017:WCSC-0W27,sweeps/S4/S4-AL112017-WCSC-0W27/objects/60cabd0e0479785a6024222b8adb8fe31630abcc76bf59ff75211bff9aaf4bd5,,AL112017
CAND-2739,S4,AL112017:WCSC-0W28,sweeps/S4/S4-AL112017-WCSC-0W28/objects/a06a97141100deb013de8d55fd550096bc83d5e187e9e33a64d90e09f060ae22,,AL112017
CAND-2740,S4,AL112017:WCSC-0W3N,sweeps/S4/S4-AL112017-WCSC-0W3N/objects/e350dd1374e86fb21cfc475bc33e5f60d852a988dd7c582b30297a3fb9e7113d,,AL112017
CAND-2741,S4,AL112017:WCSC-0W55,sweeps/S4/S4-AL112017-WCSC-0W55/objects/a5b07021ebc06a97ae24038d4fd544c915e895db04c85476849c5325be33ed87,,AL112017
CAND-2742,S4,AL112017:WCSC-0W5P,sweeps/S4/S4-AL112017-WCSC-0W5P/objects/de6d851af63858b6a3e4695e5369aeffa9cfe2e953e21f6539e77ec349cf870a,,AL112017
CAND-2743,S4,AL112017:WCSC-0WLG,sweeps/S4/S4-AL112017-WCSC-0WLG/objects/b6f3d04aa5c1ce85c8360abb50cce046f9633db13cc52b81a8ab20391e719026,,AL112017
CAND-2744,S4,AL112017:WCSC-0WLH,sweeps/S4/S4-AL112017-WCSC-0WLH/objects/1376001b0c361a7a906b401e383b405561a84055ad6ac9f571cf35aa5025f23a,,AL112017
CAND-2745,S4,AL112017:WCSC-0WLJ,sweeps/S4/S4-AL112017-WCSC-0WLJ/objects/44f79308907ff02c04f576bd8bf682690f35663bf484e0fd39c808f9de982bbc,,AL112017
CAND-2746,S4,AL112017:WCSC-0WMX,sweeps/S4/S4-AL112017-WCSC-0WMX/objects/37aed8c6da15e50ecb80e5596668326c5db571c4a33f6a0d05bcedd162e5a520,,AL112017
CAND-2747,S4,AL112017:WCSC-0WMY,sweeps/S4/S4-AL112017-WCSC-0WMY/objects/4c1120d06d4dea996c8db12d00c2e56529d52dc9614de09f5422abde97cdcc3c,,AL112017
CAND-2748,S4,AL112017:WCSC-0WMZ,sweeps/S4/S4-AL112017-WCSC-0WMZ/objects/32f6b57b3d02590041f93426eec9821cddb0f145fd9bebb84a312f187628146c,,AL112017
CAND-2749,S4,AL112017:WCSC-0WUY,sweeps/S4/S4-AL112017-WCSC-0WUY/objects/93a136df74fb96f35e70928429fdff9cfbb2b78f56f467fa8da189cf2b5dcb33,,AL112017
CAND-2750,S4,AL112017:WCSC-0WV0,sweeps/S4/S4-AL112017-WCSC-0WV0/objects/dfcfe72bef8f5175403e21adea6d2a03eee5d9feca7a057d568894d2018e20ac,,AL112017
CAND-2751,S4,AL112017:WCSC-0WV1,sweeps/S4/S4-AL112017-WCSC-0WV1/objects/0e219c9370ef026acf498edf6892794e0226bece9eb1a4b5325b98258c94cb45,,AL112017
CAND-2752,S4,AL112017:WCSC-0WV2,sweeps/S4/S4-AL112017-WCSC-0WV2/objects/de6deb10804e9c5afe1bd3d3b99be799d9b0b2ba283577fd9006fa95d8d7676e,,AL112017
CAND-2753,S4,AL112017:WCSC-0WV3,sweeps/S4/S4-AL112017-WCSC-0WV3/objects/df1c32ae6317597ed6f658e8a98e427cd2c866f508c44f1c7bd3a5adf09f571b,,AL112017
CAND-2754,S4,AL112017:WCSC-0WV4,sweeps/S4/S4-AL112017-WCSC-0WV4/objects/31ee47e05d1d1c35406a7e4ef51b0e1774fb396304e3f9d31369927c664f241a,,AL112017
CAND-2755,S4,AL112017:WCSC-0WV6,sweeps/S4/S4-AL112017-WCSC-0WV6/objects/c129153832c2138c1afe3022d86f5e5c10eabe7c1b839bfc49ed536024a46051,,AL112017
CAND-2756,S4,AL112017:WCSC-0WV8,sweeps/S4/S4-AL112017-WCSC-0WV8/objects/59aa11330029b68006d5cc0f6086a1cbd709a47a8658aaa83571986903b14f65,,AL112017
CAND-2757,S4,AL112017:WCSC-0WW6,sweeps/S4/S4-AL112017-WCSC-0WW6/objects/1beb7099fe81875da6d549ea6a648cfb81c42657348d458dab5bf8524f5dcd12,,AL112017
CAND-2758,S4,AL112017:WCSC-0WW9,sweeps/S4/S4-AL112017-WCSC-0WW9/objects/19e6c51270110b250342ca9954a056f2eff6bdbe8b10ccd7c4d341fde9d502f8,,AL112017
CAND-2759,S4,AL112017:WCSC-0WWB,sweeps/S4/S4-AL112017-WCSC-0WWB/objects/ce09f64a316112d6011f030a8ab9eaa7c0f18d8c112c15cff03ef0e085b2b2da,,AL112017
CAND-2760,S4,AL112017:WCSC-0WYP,sweeps/S4/S4-AL112017-WCSC-0WYP/objects/387dfda33641b22d657efebd2b1d93e1273ef20878c041c87cae597ee658fe4d,,AL112017
CAND-2761,S4,AL112017:WCSC-0WYQ,sweeps/S4/S4-AL112017-WCSC-0WYQ/objects/1e7de1f22763dfffa33d1e5e13973261a3704ff01e3a6d5ddf250223f3ea78f7,,AL112017
CAND-2762,S4,AL112017:WCSC-0WZ4,sweeps/S4/S4-AL112017-WCSC-0WZ4/objects/abd7e9d0dc44e0249ace6c13bfac658cf9ee8b75c575d6eeeadf62c03a52e4a9,,AL112017
CAND-2763,S4,AL112017:WCSC-0WZM,sweeps/S4/S4-AL112017-WCSC-0WZM/objects/87becf3961e9db7aae6174561ca13c252eacb04148b5307858dbaf638c83898a,,AL112017
CAND-2764,S4,AL112017:WCSC-0WZX,sweeps/S4/S4-AL112017-WCSC-0WZX/objects/84a219109584f95811a868ea95564d1815645420412bc539b910a2e54cccdbf1,,AL112017
CAND-2765,S4,AL112017:WCSC-0X00,sweeps/S4/S4-AL112017-WCSC-0X00/objects/4f7ba3663bf35307751947da7ea983b588f24e49401dd7eb1c4ccb654cf07d89,,AL112017
CAND-2766,S4,AL112017:WCSC-0X01,sweeps/S4/S4-AL112017-WCSC-0X01/objects/24a3f5aa21d3bccc99d914a886ae1ba7bd3b66964ddca9bbb7cf5ddc847cd8e3,,AL112017
CAND-2767,S4,AL112017:WCSC-0X02,sweeps/S4/S4-AL112017-WCSC-0X02/objects/9b3443c7e57d2abfa0ab4785db9316d799085f6f73f8fded84ed773c42e332eb,,AL112017
CAND-2768,S4,AL112017:WCSC-0X0G,sweeps/S4/S4-AL112017-WCSC-0X0G/objects/f6fc94520a523211f11758f17f823a9f9eef1329ddb972e88d293d08ff0222ba,,AL112017
CAND-2769,S4,AL112017:WCSC-0X0H,sweeps/S4/S4-AL112017-WCSC-0X0H/objects/2b4b7fb84d6b21a16aa8c48697e34be568e3a4efbc64cbcdc7b17f6ac8a19fb5,,AL112017
CAND-2770,S4,AL112017:WCSC-0X5S,sweeps/S4/S4-AL112017-WCSC-0X5S/objects/fce9f37bda0c020b7623f5ef5cafda6537a1a28397027b44aabc6c56f3eeea90,,AL112017
CAND-2771,S4,AL112017:WCSC-0X5T,sweeps/S4/S4-AL112017-WCSC-0X5T/objects/af5f6729b266dc7cbf0e19ff277cf1c8c10cfe58cc880344878ef182af9ee1a7,,AL112017
CAND-2772,S4,AL112017:WCSC-0X6A,sweeps/S4/S4-AL112017-WCSC-0X6A/objects/8055a6f7d8002f7d00ace5e10eb9c4381325780169131221efc082979fa15301,,AL112017
CAND-2773,S4,AL112017:WCSC-0X6M,sweeps/S4/S4-AL112017-WCSC-0X6M/objects/bfb3b6f6cc8be9588fd9e5b654ffddcc43c9cd9ee1c0f7fc7ae1d450656496bc,,AL112017
CAND-2774,S4,AL112017:WCSC-0X6N,sweeps/S4/S4-AL112017-WCSC-0X6N/objects/6d6eff70e795d276c3656feb75e253fa2408db6e1a8d6fb4f3f924f7bd2d5a79,,AL112017
CAND-2775,S4,AL112017:WCSC-0X6P,sweeps/S4/S4-AL112017-WCSC-0X6P/objects/5809d5187dd9b8db0ff1ba0355cea3b326c862f06d9395beb713f7b31e3aa68a,,AL112017
CAND-2776,S4,AL112017:WCSC-0X75,sweeps/S4/S4-AL112017-WCSC-0X75/objects/38dfbf79ba4ae6318f6840b18ba98806ca1838d365626044076641af32c74cf1,,AL112017
CAND-2777,S4,AL112017:WCSC-0X76,sweeps/S4/S4-AL112017-WCSC-0X76/objects/b6bc15679095220418ef48a8e6b82d61311812f75decfc49eb0c7aa16e48558c,,AL112017
CAND-2778,S4,AL112017:WCSC-0X77,sweeps/S4/S4-AL112017-WCSC-0X77/objects/c30d9e4482faa03b811df9efbbb3a24b5b87d0bdf6342cddebab316704d306e2,,AL112017
CAND-2779,S4,AL112017:WCSC-0X78,sweeps/S4/S4-AL112017-WCSC-0X78/objects/2664fb7f7a8d07ab6d38d28bca872b49afd0738ec51d47a4cf353c74ae4c282e,,AL112017
CAND-2780,S4,AL112017:WCSC-0X7Q,sweeps/S4/S4-AL112017-WCSC-0X7Q/objects/71c79797161c2b4e6745fab80bb1a46bc702f2e106f636783aedd453321b6a00,,AL112017
CAND-2781,S4,AL112017:WCSC-0X7R,sweeps/S4/S4-AL112017-WCSC-0X7R/objects/3e23e262aafb8f54f7e210eaca992f57ceb515e35031f0b6f2322f71446a3c2f,,AL112017
CAND-2782,S4,AL112017:WCSC-0X8U,sweeps/S4/S4-AL112017-WCSC-0X8U/objects/34a6d8a64af2e2708823b7faf3d097b07d389b73af631285c017b9e3e0f8088a,,AL112017
CAND-2783,S4,AL112017:WCSC-0X8W,sweeps/S4/S4-AL112017-WCSC-0X8W/objects/fb1f4a50af770b1d3ea805e77900dd0420e98b615f3a557b64ae7a02f8e24240,,AL112017
CAND-2784,S4,AL112017:WCSC-0X93,sweeps/S4/S4-AL112017-WCSC-0X93/objects/6bddd346098f2c4e7420f6fa91317ec050d9add5108b178356451631c6434683,,AL112017
CAND-2785,S4,AL112017:WCSC-0X9A,sweeps/S4/S4-AL112017-WCSC-0X9A/objects/b26f06ff7f406b1fa848343138f61b9f46c975bec4f72699f5f7b6154e2f259c,,AL112017
CAND-2786,S4,AL112017:WCSC-0X9B,sweeps/S4/S4-AL112017-WCSC-0X9B/objects/78d3812dcb12bbc2f2407b21a51eb08608293e14a0cced21747d537bb2100a8d,,AL112017
CAND-2787,S4,AL112017:WCSC-0X9C,sweeps/S4/S4-AL112017-WCSC-0X9C/objects/2c5c2b72e06e63bc4e9f01f725d2b60c7e11a474c96a3bd79c1e225fed8ae7d2,,AL112017
CAND-2788,S4,AL112017:WCSC-0X9D,sweeps/S4/S4-AL112017-WCSC-0X9D/objects/ed971fab2447cbdc5043329777a819dcb990c2aa1b5f5382e79535fa7d4eb0dd,,AL112017
CAND-2789,S4,AL112017:WCSC-0X9E,sweeps/S4/S4-AL112017-WCSC-0X9E/objects/01bdc058204b4de7e7ce00896a8fde9219c063f7045bdea3c14140c99b9b619c,,AL112017
CAND-2790,S4,AL112017:WCSC-0X9M,sweeps/S4/S4-AL112017-WCSC-0X9M/objects/6030621bde1255e4927fc5aa1a3b9ff20f1d07a615d5764cbeeffa5c1189e336,,AL112017
CAND-2791,S4,AL112017:WCSC-0X9R,sweeps/S4/S4-AL112017-WCSC-0X9R/objects/ec9ea218363fd5af08666e04531f5c9ee5f6b9f739ee9ee605651ad23d2ac6be,,AL112017
CAND-2792,S4,AL112017:WCSC-0X9S,sweeps/S4/S4-AL112017-WCSC-0X9S/objects/098ba4cb735dab66c9826565884d292364823474805ad426f9415752882b3224,,AL112017
CAND-2793,S4,AL112017:WCSC-0X9U,sweeps/S4/S4-AL112017-WCSC-0X9U/objects/f9cf5b8d47af8cd463caee61448f5602704bb17eb4ae04a735e276f183611636,,AL112017
CAND-2794,S4,AL112017:WCSC-0X9X,sweeps/S4/S4-AL112017-WCSC-0X9X/objects/6547a42ec0b399791fe9f925355469b9d79bc4cc65ed35e3d456a9822e875f51,,AL112017
CAND-2795,S4,AL112017:WCSC-0X9Y,sweeps/S4/S4-AL112017-WCSC-0X9Y/objects/97ca5b309968fdd64fc7885b7766abbd5cc99056172ca6cae0c1830bed89f27b,,AL112017
CAND-2796,S4,AL112017:WCSC-0X9Z,sweeps/S4/S4-AL112017-WCSC-0X9Z/objects/c076ac6abc03558c6144706714ed75e4549a04d16b07cb99ee5abaf8222a908f,,AL112017
CAND-2797,S4,AL112017:WCSC-0XA0,sweeps/S4/S4-AL112017-WCSC-0XA0/objects/9cf96bdc4ef1452d54c09b392018d4b1bdb801d7d6bb4a5406bdef5a22a93c16,,AL112017
CAND-2798,S4,AL112017:WCSC-0XAC,sweeps/S4/S4-AL112017-WCSC-0XAC/objects/1bc43bdc05429c918f04abdbf175d5d8366a69f00b239a0b50820f4ed7c4d867,,AL112017
CAND-2799,S4,AL112017:WCSC-0XAK,sweeps/S4/S4-AL112017-WCSC-0XAK/objects/6dd03111f4b0eaf70c30d1662d259dfc0c6f955b9edfcfd8ea0d4c301ca50a81,,AL112017
CAND-2800,S4,AL112017:WCSC-0XAL,sweeps/S4/S4-AL112017-WCSC-0XAL/objects/77cf9017a3266d1f3e94c8fa2af5dc91142d5bf0887edbfe3e3237d73643d66b,,AL112017
CAND-2801,S4,AL112017:WCSC-0XAM,sweeps/S4/S4-AL112017-WCSC-0XAM/objects/93df62f0be563d67024d338aa999c3295be5ebe97f4b9964113ffb77eb5e441d,,AL112017
CAND-2802,S4,AL112017:WCSC-0XAN,sweeps/S4/S4-AL112017-WCSC-0XAN/objects/4760b52128369a1454c137af8c6cafd62f31ed7a578f6491bcabb3c984abcd1e,,AL112017
CAND-2803,S4,AL112017:WCSC-0XB1,sweeps/S4/S4-AL112017-WCSC-0XB1/objects/fe2c2fd47e74a698ee661221a797b635c10d64e6c607311b46ea740e2e529bff,,AL112017
CAND-2804,S4,AL112017:WCSC-0XB2,sweeps/S4/S4-AL112017-WCSC-0XB2/objects/3c121f1dbe1f14c9848758885b16151e0c57a152cfcf5b0809fbb4845ff266fa,,AL112017
CAND-2805,S4,AL112017:WCSC-0XB3,sweeps/S4/S4-AL112017-WCSC-0XB3/objects/cdf2a4e2bc9a8c36750c5d003aa26148f0c07d5436ae1ed6f4329ff437efb029,,AL112017
CAND-2806,S4,AL112017:WCSC-0XB4,sweeps/S4/S4-AL112017-WCSC-0XB4/objects/b9451eb6056df514375d0223008a2843cb3d833dbef40f5451c68a2a483044fa,,AL112017
CAND-2807,S4,AL112017:WCSC-0Y5U,sweeps/S4/S4-AL112017-WCSC-0Y5U/objects/12df4eaa1174b648ef24d3f00257f3113f4694d64391e9c1093d75ab3edeacd6,,AL112017
CAND-2808,S4,AL112017:WCSC-0Y9M,sweeps/S4/S4-AL112017-WCSC-0Y9M/objects/99b8521deacb959b06f3ce07562d242778209162cb42d62633115457455f4b82,,AL112017
CAND-2809,S4,AL112017:WCSC-0Y9N,sweeps/S4/S4-AL112017-WCSC-0Y9N/objects/8e8028bf17440e4060053d6b84e1a400275c4adbc73e9202416769a0667bee5b,,AL112017
CAND-2810,S4,AL112017:WCSC-0YA4,sweeps/S4/S4-AL112017-WCSC-0YA4/objects/60e1ad42157cc148d8224d5be46fa95d97c0b53ea0b9a18adc69638ad633319e,,AL112017
CAND-2811,S4,AL112017:WCSC-0YA5,sweeps/S4/S4-AL112017-WCSC-0YA5/objects/eea954a61960e3f96f51549fa5e5854623dea2cdd99718f642a6e2735acce685,,AL112017
CAND-2812,S4,AL112017:WCSC-0YA6,sweeps/S4/S4-AL112017-WCSC-0YA6/objects/05961ff17fdc1c7ad4efd2a29c080e9ac4172e27a6a73824fd99ad6608866ddd,,AL112017
CAND-2813,S4,AL112017:WCSC-0YAC,sweeps/S4/S4-AL112017-WCSC-0YAC/objects/77a05b55311c6577386e74e28b05b45061e608544846a07a7852a36455b3ec2f,,AL112017
CAND-2814,S4,AL112017:WCSC-0YET,sweeps/S4/S4-AL112017-WCSC-0YET/objects/f874adc950aa436c0614e5815583460b1c2a9d52e2a1a5b048070f5790fe6d28,,AL112017
CAND-2815,S4,AL112017:WCSC-0YEU,sweeps/S4/S4-AL112017-WCSC-0YEU/objects/25522a4aae8a8a6f33b78a2e63b6bbcb6fbb140897f5fe377849e12b3fbd4c69,,AL112017
CAND-2816,S4,AL112017:WCSC-0ZAN,sweeps/S4/S4-AL112017-WCSC-0ZAN/objects/807584101eefd599046a83b75adfbd40af1a4579288e30e13b32720267c1a0c2,,AL112017
CAND-2817,S4,AL112017:WCSC-120Y,sweeps/S4/S4-AL112017-WCSC-120Y/objects/1ff8e2a6914d92eab8f3a6f9d9a9c6ca1b8a05edc3ca749fbfd09613d4f143d2,,AL112017
CAND-2818,S4,AL112017:WCSC-120Z,sweeps/S4/S4-AL112017-WCSC-120Z/objects/9bb70a199dd718e47d070c5739c29bb8e53f37f489d9dd60294fcdf5485053b3,,AL112017
CAND-2819,S4,AL112017:WCSC-123M,sweeps/S4/S4-AL112017-WCSC-123M/objects/82d379b587e5ff728714440911dcb8dca9b89247c5128b5c6e2710e8a100e52c,,AL112017
CAND-2820,S4,AL112017:WCSC-123R,sweeps/S4/S4-AL112017-WCSC-123R/objects/935ee7e4e653ac796012454a8c87b91606ce852a440513993e75713a2e3e317d,,AL112017
CAND-2821,S4,AL112017:WCSC-125D,sweeps/S4/S4-AL112017-WCSC-125D/objects/1d1a30684f1ffd70ece92feb3278ebf9f600b270c49d9c8de106afc724da74f6,,AL112017
CAND-2822,S4,AL112017:WCSC-125T,sweeps/S4/S4-AL112017-WCSC-125T/objects/daf67f9ca86e6ebe00706e492380b0c42ebc1165fcf732c81ae420eaf69e033c,,AL112017
CAND-2823,S4,AL112017:WCSC-127X,sweeps/S4/S4-AL112017-WCSC-127X/objects/34f235907dad465cd701e0698177ce4ccdb7754a2cec7f62d9cc7f494beb5a85,,AL112017
CAND-2824,S4,AL112017:WCSC-127Z,sweeps/S4/S4-AL112017-WCSC-127Z/objects/f4dc6b3ce82d373e76af3c0bfd3e3b34b5346e36e038a9eed440166870df8519,,AL112017
CAND-2825,S4,AL132011:WCSC-0BDF,sweeps/S4/S4-AL132011-WCSC-0BDF/objects/e30778e7831af5b7d4fc2bb7d6a9ad6c75d5abaddac31cf4c8d66ea47bfbbf2e,,AL132011
CAND-2826,S4,AL132011:WCSC-0E4C,sweeps/S4/S4-AL132011-WCSC-0E4C/objects/e388aed9b645c2c3846ed8608d2872c84db829891c493c6c09bb50d07a5db9d6,,AL132011
CAND-2827,S4,AL132011:WCSC-0E4D,sweeps/S4/S4-AL132011-WCSC-0E4D/objects/304841cbaa57df0b48bfcee9daa4dd77dbb19db54d0e84b169182c5fa7c4d3c3,,AL132011
CAND-2828,S4,AL132011:WCSC-0E6N,sweeps/S4/S4-AL132011-WCSC-0E6N/objects/92e659a6ab03f5d9c74538d4383da3f933b7396a0dcbd24e3352edde4fe29407,,AL132011
CAND-2829,S4,AL132011:WCSC-0EX5,sweeps/S4/S4-AL132011-WCSC-0EX5/objects/150dd4bfaccf66d50211c36416a424f07df55a9c36327c0d23822cd88fc935b9,,AL132011
CAND-2830,S4,AL132011:WCSC-0EZA,sweeps/S4/S4-AL132011-WCSC-0EZA/objects/2c6afed33c056889ee105b2eb6769f0b02b85af796aa8dda59681d6b44ab5c21,,AL132011
CAND-2831,S4,AL132011:WCSC-0MWW,sweeps/S4/S4-AL132011-WCSC-0MWW/objects/c1fe5d5e410cffa3121bb038842f74d6887d3bf978360e6014b684cbd85bf438,,AL132011
CAND-2832,S4,AL132011:WCSC-0N8K,sweeps/S4/S4-AL132011-WCSC-0N8K/objects/4011a7d51646f4d1598c4922b04fda3f79c26891e03f3c8c30f9a92b9cc36017,,AL132011
CAND-2833,S4,AL132011:WCSC-0NE2,sweeps/S4/S4-AL132011-WCSC-0NE2/objects/41efd392a854854feba27f13472fafef1767af5adb2fc62a42db11ff6a47a1cd,,AL132011
CAND-2834,S4,AL132011:WCSC-0NE3,sweeps/S4/S4-AL132011-WCSC-0NE3/objects/962d73bb31270fe91fdf1e05f4724e90b8d1600c9f034d3df03cfcc22ec65c58,,AL132011
CAND-2835,S4,AL132011:WCSC-0NPA,sweeps/S4/S4-AL132011-WCSC-0NPA/objects/3e184d313c8872b120d1d46cfde7b671f39331e5b4f9b8864ba70a03a972dbdf,,AL132011
CAND-2836,S4,AL132011:WCSC-0NPC,sweeps/S4/S4-AL132011-WCSC-0NPC/objects/4332e89b0c7d04e3516ef184074fd7cb355bd59ff7c6a3c8496c3f445cafb6da,,AL132011
CAND-2837,S4,AL132011:WCSC-0PJ1,sweeps/S4/S4-AL132011-WCSC-0PJ1/objects/56c7517b5f486b2bbfe7f6b9c856cb86064fbe934e8f4edfb609318dcc58250c,,AL132011
CAND-2838,S4,AL132011:WCSC-0PNQ,sweeps/S4/S4-AL132011-WCSC-0PNQ/objects/17f2f5b50ecc1e75f7be344e4db1468ed07720b3bea7930fb25542d1eb040efb,,AL132011
CAND-2839,S4,AL132011:WCSC-0Q0R,sweeps/S4/S4-AL132011-WCSC-0Q0R/objects/0f6ecc26cb114c578b7486ca11553031cf3c30d6720c08da44be8ea5b9af5689,,AL132011
CAND-2840,S4,AL132011:WCSC-0Q0S,sweeps/S4/S4-AL132011-WCSC-0Q0S/objects/07674b4bc75cb2fd4c10b4e8d42440b88850ae89604c9beee010083387d110bc,,AL132011
CAND-2841,S4,AL132011:WCSC-0Q0X,sweeps/S4/S4-AL132011-WCSC-0Q0X/objects/de5f5d273977cff6628912ee8bc6c3b04f1c19c13e36efa25d234579e7b65b2f,,AL132011
CAND-2842,S4,AL132011:WCSC-0Q0Y,sweeps/S4/S4-AL132011-WCSC-0Q0Y/objects/9e6bd9a90ef5545a92d354249e005a081510ffc30e233c9ebf797d2e0b666fd1,,AL132011
CAND-2843,S4,AL132011:WCSC-0Q0Z,sweeps/S4/S4-AL132011-WCSC-0Q0Z/objects/4f11669cdad383089014c015613a659517a6ac1dd495215ac01402762764041d,,AL132011
CAND-2844,S4,AL132011:WCSC-0Q11,sweeps/S4/S4-AL132011-WCSC-0Q11/objects/9c3edd838fac952026593836d35c1072b2eb5a5d9557640261c9db9fc97707c4,,AL132011
CAND-2845,S4,AL132011:WCSC-0Q13,sweeps/S4/S4-AL132011-WCSC-0Q13/objects/22f38bc684931cccafd7e0eb68c82b84470940ac9138effee42b74f8662419ea,,AL132011
CAND-2846,S4,AL132011:WCSC-0Q15,sweeps/S4/S4-AL132011-WCSC-0Q15/objects/1964e36968d32381a4cc14689e3c36299243b4be1bba35ae4adf1faf699d06c3,,AL132011
CAND-2847,S4,AL132011:WCSC-0Q1C,sweeps/S4/S4-AL132011-WCSC-0Q1C/objects/0d3092045853d979dd3784f12751a29796a610e1b6d9c0faca61f3bd964e934d,,AL132011
CAND-2848,S4,AL132011:WCSC-0Q1D,sweeps/S4/S4-AL132011-WCSC-0Q1D/objects/f27b00a6fac5ef1f5e0eba4581739ba388b25434a1651411b9c43af9009e31c2,,AL132011
CAND-2849,S4,AL132011:WCSC-0Q1E,sweeps/S4/S4-AL132011-WCSC-0Q1E/objects/8b55c4cc631cff8ead1c3d851b59563bf4e8ad1280fdbf979b510b898ed945b1,,AL132011
CAND-2850,S4,AL132011:WCSC-0Q1F,sweeps/S4/S4-AL132011-WCSC-0Q1F/objects/974cb8bd60a2731a4b40335a34b945c5ef726474f82c130165d1b71e8070351c,,AL132011
CAND-2851,S4,AL132011:WCSC-0Q1K,sweeps/S4/S4-AL132011-WCSC-0Q1K/objects/f33223da98cb28c3cce451b20851284a0f2e349de40c17210165c0ef82cf4679,,AL132011
CAND-2852,S4,AL132011:WCSC-0Q1M,sweeps/S4/S4-AL132011-WCSC-0Q1M/objects/c9bb5fc9588ed73b7abc40efd4cdf86bfb125cbe6e466e5f2c69374f87ac9e72,,AL132011
CAND-2853,S4,AL132011:WCSC-0Q1N,sweeps/S4/S4-AL132011-WCSC-0Q1N/objects/5d5e60728cc08d5a89a89191f03622d273308cd19abe2c4c689e862f74ac7660,,AL132011
CAND-2854,S4,AL132011:WCSC-0Q1P,sweeps/S4/S4-AL132011-WCSC-0Q1P/objects/713d964d9799fec03577766f8df83df3d31248aef26b2b82a9ccb34ed253cee1,,AL132011
CAND-2855,S4,AL132011:WCSC-0Q1R,sweeps/S4/S4-AL132011-WCSC-0Q1R/objects/68c8f9ed6fc31cc706159b476f38d19bde4f2ac22a105e8b84df52122c3d2671,,AL132011
CAND-2856,S4,AL132011:WCSC-0Q1S,sweeps/S4/S4-AL132011-WCSC-0Q1S/objects/4709ada4ca16c8c2a6e7810fb8186548f4c1e9a077d34a82a9325530c459f692,,AL132011
CAND-2857,S4,AL132011:WCSC-0Q1V,sweeps/S4/S4-AL132011-WCSC-0Q1V/objects/7c69a223d49134152b25201dbf0c3d57ae8f977a87e70bbba155f6c8864f3997,,AL132011
CAND-2858,S4,AL132011:WCSC-0Q1W,sweeps/S4/S4-AL132011-WCSC-0Q1W/objects/d07ba8d27d9b1c49e0a74e270de3dcc7e8771eb82a4985fcf10397b51136e190,,AL132011
CAND-2859,S4,AL132011:WCSC-0Q1Y,sweeps/S4/S4-AL132011-WCSC-0Q1Y/objects/6ca947434fb00155818dcfacdf65e5902a139a6deefb996eec2f13b033b12142,,AL132011
CAND-2860,S4,AL132011:WCSC-0Q1Z,sweeps/S4/S4-AL132011-WCSC-0Q1Z/objects/62b8261ad924b765179becac29a986d92c6e3122f29007b6e06ba5cfc70df182,,AL132011
CAND-2861,S4,AL132011:WCSC-0Q20,sweeps/S4/S4-AL132011-WCSC-0Q20/objects/5b959b250ee74084ba22cb5ba93e00dc63b02a3f61eaff67b90cf9148a00efde,,AL132011
CAND-2862,S4,AL132011:WCSC-0Q26,sweeps/S4/S4-AL132011-WCSC-0Q26/objects/ee8158e9bb3725e7b2db33a9f173ccc8e5e7f23e0a5bb69442c7e44885dafc33,,AL132011
CAND-2863,S4,AL132011:WCSC-0Q27,sweeps/S4/S4-AL132011-WCSC-0Q27/objects/125266fe77a6d1e083861f84318db27e075880ca729036b7db517e2e9214f60a,,AL132011
CAND-2864,S4,AL132011:WCSC-0QAJ,sweeps/S4/S4-AL132011-WCSC-0QAJ/objects/bb33f21bb6823f8e8c42b17fdaf36ff6cb16603e9fad315ffe3dee7c88ceeb06,,AL132011
CAND-2865,S4,AL132011:WCSC-0QAK,sweeps/S4/S4-AL132011-WCSC-0QAK/objects/1b7d0fb241d178926384c314ccbe27f4de9f55c40641a1dff454ebfab2c606ea,,AL132011
CAND-2866,S4,AL132011:WCSC-0QBU,sweeps/S4/S4-AL132011-WCSC-0QBU/objects/64262459b0cfe8bb2d02181acdcd079a90ff42a2c3c1d2408dfbf83c2e58c47e,,AL132011
CAND-2867,S4,AL132011:WCSC-0QC2,sweeps/S4/S4-AL132011-WCSC-0QC2/objects/58c36852e74d0e38e09dc34df67928f2fef9c4813a0e7cf491bf17caca57abf3,,AL132011
CAND-2868,S4,AL132011:WCSC-0QC3,sweeps/S4/S4-AL132011-WCSC-0QC3/objects/4652100f4ee182650e6a9c8be76ec47bc6a77f7f8954b943bb3f5888adc61999,,AL132011
CAND-2869,S4,AL132011:WCSC-0QGK,sweeps/S4/S4-AL132011-WCSC-0QGK/objects/bec0876acacedb0d07c7362d5e78ac5c49d9b497210ee39d745240c5f3486ee4,,AL132011
CAND-2870,S4,AL132011:WCSC-0QLR,sweeps/S4/S4-AL132011-WCSC-0QLR/objects/ad3d1818f81dd459fcd62b7321e7a4d517d2e04b9410fe46e1be080485db9099,,AL132011
CAND-2871,S4,AL132011:WCSC-0QWQ,sweeps/S4/S4-AL132011-WCSC-0QWQ/objects/8a3addf26ab2f48f9c82ab427cb57492eacb1b11d93baca88bf23675ae225577,,AL132011
CAND-2872,S4,AL132011:WCSC-0QZX,sweeps/S4/S4-AL132011-WCSC-0QZX/objects/2cba8ac4afed2511f382e719f0fdb2bc33f8054ffd43e2637314da709f5c6f57,,AL132011
CAND-2873,S4,AL132011:WCSC-0R0Z,sweeps/S4/S4-AL132011-WCSC-0R0Z/objects/f3dfa60ad55000cab910af5cc96196f4ae5c84d269754029c6c40ee7e6e10590,,AL132011
CAND-2874,S4,AL132011:WCSC-0RLM,sweeps/S4/S4-AL132011-WCSC-0RLM/objects/9d2fa6e65aa48a55746c430dee96cd7301051a07eb4f9beaa4e08e36968d98de,,AL132011
CAND-2875,S4,AL132011:WCSC-0RLY,sweeps/S4/S4-AL132011-WCSC-0RLY/objects/bb613822f572b35d49ee64ad40af38aec1bc02fb2dc08be678f65d5147da862c,,AL132011
CAND-2876,S4,AL132011:WCSC-0RLZ,sweeps/S4/S4-AL132011-WCSC-0RLZ/objects/126e2e0efec4ee3d6de0b5135b951886daf65464be7f83f512af66daec294231,,AL132011
CAND-2877,S4,AL132011:WCSC-0RM3,sweeps/S4/S4-AL132011-WCSC-0RM3/objects/93934c3eef88bc34ef8984463a27260e8eeffc5f6e008551df1a7fb06ca176b0,,AL132011
CAND-2878,S4,AL132011:WCSC-0RM7,sweeps/S4/S4-AL132011-WCSC-0RM7/objects/6849a3afabf7ac84951c426e3774cc2a05dfb32f4a24c2fc955530b0ab0474ea,,AL132011
CAND-2879,S4,AL132011:WCSC-0RM9,sweeps/S4/S4-AL132011-WCSC-0RM9/objects/2624249e819495f6702fdd6f99b828493ab384208ed68328c5a8f15ff4da2df8,,AL132011
CAND-2880,S4,AL132011:WCSC-0S97,sweeps/S4/S4-AL132011-WCSC-0S97/objects/4da5127a910e1e13eb89f29bdb7e669f01a24aef1eb479b4e7acf9d94ae13578,,AL132011
CAND-2881,S4,AL132011:WCSC-0S9Y,sweeps/S4/S4-AL132011-WCSC-0S9Y/objects/86ce33c5bf8bb3a8f9fae1c1201132eac920e087c82272207e5fe7aceb666de5,,AL132011
CAND-2882,S4,AL132011:WCSC-0SEN,sweeps/S4/S4-AL132011-WCSC-0SEN/objects/36dbe6bd15d5167716f69d1014e327657e642f286c5e8ae6901896c0dab753e6,,AL132011
CAND-2883,S4,AL132011:WCSC-0SEQ,sweeps/S4/S4-AL132011-WCSC-0SEQ/objects/ad3b0616f08d80ee3deff16412f9f1e7a80a36d7caf3532d9475161216a5b0ac,,AL132011
CAND-2884,S4,AL132011:WCSC-0TLU,sweeps/S4/S4-AL132011-WCSC-0TLU/objects/5f2ea38c02e09504854be12fed5c2905efb450a805c781e0ee6b3271490c1bdd,,AL132011
CAND-2885,S4,AL132011:WCSC-0TLV,sweeps/S4/S4-AL132011-WCSC-0TLV/objects/3e5d487f2692f138c5faeabb13b2aa5b0538e3bcf260751aa97880c5fe6b5888,,AL132011
CAND-2886,S4,AL132011:WCSC-0TYL,sweeps/S4/S4-AL132011-WCSC-0TYL/objects/904ae9190a902f6b5329b9cc1f363f06b1963d0c9567a8dc6712a0dbd3f5214a,,AL132011
CAND-2887,S4,AL132011:WCSC-0U22,sweeps/S4/S4-AL132011-WCSC-0U22/objects/0da5191d3db8efe49308e6594965ff9f7e022e2bc10759f8c00d61ae2550747d,,AL132011
CAND-2888,S4,AL132011:WCSC-0U2B,sweeps/S4/S4-AL132011-WCSC-0U2B/objects/f369a3c3449fd0526617928610831e933fe641c2817c5c13ae8fd3c10f47bdd6,,AL132011
CAND-2889,S4,AL132011:WCSC-0WMA,sweeps/S4/S4-AL132011-WCSC-0WMA/objects/e6942a8e0a3d6f5b1eb7abe7cb23b3ae48b889db62a6dbf569fee8f6db4f25e0,,AL132011
CAND-2890,S4,AL132011:WCSC-0WUH,sweeps/S4/S4-AL132011-WCSC-0WUH/objects/03c365130408cfb38cc388b61519afcf47e10e43b748a5e7506d90e8efe51a96,,AL132011
CAND-2891,S4,AL132011:WCSC-0WUS,sweeps/S4/S4-AL132011-WCSC-0WUS/objects/13a6bb6972c54e6b695b0fed298dc4c45062aab3e27456fa6882cbc4817b2dd0,,AL132011
CAND-2892,S4,AL132011:WCSC-0WUT,sweeps/S4/S4-AL132011-WCSC-0WUT/objects/693f10fce8ce299a8500e4fca0841b3786b2de8aac3473dac7d09845125920f5,,AL132011
CAND-2893,S4,AL132011:WCSC-0WUU,sweeps/S4/S4-AL132011-WCSC-0WUU/objects/1a5d71f02ee435dfb847f32d20bd34d460e3875afed9e15c92b62517033940dc,,AL132011
CAND-2894,S4,AL132011:WCSC-0WVQ,sweeps/S4/S4-AL132011-WCSC-0WVQ/objects/89152e5a4d671bb9572a39805543f8ad35059fe15e75121d27521760b68e6cb3,,AL132011
CAND-2895,S4,AL132011:WCSC-0WVV,sweeps/S4/S4-AL132011-WCSC-0WVV/objects/73a9ac62a5c878fbefc95fe195b0fba661e8ff6eb28d18b92b88c6280d84ae87,,AL132011
CAND-2896,S4,AL132011:WCSC-0WVW,sweeps/S4/S4-AL132011-WCSC-0WVW/objects/ed03909db9f07084fc62da553744a4456ed5649c844b1230efdbfae647ed06a4,,AL132011
CAND-2897,S4,AL132011:WCSC-0WVX,sweeps/S4/S4-AL132011-WCSC-0WVX/objects/b0a47773c452b0b31acb0d52efde225d2d386f1eb056e99bfba5046b9ea3f7a2,,AL132011
CAND-2898,S4,AL132011:WCSC-0WW0,sweeps/S4/S4-AL132011-WCSC-0WW0/objects/4c953e4a22aa323866d0cbe67918345ea9de471861cc1391332c8f593e40b345,,AL132011
CAND-2899,S4,AL132011:WCSC-0WW2,sweeps/S4/S4-AL132011-WCSC-0WW2/objects/bea8a0cfa9abf79bdd52561663e3292f1a43ca45247576036514ab776ee77459,,AL132011
CAND-2900,S4,AL132011:WCSC-0WW5,sweeps/S4/S4-AL132011-WCSC-0WW5/objects/f36081e0c027d6c20672c4303d0fe08ceacd2fd64ba30c95f9645f8ddb79eb39,,AL132011
CAND-2901,S4,AL132011:WCSC-0WWT,sweeps/S4/S4-AL132011-WCSC-0WWT/objects/a9989b438ddd668c2d7cd6f32adf9fb9f2b49aee362a88d3fd047374d07bd267,,AL132011
CAND-2902,S4,AL132011:WCSC-0WWV,sweeps/S4/S4-AL132011-WCSC-0WWV/objects/49abeada4d05fce44f3a762e1bb5586a08ceb3ee3bc817402f353501d0078387,,AL132011
CAND-2903,S4,AL132011:WCSC-0WWW,sweeps/S4/S4-AL132011-WCSC-0WWW/objects/634b322dc55023f6917bbf2ca96bec152bfbec4e24d5e6774814a4d2ba21b1b1,,AL132011
CAND-2904,S4,AL132011:WCSC-0WXJ,sweeps/S4/S4-AL132011-WCSC-0WXJ/objects/209221e31d2e6e2c95b771133aa337fb99a7fd1e2426be01d47b26604ae476f1,,AL132011
CAND-2905,S4,AL132011:WCSC-0WXK,sweeps/S4/S4-AL132011-WCSC-0WXK/objects/dff4fb37ba1f77470588b2f249c235ec320ccd37102c7572a1bce4bfb5fb894e,,AL132011
CAND-2906,S4,AL132011:WCSC-0WXL,sweeps/S4/S4-AL132011-WCSC-0WXL/objects/9d3c525c2fd5ed7506f6324ce4dffc4c3c5cbe57a73789cd8ac7a9c1319ef7d5,,AL132011
CAND-2907,S4,AL132011:WCSC-0WXM,sweeps/S4/S4-AL132011-WCSC-0WXM/objects/91343501542717fa9ef38425c7030183861643cc73668e99cb31f65c74e5a574,,AL132011
CAND-2908,S4,AL132011:WCSC-0WXQ,sweeps/S4/S4-AL132011-WCSC-0WXQ/objects/c5bbfc87578140086e9320b3379a5d62ff45bc9a097c3670f7e20e2e0e755b33,,AL132011
CAND-2909,S4,AL132011:WCSC-0WXR,sweeps/S4/S4-AL132011-WCSC-0WXR/objects/9822b8e5b2068830dd2e51f2a00f6f59f70f3ae15c4e9233f66b758d8cec9e2f,,AL132011
CAND-2910,S4,AL132011:WCSC-0WY2,sweeps/S4/S4-AL132011-WCSC-0WY2/objects/c069caf725a5466dd25b813c90e7f1698d3ade78a2954aef81a58c5e06f6f51a,,AL132011
CAND-2911,S4,AL132011:WCSC-0WY5,sweeps/S4/S4-AL132011-WCSC-0WY5/objects/4f06cdc0ee94cf8be3dc20d010de3808fa48b3d8241bfa8a232c11ad96a4d902,,AL132011
CAND-2912,S4,AL132011:WCSC-0WY6,sweeps/S4/S4-AL132011-WCSC-0WY6/objects/7e956bfd31015c16b091656c3010c0d7a950445f362f4f3fe65772acf759119e,,AL132011
CAND-2913,S4,AL132011:WCSC-0WYG,sweeps/S4/S4-AL132011-WCSC-0WYG/objects/5bfde0088d22e990e83d89d189f87e050873b8dd7c6acb146f681b20e744bb32,,AL132011
CAND-2914,S4,AL132011:WCSC-0WYH,sweeps/S4/S4-AL132011-WCSC-0WYH/objects/221d49c30b0b6aceb0be2d0ec723e1704c27a76fc577ae7ea9f383ab89250f52,,AL132011
CAND-2915,S4,AL132011:WCSC-0WYJ,sweeps/S4/S4-AL132011-WCSC-0WYJ/objects/f40b42622f97180e5d10349453c97a38522be954b83733cbaf41665dbe436d6e,,AL132011
CAND-2916,S4,AL132011:WCSC-0WYK,sweeps/S4/S4-AL132011-WCSC-0WYK/objects/f933fccfbb529e942e712fc673647d338b3334815f39094c3c1be958ddeb2bd3,,AL132011
CAND-2917,S4,AL132011:WCSC-0WYR,sweeps/S4/S4-AL132011-WCSC-0WYR/objects/b7e5373b939d617972821fc20b99776c6c4c1d79ddcff75502b43eb08497139f,,AL132011
CAND-2918,S4,AL132011:WCSC-0WYZ,sweeps/S4/S4-AL132011-WCSC-0WYZ/objects/8ee22579c68f28807b3cd416aea48d43696b4f2953019faab589285ce59cfed0,,AL132011
CAND-2919,S4,AL132011:WCSC-0WZ7,sweeps/S4/S4-AL132011-WCSC-0WZ7/objects/7ab45bdbd307bb79b4c8bfc494fad8473ef1ce80df47dd7e8f91ecfc90c5084e,,AL132011
CAND-2920,S4,AL132011:WCSC-0WZB,sweeps/S4/S4-AL132011-WCSC-0WZB/objects/9c4419083939b6fbb6d7af6fceac8b0a88a573d3c8a44288b31a51611cd4a682,,AL132011
CAND-2921,S4,AL132011:WCSC-0WZT,sweeps/S4/S4-AL132011-WCSC-0WZT/objects/6e95cc48c547abd65302120ad486be335ea23b7ab18ff8620465120fbd878566,,AL132011
CAND-2922,S4,AL132011:WCSC-0WZV,sweeps/S4/S4-AL132011-WCSC-0WZV/objects/ec4d5316d1e8d0b4dfaff67a51d5313f035c6a13eb65e9d7550cf6ebcae68a8b,,AL132011
CAND-2923,S4,AL132011:WCSC-0X0B,sweeps/S4/S4-AL132011-WCSC-0X0B/objects/f13ccc14783415b7c50cf024a1a8033c260c837da1f47f6ea9e62e3cfaff027e,,AL132011
CAND-2924,S4,AL132011:WCSC-0X0S,sweeps/S4/S4-AL132011-WCSC-0X0S/objects/0b1eb3537a9180ced2a97ca78d340208891dc021c79e3536fdd50e6b2a4ee7e9,,AL132011
CAND-2925,S4,AL132011:WCSC-0X18,sweeps/S4/S4-AL132011-WCSC-0X18/objects/601ab0a6b84ceefff63e053d0452027a1ff490f5c9ab7becce100358c228c735,,AL132011
CAND-2926,S4,AL132011:WCSC-0X20,sweeps/S4/S4-AL132011-WCSC-0X20/objects/8005ced64f0d8b5b06032e01a874e28bfc1fb5fdeac9a0c16cec6d9e2f628335,,AL132011
CAND-2927,S4,AL132011:WCSC-0X24,sweeps/S4/S4-AL132011-WCSC-0X24/objects/109a08aa3cc5a57a4cc5dddb2e558f79025446905e9d315a04a22ea273047fb3,,AL132011
CAND-2928,S4,AL132011:WCSC-0X2K,sweeps/S4/S4-AL132011-WCSC-0X2K/objects/4ea40480fe948b6242c5961f24b5b15ff5d762f27ee32e792c3031baa116ec0b,,AL132011
CAND-2929,S4,AL132011:WCSC-0X2L,sweeps/S4/S4-AL132011-WCSC-0X2L/objects/e9b0bf63b75ff5505427f50dc2dd0bfab269c045e8fd2214ef008f71087e6821,,AL132011
CAND-2930,S4,AL132011:WCSC-0X2M,sweeps/S4/S4-AL132011-WCSC-0X2M/objects/590dab4dbce880edd0b07acad33bfce3ee30ea2355abdc0090e6ce4954573b2d,,AL132011
CAND-2931,S4,AL132011:WCSC-0X32,sweeps/S4/S4-AL132011-WCSC-0X32/objects/9f90dc723db2d053c437320a425bbf32bc9da5710deb873faf7925150eae7d10,,AL132011
CAND-2932,S4,AL132011:WCSC-0X5U,sweeps/S4/S4-AL132011-WCSC-0X5U/objects/977cd668eae2f3753fa27b2b8371b50346a7a0c4fc2a1595a15b0c4b0e339796,,AL132011
CAND-2933,S4,AL132011:WCSC-0X62,sweeps/S4/S4-AL132011-WCSC-0X62/objects/88a884b40ee30f2ffdb2256f128bf96bf73cbf7a344a4ff545bdf3275e96a2c4,,AL132011
CAND-2934,S4,AL132011:WCSC-0X64,sweeps/S4/S4-AL132011-WCSC-0X64/objects/7594de2a41ca7594e7840327681f4d7d02eead4858b15c0fdff1eab743aa43ef,,AL132011
CAND-2935,S4,AL132011:WCSC-0X6G,sweeps/S4/S4-AL132011-WCSC-0X6G/objects/2f8274ca3c30d53b23f55a788ca5ac64dc381f3c2416170c27f40a1630533c65,,AL132011
CAND-2936,S4,AL132011:WCSC-0X6H,sweeps/S4/S4-AL132011-WCSC-0X6H/objects/ef068d6e345bf904455b79b9b0728261d14bdfcfccedd577a1c5d39126cbd2ab,,AL132011
CAND-2937,S4,AL132011:WCSC-0X6J,sweeps/S4/S4-AL132011-WCSC-0X6J/objects/41273040bdfeacd238995b9e520b93498b5cef03bb92a2fd14a5ad530df47a3e,,AL132011
CAND-2938,S4,AL132011:WCSC-0X6K,sweeps/S4/S4-AL132011-WCSC-0X6K/objects/5ca23d22de08b8b31daf9dc867db8928f6f593e4216d99d95ef5a00deb0224f6,,AL132011
CAND-2939,S4,AL132011:WCSC-0X6L,sweeps/S4/S4-AL132011-WCSC-0X6L/objects/f64e0cbdcd10715a6dac1fc04000ba25a6b3d257a93726b826176a61872c0abf,,AL132011
CAND-2940,S4,AL132011:WCSC-0X7G,sweeps/S4/S4-AL132011-WCSC-0X7G/objects/82f357081c458d2ff361ec2496281ae4bc0d95e405441b458ecd956c93cab4f2,,AL132011
CAND-2941,S4,AL132011:WCSC-0X7L,sweeps/S4/S4-AL132011-WCSC-0X7L/objects/dfe16a1c7c09e63604cada87c997996e5842b2950fa1af5a61e818df926ea45d,,AL132011
CAND-2942,S4,AL132011:WCSC-0X7M,sweeps/S4/S4-AL132011-WCSC-0X7M/objects/02767fe99e12c9c1b9ce4f66945d4d48b2d9ec8aabc3257fede4b3100ee621fc,,AL132011
CAND-2943,S4,AL132011:WCSC-0X7N,sweeps/S4/S4-AL132011-WCSC-0X7N/objects/d6788215a56e1522945c1a23772cfb5719fd226f90240b2713acacbd1ce4c495,,AL132011
CAND-2944,S4,AL132011:WCSC-0X7S,sweeps/S4/S4-AL132011-WCSC-0X7S/objects/66bfdfa4e3dab81930e83f5ca7877772fc13c1a9eb3164f893bfa9d5734776f1,,AL132011
CAND-2945,S4,AL132011:WCSC-0X7T,sweeps/S4/S4-AL132011-WCSC-0X7T/objects/407524f5739ad80130f33936fe4b2f38e7f1d8610d94b5149ee67d8c604088cc,,AL132011
CAND-2946,S4,AL132011:WCSC-0X84,sweeps/S4/S4-AL132011-WCSC-0X84/objects/532523ea723a3281a0d98effb462a594cf0b058c8705dd85cb68c794a9718ba5,,AL132011
CAND-2947,S4,AL132011:WCSC-0X8B,sweeps/S4/S4-AL132011-WCSC-0X8B/objects/67fcbf075ee4ce1d61f847de19dddab1e6444112ce3ae360fde69035e198ed41,,AL132011
CAND-2948,S4,AL132011:WCSC-0X8T,sweeps/S4/S4-AL132011-WCSC-0X8T/objects/e73846f7057957cdec9ef776c3f371a522f5747fae006c63271857350be67d9e,,AL132011
CAND-2949,S4,AL132011:WCSC-0YAD,sweeps/S4/S4-AL132011-WCSC-0YAD/objects/a85b69310301ad7e7fe821472ef137d65c3eb2700582b19a5afff81ccd0bdfea,,AL132011
CAND-2950,S4,AL132011:WCSC-0YCU,sweeps/S4/S4-AL132011-WCSC-0YCU/objects/032495d585e9d323d0cca2b2d69bbd1951e55c227be7cf3cc5cbbac553666b2a,,AL132011
CAND-2951,S4,AL132011:WCSC-0YF8,sweeps/S4/S4-AL132011-WCSC-0YF8/objects/0a9f33c21880b3ce85e1abc683146d1a1d56bb05c667d4898ef214c915cfea26,,AL132011
CAND-2952,S4,AL132011:WCSC-0YPD,sweeps/S4/S4-AL132011-WCSC-0YPD/objects/f0617271924f165215b9b3398cf83f303834fd491ccc07c311db20ada3eaefd3,,AL132011
CAND-2953,S4,AL132011:WCSC-0YSK,sweeps/S4/S4-AL132011-WCSC-0YSK/objects/eaa41be36f1949358354ca6e7303c6868637b04eca54dfda9ce7ae030ff2d48d,,AL132011
CAND-2954,S4,AL132011:WCSC-0YSP,sweeps/S4/S4-AL132011-WCSC-0YSP/objects/a8fd3baaf6238d9678bdb7c1e86d50417464e864d0dfd1cab7e1ab818c995580,,AL132011
CAND-2955,S4,AL132011:WCSC-0YST,sweeps/S4/S4-AL132011-WCSC-0YST/objects/62dd36c14a936d3fd9a3705347d7369ee758abec0d10a098be420636887df8b9,,AL132011
CAND-2956,S4,AL132011:WCSC-0Z9R,sweeps/S4/S4-AL132011-WCSC-0Z9R/objects/12befc67d0493b32e214dd2b972e917c1ced08865d7ca22d2b6c58ad3d0e3e19,,AL132011
CAND-2957,S4,AL132020:WCSC-08UQ,sweeps/S4/S4-AL132020-WCSC-08UQ/objects/65f7e6d94f0fbd58a07f39d70b0c83b6e4ca75a807178049a89d8e62f3f8da17,,AL132020
CAND-2958,S4,AL132020:WCSC-08V5,sweeps/S4/S4-AL132020-WCSC-08V5/objects/547bbb0d62b64b0d6ce43525c74110448e8a554492498b909b0f2943b84b48d7,,AL132020
CAND-2959,S4,AL132020:WCSC-08YD,sweeps/S4/S4-AL132020-WCSC-08YD/objects/44913423e32596c5690825ba5c585c2eb810040181bd40a0cacf7981c5d9fb90,,AL132020
CAND-2960,S4,AL132020:WCSC-09FR,sweeps/S4/S4-AL132020-WCSC-09FR/objects/d358b914e93f689b9c94603dd03e1c8efdc46becfb35c111af3a39a7bb4e7202,,AL132020
CAND-2961,S4,AL132020:WCSC-0A8H,sweeps/S4/S4-AL132020-WCSC-0A8H/objects/a51afd83fa789eec582d3ce4bd9fe3f1ed8e4fabe966a03714033ca06e1464bf,,AL132020
CAND-2962,S4,AL132020:WCSC-0A8U,sweeps/S4/S4-AL132020-WCSC-0A8U/objects/edbd3ab844b2275d651d67caf45b2fb58e4e015bce45d1979a1e2d323fac638a,,AL132020
CAND-2963,S4,AL132020:WCSC-0ACE,sweeps/S4/S4-AL132020-WCSC-0ACE/objects/c15b51cfaacb824a1a3ed87520823fb595dbd65742168a8c61c4b239fcc775f6,,AL132020
CAND-2964,S4,AL132020:WCSC-0ACF,sweeps/S4/S4-AL132020-WCSC-0ACF/objects/a78dc691d975ff475665573c82e99c685f5a81a5a70a36750a69fc9ef0d8d303,,AL132020
CAND-2965,S4,AL132020:WCSC-0B06,sweeps/S4/S4-AL132020-WCSC-0B06/objects/e1c85fe3a89bca73157def8cb09ff19e9b02e798626d68c36fb7e5e5f5e2b31e,,AL132020
CAND-2966,S4,AL132020:WCSC-0B4Y,sweeps/S4/S4-AL132020-WCSC-0B4Y/objects/9412a3089d0cf7a6880613ab3153b18c069c59aeff4632963a975efe80ab7a49,,AL132020
CAND-2967,S4,AL132020:WCSC-0B57,sweeps/S4/S4-AL132020-WCSC-0B57/objects/5443d49c52b6e6950849b4e6d7a9e1999b3ce3f3213a9f6a3eea439df329592f,,AL132020
CAND-2968,S4,AL132020:WCSC-0BDF,sweeps/S4/S4-AL132020-WCSC-0BDF/objects/994df3f20f9d4017600bae875b40105e6f0d9e030c01c151930f2035b9740589,,AL132020
CAND-2969,S4,AL132020:WCSC-0BYK,sweeps/S4/S4-AL132020-WCSC-0BYK/objects/c067d35a0f426c9965446fc3e8a7d8d5c2ae7c38e92d8f5e3e7d0f0925089752,,AL132020
CAND-2970,S4,AL132020:WCSC-0CMG,sweeps/S4/S4-AL132020-WCSC-0CMG/objects/d652c7187958f632c435109c53fb04dd58f489c0e3c75989a411bc6747e9524a,,AL132020
CAND-2971,S4,AL132020:WCSC-0D0W,sweeps/S4/S4-AL132020-WCSC-0D0W/objects/ae1002d0ba3da3cbf3cd24e21de73577e7daa1d5069d15f95d709a42f059e8ee,,AL132020
CAND-2972,S4,AL132020:WCSC-0DA3,sweeps/S4/S4-AL132020-WCSC-0DA3/objects/fd050cc872d7d80f68b5ddd58ba3b43a41840c62707b545095e42fbea9465cdf,,AL132020
CAND-2973,S4,AL132020:WCSC-0DA5,sweeps/S4/S4-AL132020-WCSC-0DA5/objects/8dda6f90347a5b770a9f15635fdb9c7a2a976a4ff56d4f2cf32f60b2a2f27781,,AL132020
CAND-2974,S4,AL132020:WCSC-0DF2,sweeps/S4/S4-AL132020-WCSC-0DF2/objects/40a7c8acd8fcbd989e8e4ae89518c70fc46403bd0d7b3f16d2e498f0b15b1951,,AL132020
CAND-2975,S4,AL132020:WCSC-0DF5,sweeps/S4/S4-AL132020-WCSC-0DF5/objects/d3ab472b5deacf4fea70b4af3b9fa94b4852dd4e8a0d4222ad7c1c148e3f0ea4,,AL132020
CAND-2976,S4,AL132020:WCSC-0N8G,sweeps/S4/S4-AL132020-WCSC-0N8G/objects/9f0d48341cc70236b4e21e380a073be4149491e917b001c22e161ba01bef3e1c,,AL132020
CAND-2977,S4,AL132020:WCSC-0PTH,sweeps/S4/S4-AL132020-WCSC-0PTH/objects/744858958d98cff46cbc1198c7e73bd4c7dc0e13e89afa34250163644794f520,,AL132020
CAND-2978,S4,AL132020:WCSC-0PTP,sweeps/S4/S4-AL132020-WCSC-0PTP/objects/00d3b0e899042fbffc8a1c8de5a668065dab6a46f1b50631818354ef6e2bb3b8,,AL132020
CAND-2979,S4,AL132020:WCSC-0PTU,sweeps/S4/S4-AL132020-WCSC-0PTU/objects/d133990ecc36a4478ebeaf67ea55dbaf42d9781e7a5ab7b7aaca48fc68fb57a8,,AL132020
CAND-2980,S4,AL132020:WCSC-0Q1U,sweeps/S4/S4-AL132020-WCSC-0Q1U/objects/b21bc9866280626b5bebbdd2e545d0aa9039d6e1610f0eac321ec16ebf155bf9,,AL132020
CAND-2981,S4,AL132020:WCSC-0R0Y,sweeps/S4/S4-AL132020-WCSC-0R0Y/objects/1e2c08386c05eea939eae2e1d7fcc7559085823363b32e80b8f6b65bb8404a29,,AL132020
CAND-2982,S4,AL132020:WCSC-0R2S,sweeps/S4/S4-AL132020-WCSC-0R2S/objects/8ad6cafcc6bff59aa3f1527190c914fb1afb65729ca5f3ac3749670cf66ee131,,AL132020
CAND-2983,S4,AL132020:WCSC-0R2T,sweeps/S4/S4-AL132020-WCSC-0R2T/objects/18c5c87fec65c9a4d74f23d3f37b57e5d68b1ad87ee7c86b568720f3a959c2f8,,AL132020
CAND-2984,S4,AL132020:WCSC-0R2U,sweeps/S4/S4-AL132020-WCSC-0R2U/objects/5b51f37e509f57928db9129dd346904d68187e71490d00a4b512d3f65158a96c,,AL132020
CAND-2985,S4,AL132020:WCSC-0R2V,sweeps/S4/S4-AL132020-WCSC-0R2V/objects/c050cacb970333034105d02d0bd8d41e6118baa5323bf1a32b6b899fd2c5a339,,AL132020
CAND-2986,S4,AL132020:WCSC-0R37,sweeps/S4/S4-AL132020-WCSC-0R37/objects/675ac88a4937affda6a8e7d2295ba1631ed11d5c648bb463ba3d69e4140aee06,,AL132020
CAND-2987,S4,AL132020:WCSC-0R3A,sweeps/S4/S4-AL132020-WCSC-0R3A/objects/af33a412c57c0e2ee5660359f079842693c4173cdddde6b02ed54e49e1694d50,,AL132020
CAND-2988,S4,AL132020:WCSC-0R6P,sweeps/S4/S4-AL132020-WCSC-0R6P/objects/7c85e51b19f00b5198bf3bbc57b8fcda76251a6aa12bb89f70c3e0fd4bf1b00e,,AL132020
CAND-2989,S4,AL132020:WCSC-0R6X,sweeps/S4/S4-AL132020-WCSC-0R6X/objects/2adaf6f3d7ca6b4712c3b7918be78dc9dd50fd0cc17211b4b0f0d91eff9ff8d5,,AL132020
CAND-2990,S4,AL132020:WCSC-0RAV,sweeps/S4/S4-AL132020-WCSC-0RAV/objects/5906d5a129f81a4a7ffdb12bfb654235c7810f935ae0b2c81718192689a09e7d,,AL132020
CAND-2991,S4,AL132020:WCSC-0RB3,sweeps/S4/S4-AL132020-WCSC-0RB3/objects/ca58d7b984e6e5c5b8575be0f4ed7523f2460b1335b7ceea98d45efb3b89520f,,AL132020
CAND-2992,S4,AL132020:WCSC-0RB4,sweeps/S4/S4-AL132020-WCSC-0RB4/objects/3be91a04280a0293879a33304c0e70b58b028a1bd5b6b6288f7947aa58da8339,,AL132020
CAND-2993,S4,AL132020:WCSC-0RBE,sweeps/S4/S4-AL132020-WCSC-0RBE/objects/97de6d56b82ced3e4c09a04fd6b1ef149ecb0115af633797b6d0f811eb8d1e03,,AL132020
CAND-2994,S4,AL132020:WCSC-0RBF,sweeps/S4/S4-AL132020-WCSC-0RBF/objects/343b56b8fe18abe63f623fedebfbd70581cb1ba33f1a9d4105117f0898bc895b,,AL132020
CAND-2995,S4,AL132020:WCSC-0REG,sweeps/S4/S4-AL132020-WCSC-0REG/objects/617a1be441634c4393544bad243c3d896d8432f582298d8de1fb71b5c9f7989a,,AL132020
CAND-2996,S4,AL132020:WCSC-0REH,sweeps/S4/S4-AL132020-WCSC-0REH/objects/2b89ff26eefba25af2d4174633a23c28afeae1dcd36864f8b6e7b8fcf29b0fc7,,AL132020
CAND-2997,S4,AL132020:WCSC-0REX,sweeps/S4/S4-AL132020-WCSC-0REX/objects/f62123e6e66ac8a39f1826ce67ed3f22d8af7c5862b38cfeacd14fb854b82280,,AL132020
CAND-2998,S4,AL132020:WCSC-0RH8,sweeps/S4/S4-AL132020-WCSC-0RH8/objects/f864e021fe669404bbf30c50a9b29f2e5f5a3a2b28d0dc937405be1f9d0d04ce,,AL132020
CAND-2999,S4,AL132020:WCSC-0TBM,sweeps/S4/S4-AL132020-WCSC-0TBM/objects/c07f9a34e71c72f90e6d7598467eda724b3ce3c23eef879063b69e887d06628e,,AL132020
CAND-3000,S4,AL132020:WCSC-0TG6,sweeps/S4/S4-AL132020-WCSC-0TG6/objects/0701a436cf90164a7817c9c41d22b4695e17849a2889e965082853d16fc321c2,,AL132020
CAND-3001,S4,AL132020:WCSC-0TG7,sweeps/S4/S4-AL132020-WCSC-0TG7/objects/69fd8da8fa7c50f015b4a5f4aa23ede1ffc90079e9cc549029e6491a20d708f4,,AL132020
CAND-3002,S4,AL132020:WCSC-0TKH,sweeps/S4/S4-AL132020-WCSC-0TKH/objects/2a0741e65ffa5b1bb63b0e1ce70040b6c156e99b554e77e8974b7fff359b3cfc,,AL132020
CAND-3003,S4,AL132020:WCSC-0TKQ,sweeps/S4/S4-AL132020-WCSC-0TKQ/objects/990cf3d76e8558cc4dcb7668e748c91e621532f899e4427e3f9a0f03518dfbad,,AL132020
CAND-3004,S4,AL132020:WCSC-0TMQ,sweeps/S4/S4-AL132020-WCSC-0TMQ/objects/1e405f095914900ae7b731eae2b02214635e157ed0e7b64d5914c56bceccfef5,,AL132020
CAND-3005,S4,AL132020:WCSC-0TNM,sweeps/S4/S4-AL132020-WCSC-0TNM/objects/6490736b62cad9c2e1b4e8b5cf15fca1a64e2cf08a01f78e01e355fc19c56078,,AL132020
CAND-3006,S4,AL132020:WCSC-0TP3,sweeps/S4/S4-AL132020-WCSC-0TP3/objects/79146e660fe11d0718482a69c682f65356f10b6cd3a511704ebcfebe15266ad7,,AL132020
CAND-3007,S4,AL132020:WCSC-0TP4,sweeps/S4/S4-AL132020-WCSC-0TP4/objects/f3440b412785e87931d781c2d6b9393ec29a5920916d36229b5d36fc1fc9bc20,,AL132020
CAND-3008,S4,AL132020:WCSC-0TRY,sweeps/S4/S4-AL132020-WCSC-0TRY/objects/78609d4697baf37574e700e64e4743730bf71c0b1d1598cc9431d0640b7babbb,,AL132020
CAND-3009,S4,AL132020:WCSC-0TSR,sweeps/S4/S4-AL132020-WCSC-0TSR/objects/28033c3e1838d4e621dd21ad6fabcf5542f367b693683b7c3443421b2c4e8eb6,,AL132020
CAND-3010,S4,AL132020:WCSC-0TSS,sweeps/S4/S4-AL132020-WCSC-0TSS/objects/54a95c674585679ab6e3584b92e471aa2060fb5b26e2988dd98b3e6104c25109,,AL132020
CAND-3011,S4,AL132020:WCSC-0TTR,sweeps/S4/S4-AL132020-WCSC-0TTR/objects/3d415bb6cc6e9d9e32a10619667a795439a3fb62b373a04beb1047cf79ebd1ea,,AL132020
CAND-3012,S4,AL132020:WCSC-0TUN,sweeps/S4/S4-AL132020-WCSC-0TUN/objects/e9338e688227029ac51c3477192224b94c7e16b3ca71e709812b4ad696e4f1e3,,AL132020
CAND-3013,S4,AL132020:WCSC-0TUP,sweeps/S4/S4-AL132020-WCSC-0TUP/objects/713caca086009ce1e3a57a05b67939ea0e9254a9778a42ba04fa18bfb946f54b,,AL132020
CAND-3014,S4,AL132020:WCSC-0TUQ,sweeps/S4/S4-AL132020-WCSC-0TUQ/objects/b372cddbc4f3a0a2f287a06c39c8ae9906e1fee1031b452adb1ed13a3cd46ae8,,AL132020
CAND-3015,S4,AL132020:WCSC-0TUW,sweeps/S4/S4-AL132020-WCSC-0TUW/objects/296ce22d3f68f74cb5c337f84b46367e81e95b3f7ed577eeac1310bdf16ce41f,,AL132020
CAND-3016,S4,AL132020:WCSC-0TUX,sweeps/S4/S4-AL132020-WCSC-0TUX/objects/4c135f2987bdb7f059373fe66b1520dede3b5f76223a2d7383e3cb1d1981111d,,AL132020
CAND-3017,S4,AL132020:WCSC-0TV7,sweeps/S4/S4-AL132020-WCSC-0TV7/objects/804bfdec6a933a80b6c19c8408870f283e606ef8b807fe0bc09b344056d10f83,,AL132020
CAND-3018,S4,AL132020:WCSC-0TX5,sweeps/S4/S4-AL132020-WCSC-0TX5/objects/a80b87a9ffb41193002adc68dc5300af4f6d0aebe84d0f7b57105fedfd914ce9,,AL132020
CAND-3019,S4,AL132020:WCSC-0TX7,sweeps/S4/S4-AL132020-WCSC-0TX7/objects/1c88073a6ed9b13cd358dadef8e7753753546d6755104bea837cec2fb57a4775,,AL132020
CAND-3020,S4,AL132020:WCSC-0TYV,sweeps/S4/S4-AL132020-WCSC-0TYV/objects/e84ba8ac89795eec7263c36763ebce8c4d4bcb1b72e468b021adb53dce5e26c0,,AL132020
CAND-3021,S4,AL132020:WCSC-0U03,sweeps/S4/S4-AL132020-WCSC-0U03/objects/6a2fb5189f7cee3da472cc3774859a76cf1e9088c3a89edbd068e6807cc70157,,AL132020
CAND-3022,S4,AL132020:WCSC-0U1T,sweeps/S4/S4-AL132020-WCSC-0U1T/objects/4b9f5e9d203b772ecaff687b5cb196e80eb83b78cd667aa8e24fa2c22db3d9d6,,AL132020
CAND-3023,S4,AL132020:WCSC-0U2B,sweeps/S4/S4-AL132020-WCSC-0U2B/objects/69a8ed281d7164e8c38c0ad57e6b0a6a7f5370f8fdb64f18ddcfdf24344e2b00,,AL132020
CAND-3024,S4,AL132020:WCSC-0W0Y,sweeps/S4/S4-AL132020-WCSC-0W0Y/objects/1320fb7450c684f36fee6e15c4dafaaade41fe8bae31877f5ad70f744c6ffa99,,AL132020
CAND-3025,S4,AL132020:WCSC-0W10,sweeps/S4/S4-AL132020-WCSC-0W10/objects/cbeebca011c92192d253aa5a78f3676c85b97289b751bf56cace7700237af4eb,,AL132020
CAND-3026,S4,AL132020:WCSC-0W14,sweeps/S4/S4-AL132020-WCSC-0W14/objects/aee48ff0e9bb2ac50ea7e87c36e3008bba2e814c7121c2eadb3bf9f1bebe460e,,AL132020
CAND-3027,S4,AL132020:WCSC-0W17,sweeps/S4/S4-AL132020-WCSC-0W17/objects/9456cb3a12531ae7e3a66ff6f15c2894e42b42138acb96608e02d961a3cb6506,,AL132020
CAND-3028,S4,AL132020:WCSC-0W1H,sweeps/S4/S4-AL132020-WCSC-0W1H/objects/79477ff2b86cedb5dca8a994573e2cdcfe33067ec6839910af092128df8031a4,,AL132020
CAND-3029,S4,AL132020:WCSC-0W1K,sweeps/S4/S4-AL132020-WCSC-0W1K/objects/52db18e0882e127cd9f761112a20d90ccd1c02466c483c613bca736004554fe9,,AL132020
CAND-3030,S4,AL132020:WCSC-0W1U,sweeps/S4/S4-AL132020-WCSC-0W1U/objects/5e11a84fbc78c6265f7e561280db6279782a4660bb053419f73aa597a330f3b6,,AL132020
CAND-3031,S4,AL132020:WCSC-0W1X,sweeps/S4/S4-AL132020-WCSC-0W1X/objects/74f4501c57f9e878ad630045adb896a0b6eacb6a5eb63d6199a815b08d84ee2d,,AL132020
CAND-3032,S4,AL132020:WCSC-0W1Z,sweeps/S4/S4-AL132020-WCSC-0W1Z/objects/dfa1986d87d976059c3b1b9ebe6377fd69758b66d86d7285f70f0562122480e8,,AL132020
CAND-3033,S4,AL132020:WCSC-0W22,sweeps/S4/S4-AL132020-WCSC-0W22/objects/a719c8b0ad72999e7bd3b63ae3c65d1ecaa41336b2544cf86ec204c58470dcd5,,AL132020
CAND-3034,S4,AL132020:WCSC-0W26,sweeps/S4/S4-AL132020-WCSC-0W26/objects/20e624f4dc31a57a45c2d19e374ea28e979499ac5d5b713eea8716c3c1cbfbee,,AL132020
CAND-3035,S4,AL132020:WCSC-0W27,sweeps/S4/S4-AL132020-WCSC-0W27/objects/bab9be6697bc9f6d1fbd0f2992979109fd2a73fd20266ac7790c5c269d00376f,,AL132020
CAND-3036,S4,AL132020:WCSC-0W28,sweeps/S4/S4-AL132020-WCSC-0W28/objects/bc802ef52f57a2a54ebdcddb3c612180d93964243d1c531c4843256a3fdbf774,,AL132020
CAND-3037,S4,AL132020:WCSC-0W2R,sweeps/S4/S4-AL132020-WCSC-0W2R/objects/bd95e478fa6827603e73fec8eacdf617d1ca76bc9525b8883f41e8d07d03daa1,,AL132020
CAND-3038,S4,AL132020:WCSC-0W2T,sweeps/S4/S4-AL132020-WCSC-0W2T/objects/475886c2c9e31ee579758320ea8a392b793329b5def221ddbec38d8e8ec0e236,,AL132020
CAND-3039,S4,AL132020:WCSC-0W3N,sweeps/S4/S4-AL132020-WCSC-0W3N/objects/27c5e2ff5aa330a0584593192a0097d2ae6ca29a433b7d700920942a39e38fb0,,AL132020
CAND-3040,S4,AL132020:WCSC-0W4J,sweeps/S4/S4-AL132020-WCSC-0W4J/objects/7b77a1be206f248ade1c8bcd172043b5019d7f767f7c1ca480bad14b570974a6,,AL132020
CAND-3041,S4,AL132020:WCSC-0W4M,sweeps/S4/S4-AL132020-WCSC-0W4M/objects/1906c06f50774d2dd0185290d246af548afa5f146113e8dfab74852fefccb2e2,,AL132020
CAND-3042,S4,AL132020:WCSC-0W53,sweeps/S4/S4-AL132020-WCSC-0W53/objects/e8c63419fcec8ec7b0cd5dfa0d665c98611340155d80cbed00fdf8d5eb87109b,,AL132020
CAND-3043,S4,AL132020:WCSC-0W55,sweeps/S4/S4-AL132020-WCSC-0W55/objects/812aa48dea22e3f89f8af0284e2ba07e3805521d0b26cb2b612b9e010ceaeea3,,AL132020
CAND-3044,S4,AL132020:WCSC-0W5P,sweeps/S4/S4-AL132020-WCSC-0W5P/objects/ed9c2ed7fe6c7041e0da91cf60bdfbdb768471956006e964c737433ae56b0308,,AL132020
CAND-3045,S4,AL132020:WCSC-0W6S,sweeps/S4/S4-AL132020-WCSC-0W6S/objects/f6a8e9b3b8a655039bdfdbbaacdfefc8ba86b6fe7ad5f0c1d1e0743ac0f899f3,,AL132020
CAND-3046,S4,AL132020:WCSC-0W75,sweeps/S4/S4-AL132020-WCSC-0W75/objects/5503b9f1ccbc2e2a73de1ac7bb688d75b2dd61114ea377547ccae20c9b405a29,,AL132020
CAND-3047,S4,AL132020:WCSC-0W76,sweeps/S4/S4-AL132020-WCSC-0W76/objects/34e3d905c0953ee7b2a00e064adf78c732300f7660f930de3bbe561dc8a9813b,,AL132020
CAND-3048,S4,AL132020:WCSC-0W78,sweeps/S4/S4-AL132020-WCSC-0W78/objects/ad12b16baea756eb203aa1b067045c7e7a25292f7bea1eec2640396e6e2feb28,,AL132020
CAND-3049,S4,AL132020:WCSC-0W89,sweeps/S4/S4-AL132020-WCSC-0W89/objects/2b273d07bd48364972c2d20458360463ed6b057f2d0b9dc4b8d0d189e9c876a4,,AL132020
CAND-3050,S4,AL132020:WCSC-0W8V,sweeps/S4/S4-AL132020-WCSC-0W8V/objects/bdc6edf27795d95501304ad1a7b83cac351753117dfd562f7aa6f00b8556a5af,,AL132020
CAND-3051,S4,AL132020:WCSC-0W8W,sweeps/S4/S4-AL132020-WCSC-0W8W/objects/7c85d5bcde3f086de8a21783747cc51ab7c9e0c0fb0caa9e65087f61cdf50dce,,AL132020
CAND-3052,S4,AL132020:WCSC-0WF3,sweeps/S4/S4-AL132020-WCSC-0WF3/objects/12eb97dba51510abef5108c4556174b0d7cab30034e353ecaf965c12f3f1437b,,AL132020
CAND-3053,S4,AL132020:WCSC-0WG6,sweeps/S4/S4-AL132020-WCSC-0WG6/objects/a6401d9395646e7ce0b637da6e6575f904c296b20a7159f898f3b01c7832e813,,AL132020
CAND-3054,S4,AL132020:WCSC-0WH3,sweeps/S4/S4-AL132020-WCSC-0WH3/objects/45a949dbb5e213ba5d168b081a3c84464af6eb34daf51a021afb68ed22e4c474,,AL132020
CAND-3055,S4,AL132020:WCSC-0WHQ,sweeps/S4/S4-AL132020-WCSC-0WHQ/objects/7b78112975afaec449c4800a9c5486fd8bad4e49a351fbdeb1b9526615180c61,,AL132020
CAND-3056,S4,AL132020:WCSC-0WJA,sweeps/S4/S4-AL132020-WCSC-0WJA/objects/992035ad8188d3315b0fb9bee5f9da227ec10b0e68939f970ce8053f7e5e74cf,,AL132020
CAND-3057,S4,AL132020:WCSC-0WJE,sweeps/S4/S4-AL132020-WCSC-0WJE/objects/0ea1b0648cb6baebac0ebb2a7e62c22a94e439e2e3935c5ad6d241bca25b6718,,AL132020
CAND-3058,S4,AL132020:WCSC-0WKA,sweeps/S4/S4-AL132020-WCSC-0WKA/objects/03c02938b610face125a426232c4848aa22badce556d59968c524660f3dda66e,,AL132020
CAND-3059,S4,AL132020:WCSC-0WKB,sweeps/S4/S4-AL132020-WCSC-0WKB/objects/e9c67b7f24e23e97a0128f21e392ed0e9945b63bca5b8a467d2a72a2e84d8e4f,,AL132020
CAND-3060,S4,AL132020:WCSC-0WLG,sweeps/S4/S4-AL132020-WCSC-0WLG/objects/4f7593995d3f48bc1df06ea38d6db6ae4e1968d6034b85c5d2a80c537857fa0d,,AL132020
CAND-3061,S4,AL132020:WCSC-0WLH,sweeps/S4/S4-AL132020-WCSC-0WLH/objects/ec8f717e9600684c0d409212b271b98314c8997011a2550ae1b9781c88fa534a,,AL132020
CAND-3062,S4,AL132020:WCSC-0WLJ,sweeps/S4/S4-AL132020-WCSC-0WLJ/objects/81410004767f073962a6b967c0656518bcb4618c4f2771c9322a8ef9efe3189a,,AL132020
CAND-3063,S4,AL132020:WCSC-0WMA,sweeps/S4/S4-AL132020-WCSC-0WMA/objects/6d28ece1e2b2185a2e0630d7b7c42f4f7fcd7aeb05573c5ba9648eb7c590af91,,AL132020
CAND-3064,S4,AL132020:WCSC-0WME,sweeps/S4/S4-AL132020-WCSC-0WME/objects/60d97a81dd7b415866a2b22dbb6c8a1456b8dd4b1615d3b20a5604a1c80bb6ec,,AL132020
CAND-3065,S4,AL132020:WCSC-0WMU,sweeps/S4/S4-AL132020-WCSC-0WMU/objects/2fe70a746d00fea38488ec669f9a7f9d84e18ab91d0e12226469dc76050380dc,,AL132020
CAND-3066,S4,AL132020:WCSC-0WMX,sweeps/S4/S4-AL132020-WCSC-0WMX/objects/40a80530f5c6fd1a69bbcd7995d1ca804346ee19feaf04e38026f67f55b2ba3f,,AL132020
CAND-3067,S4,AL132020:WCSC-0WMY,sweeps/S4/S4-AL132020-WCSC-0WMY/objects/8ebb3a774bd5b2a7b3c1942ed0ec0ae6ccf7f157e0221cdbdc4f7ecdeaa59ea8,,AL132020
CAND-3068,S4,AL132020:WCSC-0WMZ,sweeps/S4/S4-AL132020-WCSC-0WMZ/objects/fde8ae386edef684e95ad4ecb9d30a6786c010e57061275d989debf0372170ee,,AL132020
CAND-3069,S4,AL132020:WCSC-0WNB,sweeps/S4/S4-AL132020-WCSC-0WNB/objects/ebc4ba617a621cf7945e698cfbf06fe3f606cc5ad0efd231301dd2a57dd8c4b5,,AL132020
CAND-3070,S4,AL132020:WCSC-0WNE,sweeps/S4/S4-AL132020-WCSC-0WNE/objects/1dfbf68d9dded4e666d8a2f39ac4a29f12228f0aca42c8880d29c4e826c60b94,,AL132020
CAND-3071,S4,AL132020:WCSC-0WNF,sweeps/S4/S4-AL132020-WCSC-0WNF/objects/5eca986790f32b27abcf935414b2ffdfaab3aa2646f830e2e68a687e8797d41d,,AL132020
CAND-3072,S4,AL132020:WCSC-0WNN,sweeps/S4/S4-AL132020-WCSC-0WNN/objects/c59bf25ac65ea94e84f67d797b172f633c37f7375f0bf2ae8a9a6df364706b8e,,AL132020
CAND-3073,S4,AL132020:WCSC-0WNP,sweeps/S4/S4-AL132020-WCSC-0WNP/objects/c3dbd331e925c5fc901778c33ca67cc843aa142a16e0686b7bc84072e7762eb9,,AL132020
CAND-3074,S4,AL132020:WCSC-0WNQ,sweeps/S4/S4-AL132020-WCSC-0WNQ/objects/67db812daef6caecf92d6978985526eec9749645331020bdf0d5754ab4069e43,,AL132020
CAND-3075,S4,AL132020:WCSC-0WNZ,sweeps/S4/S4-AL132020-WCSC-0WNZ/objects/04efef9388494d80b789ca961ee8473a4bbcddc785406cb3a63dbb4103247718,,AL132020
CAND-3076,S4,AL132020:WCSC-0WP7,sweeps/S4/S4-AL132020-WCSC-0WP7/objects/85e0fa57e7009a5ed2ec1989c46d9dfcee3cf71bf2bd18f29b1f2ea2d27806c1,,AL132020
CAND-3077,S4,AL132020:WCSC-0WP9,sweeps/S4/S4-AL132020-WCSC-0WP9/objects/bfc2a92b6453799be94ec5abe4e6caa797379c3320254139c0e297155cb62a30,,AL132020
CAND-3078,S4,AL132020:WCSC-0WPA,sweeps/S4/S4-AL132020-WCSC-0WPA/objects/9a3781ebc780a257f46343430410678ff673a20933b3391bb2a7fff2704e9a32,,AL132020
CAND-3079,S4,AL132020:WCSC-0WPT,sweeps/S4/S4-AL132020-WCSC-0WPT/objects/0dce0a5e9412336feddacd091324cb52632527f7ca39ea8596ead20c23d63a36,,AL132020
CAND-3080,S4,AL132020:WCSC-0WRF,sweeps/S4/S4-AL132020-WCSC-0WRF/objects/82683523c134ef5c03829984a38f9322f5ab3e39d8c85ed704ca9793ae3d0815,,AL132020
CAND-3081,S4,AL132020:WCSC-0WRG,sweeps/S4/S4-AL132020-WCSC-0WRG/objects/443e41d3e2bc40a927aa86d86a9e9832065a02330db6ad677dd87a0f638a9cd4,,AL132020
CAND-3082,S4,AL132020:WCSC-0WRH,sweeps/S4/S4-AL132020-WCSC-0WRH/objects/9fb431c24020bcbf8305b48f926b534067f7e7e4f65cad940ebfcf52a304238b,,AL132020
CAND-3083,S4,AL132020:WCSC-0WRX,sweeps/S4/S4-AL132020-WCSC-0WRX/objects/3e3cfbcdc4d0fc21495017a6ca88bc71c92f93e63be77b332eaf5faf368a2798,,AL132020
CAND-3084,S4,AL132020:WCSC-0WS0,sweeps/S4/S4-AL132020-WCSC-0WS0/objects/6eeeaeee1600cffc2f60a69c12524b174a8484548d2c0dafa928e6ef49c561ed,,AL132020
CAND-3085,S4,AL132020:WCSC-0WT4,sweeps/S4/S4-AL132020-WCSC-0WT4/objects/018eaa4c72e8ea56926b3680bd41cd4ea43e82f965738501f883e46d97160327,,AL132020
CAND-3086,S4,AL132020:WCSC-0WTP,sweeps/S4/S4-AL132020-WCSC-0WTP/objects/2c991c2665e0d6860699bb51c832927a084ca36b5d4ea465758e93f06a24418c,,AL132020
CAND-3087,S4,AL132020:WCSC-0WU5,sweeps/S4/S4-AL132020-WCSC-0WU5/objects/318a9332b28cc519b7e8e2de5825b8fc3ff1f6daa2b11a2d557a1c06ade228d7,,AL132020
CAND-3088,S4,AL132020:WCSC-0WU7,sweeps/S4/S4-AL132020-WCSC-0WU7/objects/caf2decc849edd954c8de62afacfd426426bbaa252ec1cf75a813c741c13f814,,AL132020
CAND-3089,S4,AL132020:WCSC-0WU9,sweeps/S4/S4-AL132020-WCSC-0WU9/objects/81e97eee456886d6da951d76ce18ba9044027e3057c772d131be4d8a87e32b67,,AL132020
CAND-3090,S4,AL132020:WCSC-0WUN,sweeps/S4/S4-AL132020-WCSC-0WUN/objects/28560721514bc44f80c1f2b46c1d1db579e1b7e41f96b5fe88f265940c36355b,,AL132020
CAND-3091,S4,AL132020:WCSC-0WUP,sweeps/S4/S4-AL132020-WCSC-0WUP/objects/dd0451980463da7cfd86fa1bc50e4189948947e7491d305c5b54d7c5d00703ff,,AL132020
CAND-3092,S4,AL132020:WCSC-0WUY,sweeps/S4/S4-AL132020-WCSC-0WUY/objects/98c0d0da3cdec535ddbe0106e4e1dac51093a6ddfaa15f86384f0801a7adfd13,,AL132020
CAND-3093,S4,AL132020:WCSC-0WV0,sweeps/S4/S4-AL132020-WCSC-0WV0/objects/edae31496ce85775321b7c4506dc9eed871921f5d9fc33448d35f84d6402b54e,,AL132020
CAND-3094,S4,AL132020:WCSC-0WV1,sweeps/S4/S4-AL132020-WCSC-0WV1/objects/06e2ecbbc75fa93c2a76f062f7c32e79f4ffd0e7a108fd98da58f3796223087e,,AL132020
CAND-3095,S4,AL132020:WCSC-0WV2,sweeps/S4/S4-AL132020-WCSC-0WV2/objects/8ab2f8273d52fba481f279d5b6e79993f7e59fcd72a60542df20dbdefd00c2a1,,AL132020
CAND-3096,S4,AL132020:WCSC-0WV3,sweeps/S4/S4-AL132020-WCSC-0WV3/objects/f7693d3b69f41c83c63db6ccaf42065065e769dcfcb77f43c27a67577527a910,,AL132020
CAND-3097,S4,AL132020:WCSC-0WV4,sweeps/S4/S4-AL132020-WCSC-0WV4/objects/cd51f77009ab228a14667794c1ad06feb10a5237b47c5c90ec5c7dda48f60fc2,,AL132020
CAND-3098,S4,AL132020:WCSC-0WV6,sweeps/S4/S4-AL132020-WCSC-0WV6/objects/e71e643fa734bf288e9607b18b703f99690d82f375ac63e0e2219afbe6f7ade8,,AL132020
CAND-3099,S4,AL132020:WCSC-0WV8,sweeps/S4/S4-AL132020-WCSC-0WV8/objects/7d56dba5abc777e718c64a7289a4019d03c0e9a7d833e031a94e31a1ab174c22,,AL132020
CAND-3100,S4,AL132020:WCSC-0WVC,sweeps/S4/S4-AL132020-WCSC-0WVC/objects/25b7f3075157a5a1492024dc3da55e680cf20a31181fb2327e597e5a27a9a7ed,,AL132020
CAND-3101,S4,AL132020:WCSC-0WVD,sweeps/S4/S4-AL132020-WCSC-0WVD/objects/632ec179436d335eb0b5c0da443595f2c650270fb54c0cde504fd29ee74f4691,,AL132020
CAND-3102,S4,AL132020:WCSC-0WW6,sweeps/S4/S4-AL132020-WCSC-0WW6/objects/5d3108be3c111070f2c1872ab233944c0c4378fc0282036c4f181f49d1169482,,AL132020
CAND-3103,S4,AL132020:WCSC-0WW9,sweeps/S4/S4-AL132020-WCSC-0WW9/objects/be8ecd4c40fffc91c824f2b02f8d533f8003b7327a93a4007684c9d4cd5b41c2,,AL132020
CAND-3104,S4,AL132020:WCSC-0WWB,sweeps/S4/S4-AL132020-WCSC-0WWB/objects/b4aec3674390e538a1b8500c83a7ac95ce594850f49ecd04870e59e5724ddd3d,,AL132020
CAND-3105,S4,AL132020:WCSC-0WWH,sweeps/S4/S4-AL132020-WCSC-0WWH/objects/5bf55c1338f81fe5d4c4bf937659a07d2873d8dadd0d18a5bc89a769ffd7af02,,AL132020
CAND-3106,S4,AL132020:WCSC-0WWK,sweeps/S4/S4-AL132020-WCSC-0WWK/objects/7f2af221fec7cce93800ca04543d49bd466b8620bd8089a0243f79d6598a8e35,,AL132020
CAND-3107,S4,AL132020:WCSC-0WWN,sweeps/S4/S4-AL132020-WCSC-0WWN/objects/ad103445d36a2d7c90683ff3a70d68fc6da8e151126bab59e06488ac184425db,,AL132020
CAND-3108,S4,AL132020:WCSC-0WWY,sweeps/S4/S4-AL132020-WCSC-0WWY/objects/b1dd9e312d53efc8a987b4042b9fc7087fe5b987e0237614b7f08f574325fe88,,AL132020
CAND-3109,S4,AL132020:WCSC-0WWZ,sweeps/S4/S4-AL132020-WCSC-0WWZ/objects/7f2e804693f6283118070c5e5f25c34d894d8b71babc3a162b7a8ed191f14cad,,AL132020
CAND-3110,S4,AL132020:WCSC-0WXF,sweeps/S4/S4-AL132020-WCSC-0WXF/objects/22db82b82d20493f49d0fb5d49fc1b4be76699bb6a31a35dfa19e497cd969586,,AL132020
CAND-3111,S4,AL132020:WCSC-0WYL,sweeps/S4/S4-AL132020-WCSC-0WYL/objects/299c435548e8dba218f3a2d6c5429efb8bc52a597fe3831503b7c10c897a8980,,AL132020
CAND-3112,S4,AL132020:WCSC-0WYP,sweeps/S4/S4-AL132020-WCSC-0WYP/objects/dbfd60fe7e858882d32f458ada3b386831fd3ac46d6afee6eb36374b79baa5cc,,AL132020
CAND-3113,S4,AL132020:WCSC-0WYQ,sweeps/S4/S4-AL132020-WCSC-0WYQ/objects/531d121c51122b3c0b90119a46f9d5d1dfbbc6383058864d6717462e26355d06,,AL132020
CAND-3114,S4,AL132020:WCSC-0WZ0,sweeps/S4/S4-AL132020-WCSC-0WZ0/objects/0e8246d29242ff90567fe9c33e048fa988034c33334783e5c6ca48b5f75d9d40,,AL132020
CAND-3115,S4,AL132020:WCSC-0WZ2,sweeps/S4/S4-AL132020-WCSC-0WZ2/objects/409d117598df83871e1c8e895a5a379d06bf866a51ae459beb78eee60874db4a,,AL132020
CAND-3116,S4,AL132020:WCSC-0WZ4,sweeps/S4/S4-AL132020-WCSC-0WZ4/objects/ddd0b8d49799d19a2aeaabaa1130c7d2944bceb3afc29ba115b3aa6b9b1128b3,,AL132020
CAND-3117,S4,AL132020:WCSC-0WZF,sweeps/S4/S4-AL132020-WCSC-0WZF/objects/371f711c1809e260f8aaddf2adc6d471f3a6455b33aee97e292f10eab09d958c,,AL132020
CAND-3118,S4,AL132020:WCSC-0WZJ,sweeps/S4/S4-AL132020-WCSC-0WZJ/objects/491401397e2e81b7f65b89b58919b51c729d101dbd5d63929a5568949e22b7b4,,AL132020
CAND-3119,S4,AL132020:WCSC-0WZM,sweeps/S4/S4-AL132020-WCSC-0WZM/objects/7e0a6d4bafbda6e85433ad94ffcf1bf62fd9405b089986a1c7a448a552c2d19e,,AL132020
CAND-3120,S4,AL132020:WCSC-0WZX,sweeps/S4/S4-AL132020-WCSC-0WZX/objects/a0afc320e0328839a2098e190e958983d58c41168ee74885f7eb0ac55aad3168,,AL132020
CAND-3121,S4,AL132020:WCSC-0X00,sweeps/S4/S4-AL132020-WCSC-0X00/objects/89d446028a74ae4392002320cec0fef0445b8ecbddb0f4c3043c5e3d0ee0824b,,AL132020
CAND-3122,S4,AL132020:WCSC-0X01,sweeps/S4/S4-AL132020-WCSC-0X01/objects/88584ca6255129ecd8ca4af8c7857601f8918620f80640e8f9308b05c81f73be,,AL132020
CAND-3123,S4,AL132020:WCSC-0X02,sweeps/S4/S4-AL132020-WCSC-0X02/objects/650580af6215c1eb223ee09d60386c41526ca95e4f68f7a78c8784691ac9c043,,AL132020
CAND-3124,S4,AL132020:WCSC-0X0F,sweeps/S4/S4-AL132020-WCSC-0X0F/objects/a2c5cc3147c51eccbda2d62756228616b19b7b196583f9219626d87c54409907,,AL132020
CAND-3125,S4,AL132020:WCSC-0X0G,sweeps/S4/S4-AL132020-WCSC-0X0G/objects/dc2d1b4025d2004576058aa1cfc4599e9093b2a3629cff21aecf0d4f27a46de8,,AL132020
CAND-3126,S4,AL132020:WCSC-0X0H,sweeps/S4/S4-AL132020-WCSC-0X0H/objects/aebb77e3e98a08c837990fee2140761695d605bdaf1937c4f4ccc4413031de20,,AL132020
CAND-3127,S4,AL132020:WCSC-0X1B,sweeps/S4/S4-AL132020-WCSC-0X1B/objects/b66aa5fb243c078469a3a8df6ac8da7b1e9e2e62b6771f772ea8f79ecedfb332,,AL132020
CAND-3128,S4,AL132020:WCSC-0X1W,sweeps/S4/S4-AL132020-WCSC-0X1W/objects/709813d6496ac6cb9c49507039dcf596973c1116b8a3e47b3a11551a9559c4bd,,AL132020
CAND-3129,S4,AL132020:WCSC-0X1X,sweeps/S4/S4-AL132020-WCSC-0X1X/objects/c57c6218e788055ebbcba62535a1660dd324003de809502d474cd6c680de5908,,AL132020
CAND-3130,S4,AL132020:WCSC-0X1Y,sweeps/S4/S4-AL132020-WCSC-0X1Y/objects/dd689330a4284b3fc566a83a38ec09f6be390088f30cfbf3f9739fa97f4e62d3,,AL132020
CAND-3131,S4,AL132020:WCSC-0X1Z,sweeps/S4/S4-AL132020-WCSC-0X1Z/objects/dfe4a513cc541743450df98716183452e82be14c3031b23cee02be030a59f2a0,,AL132020
CAND-3132,S4,AL132020:WCSC-0X27,sweeps/S4/S4-AL132020-WCSC-0X27/objects/1d91ef5fc62a04e8932cef0f9753869e812105cf904e8323e1edd2b93e2c4f32,,AL132020
CAND-3133,S4,AL132020:WCSC-0X29,sweeps/S4/S4-AL132020-WCSC-0X29/objects/a742c1c3cda6a38d12d4f00bc67d38e5305651a40e2dca903715482759b6092d,,AL132020
CAND-3134,S4,AL132020:WCSC-0X2Q,sweeps/S4/S4-AL132020-WCSC-0X2Q/objects/23adc96ecabc566c3f44646d1c6d31af2c8039b2ba29db7d5eaef9b5eaad220b,,AL132020
CAND-3135,S4,AL132020:WCSC-0X2R,sweeps/S4/S4-AL132020-WCSC-0X2R/objects/0105079a7d3ff4365a56bc296df2b1f69b619d44ea526614f913899fdfd273e6,,AL132020
CAND-3136,S4,AL132020:WCSC-0X2U,sweeps/S4/S4-AL132020-WCSC-0X2U/objects/5ffec56419e870c19baeed07ff5379bcb9b89cb8322a98a4273245be80f84d05,,AL132020
CAND-3137,S4,AL132020:WCSC-0X32,sweeps/S4/S4-AL132020-WCSC-0X32/objects/cf3094b6221f133d2b0432c9881e01fb976ce3fb0a950efd0624981f8f40c26a,,AL132020
CAND-3138,S4,AL132020:WCSC-0X58,sweeps/S4/S4-AL132020-WCSC-0X58/objects/c0aef292bab9f4066ff7fe7ac70b796976b9020787d7a21c442adfd9c76fc450,,AL132020
CAND-3139,S4,AL132020:WCSC-0X59,sweeps/S4/S4-AL132020-WCSC-0X59/objects/298a396a873aa2b89dd8bba5856d5f3466cc3207c59373fd1efec323d79854af,,AL132020
CAND-3140,S4,AL132020:WCSC-0X5S,sweeps/S4/S4-AL132020-WCSC-0X5S/objects/2f94c63c305e9d3c42031e08c5b17b8ae1f526791943862b85265a060e66e256,,AL132020
CAND-3141,S4,AL132020:WCSC-0X5T,sweeps/S4/S4-AL132020-WCSC-0X5T/objects/3c0baa7991076f90e24cd8ad5b9ef52577e375f464a95ec9c1ea9f8098f4fdb7,,AL132020
CAND-3142,S4,AL132020:WCSC-0X6A,sweeps/S4/S4-AL132020-WCSC-0X6A/objects/c05bab5d9f81d0a4356ad46c9fe6bfa379137fa7043edc74a7bacff5ed3c1761,,AL132020
CAND-3143,S4,AL132020:WCSC-0X6B,sweeps/S4/S4-AL132020-WCSC-0X6B/objects/b4e274a323938ac2b2502fa344cb2c783f7d81469ff3cb38b8d5e7fdc1d9e2ef,,AL132020
CAND-3144,S4,AL132020:WCSC-0X6C,sweeps/S4/S4-AL132020-WCSC-0X6C/objects/d021bea0e112871d3b3e27fca95a3743ae849f95c0ebaba1b1608740cfba40ac,,AL132020
CAND-3145,S4,AL132020:WCSC-0X6D,sweeps/S4/S4-AL132020-WCSC-0X6D/objects/da752653712a8baf466e080ed2987d1eed113f79a65d3890878c8677843d4f52,,AL132020
CAND-3146,S4,AL132020:WCSC-0X6E,sweeps/S4/S4-AL132020-WCSC-0X6E/objects/8bfbdc71c649307eaba680abc7cdb7c0a8d4bbb5822d1914e2867b97178177cc,,AL132020
CAND-3147,S4,AL132020:WCSC-0X6M,sweeps/S4/S4-AL132020-WCSC-0X6M/objects/d66451019f9e2d8d02089fb6548bb70c2a5075f99746a8d2aa30e5300885a98f,,AL132020
CAND-3148,S4,AL132020:WCSC-0X6N,sweeps/S4/S4-AL132020-WCSC-0X6N/objects/e999fa33cc0964f801034e21bceef69468825ad502d6fe1e99f500b068776a7b,,AL132020
CAND-3149,S4,AL132020:WCSC-0X6P,sweeps/S4/S4-AL132020-WCSC-0X6P/objects/f411a99e7c846f45efa53abdfe626929c954dbe5a059d0bba016575c15a69824,,AL132020
CAND-3150,S4,AL132020:WCSC-0X6V,sweeps/S4/S4-AL132020-WCSC-0X6V/objects/2295abf7b1efc1c527be329a13f3cd545b46d6befaf42b4e92277b1f107bae0b,,AL132020
CAND-3151,S4,AL132020:WCSC-0X75,sweeps/S4/S4-AL132020-WCSC-0X75/objects/f06c333df2316af9eeef5fab9978965e14b3751b22d78d7cab65a0d69a09e85e,,AL132020
CAND-3152,S4,AL132020:WCSC-0X76,sweeps/S4/S4-AL132020-WCSC-0X76/objects/c755268527b7a943bfea09fddf8656c2612a2e5398bb8718fc838a841f3f663f,,AL132020
CAND-3153,S4,AL132020:WCSC-0X77,sweeps/S4/S4-AL132020-WCSC-0X77/objects/7fe6f039e4f1425730bd77f332b5ca546a5dd1845ed53b86df3122eb839f1507,,AL132020
CAND-3154,S4,AL132020:WCSC-0X78,sweeps/S4/S4-AL132020-WCSC-0X78/objects/72d3d756014133e240df19e35b91d1bca81e3a6d95b91b8b05a96a816251893f,,AL132020
CAND-3155,S4,AL132020:WCSC-0X7Q,sweeps/S4/S4-AL132020-WCSC-0X7Q/objects/d2af9cf5e05eeb42edb932cb2c6b8b16785f26d36ebe70ec5897653e15db88a7,,AL132020
CAND-3156,S4,AL132020:WCSC-0X7R,sweeps/S4/S4-AL132020-WCSC-0X7R/objects/a760cb1e3e6b2952dfd502de1ea1d140d66efc68db274ab53f9b2614a9c78346,,AL132020
CAND-3157,S4,AL132020:WCSC-0X7S,sweeps/S4/S4-AL132020-WCSC-0X7S/objects/eefd122c12b7199a9d3045c42d970ce272952b3017575307064124612974cc62,,AL132020
CAND-3158,S4,AL132020:WCSC-0X8B,sweeps/S4/S4-AL132020-WCSC-0X8B/objects/5887704d031be85089e8ca9124636a9ae60c1e143afff00837d459bdd2bffcfb,,AL132020
CAND-3159,S4,AL132020:WCSC-0X8U,sweeps/S4/S4-AL132020-WCSC-0X8U/objects/ad048e47a80ea6387beddbf777c85a22d5947518b79dc6c26d82549161748d69,,AL132020
CAND-3160,S4,AL132020:WCSC-0X8W,sweeps/S4/S4-AL132020-WCSC-0X8W/objects/8c627e6a670a58b0b69f6b0d0f32a4fe520d6840432dcd0a29cfae7e261cda13,,AL132020
CAND-3161,S4,AL132020:WCSC-0X93,sweeps/S4/S4-AL132020-WCSC-0X93/objects/a4a6198dcc21d5a567b4e01a3b6c05a4b14fb474e063602de94e4889c15336c4,,AL132020
CAND-3162,S4,AL132020:WCSC-0X9A,sweeps/S4/S4-AL132020-WCSC-0X9A/objects/0dc96b4e4c1a1b1017705e2403280f9a011fc1548b191e3be7ded99ff21bce83,,AL132020
CAND-3163,S4,AL132020:WCSC-0X9B,sweeps/S4/S4-AL132020-WCSC-0X9B/objects/2f9b881692d2a107df2957e5683fbfb111635c1b637c09606f97be135734d89b,,AL132020
CAND-3164,S4,AL132020:WCSC-0X9C,sweeps/S4/S4-AL132020-WCSC-0X9C/objects/951465d5fa6bb09c74c458d3274226812c0f19765b27a2150569bef0e2cdf3f4,,AL132020
CAND-3165,S4,AL132020:WCSC-0X9D,sweeps/S4/S4-AL132020-WCSC-0X9D/objects/5d74f43a96b3b1785e28b5c6e29d0a4d30e76d1259c9b6a449aeabe572ac7974,,AL132020
CAND-3166,S4,AL132020:WCSC-0X9E,sweeps/S4/S4-AL132020-WCSC-0X9E/objects/208694ea5023a937560aa24cfb770aa2687799bf4e3bacde6e7dd7a8e937b84f,,AL132020
CAND-3167,S4,AL132020:WCSC-0X9M,sweeps/S4/S4-AL132020-WCSC-0X9M/objects/96f632ff9a3d50ef121465aad440a1db014ded276ffb41e48d7c0891b98244ea,,AL132020
CAND-3168,S4,AL132020:WCSC-0X9R,sweeps/S4/S4-AL132020-WCSC-0X9R/objects/142ab1a962def13ea1e0694f1b297fd4b0e3feca9bf0e05d6d1fe7f5bb47919b,,AL132020
CAND-3169,S4,AL132020:WCSC-0X9S,sweeps/S4/S4-AL132020-WCSC-0X9S/objects/8c3af1d0aa98f54dc7baa361634bf84f471ddaf5c3af9ff8f17575e450d475e5,,AL132020
CAND-3170,S4,AL132020:WCSC-0X9U,sweeps/S4/S4-AL132020-WCSC-0X9U/objects/a5bede05ca58adf5667d0d64fb7ff94bd87aaa1a1df5d4bfa09d10f1789da041,,AL132020
CAND-3171,S4,AL132020:WCSC-0X9X,sweeps/S4/S4-AL132020-WCSC-0X9X/objects/006f4ca7e62c27a6e0124ae532cc20833e897e5871da5711d8709df259d2bac7,,AL132020
CAND-3172,S4,AL132020:WCSC-0X9Y,sweeps/S4/S4-AL132020-WCSC-0X9Y/objects/5571d0491e00a2a251bb6a08800e4aeee613087ad4b9f008b980dffd531b163c,,AL132020
CAND-3173,S4,AL132020:WCSC-0X9Z,sweeps/S4/S4-AL132020-WCSC-0X9Z/objects/74731887262243afa415837894838e3a07234b0e00a9b360d9d8e91d697d9ac0,,AL132020
CAND-3174,S4,AL132020:WCSC-0XA0,sweeps/S4/S4-AL132020-WCSC-0XA0/objects/4e966b278e2b71fcbede76e724edb96a089a090dbc278966945ba9ddf52b3df8,,AL132020
CAND-3175,S4,AL132020:WCSC-0XA1,sweeps/S4/S4-AL132020-WCSC-0XA1/objects/27b7be0a93e6047f978283f2ec69a9e327d7d5dd000e84b0842444fb96f86bcc,,AL132020
CAND-3176,S4,AL132020:WCSC-0XAC,sweeps/S4/S4-AL132020-WCSC-0XAC/objects/029217c6260ba3fa73d905801fc27ae6a47ec7093a042ada8f8f8c9486c679f8,,AL132020
CAND-3177,S4,AL132020:WCSC-0XAD,sweeps/S4/S4-AL132020-WCSC-0XAD/objects/e6f4c03ba1614e47e8aa5205c1df0c18aad80c819a4588ba6b1eab7e116c361d,,AL132020
CAND-3178,S4,AL132020:WCSC-0XAE,sweeps/S4/S4-AL132020-WCSC-0XAE/objects/95db84b29f144a41c1ec4ffe835977a85cb6f0507f4529e77db3e373255757d2,,AL132020
CAND-3179,S4,AL132020:WCSC-0XAF,sweeps/S4/S4-AL132020-WCSC-0XAF/objects/e332bf0f548ed97c9899b108bf14b43391974005cd4b79fd4bab687ecd65eb1d,,AL132020
CAND-3180,S4,AL132020:WCSC-0XAK,sweeps/S4/S4-AL132020-WCSC-0XAK/objects/6005798a64218ae067f7512118927d24a889e80613e8473864472e4578b76547,,AL132020
CAND-3181,S4,AL132020:WCSC-0XAL,sweeps/S4/S4-AL132020-WCSC-0XAL/objects/4c14dfc8479485eb16bdb41ed49cec29e2800085bc6f54f80b44804f7480df61,,AL132020
CAND-3182,S4,AL132020:WCSC-0XAM,sweeps/S4/S4-AL132020-WCSC-0XAM/objects/36e90e051e63b378125b1bb7ef86b2df0e3e8deae542a0ce7bd5075b5fda66fb,,AL132020
CAND-3183,S4,AL132020:WCSC-0XAN,sweeps/S4/S4-AL132020-WCSC-0XAN/objects/9e129a37d142e27b4934cad0bceba0c1b0ddeb97dbf7830cdb494846de4b1d8e,,AL132020
CAND-3184,S4,AL132020:WCSC-0XAU,sweeps/S4/S4-AL132020-WCSC-0XAU/objects/f92b2a0086e00c228968eb1fb7042eb2acee3f65094e15e2c91f849da900758c,,AL132020
CAND-3185,S4,AL132020:WCSC-0XAZ,sweeps/S4/S4-AL132020-WCSC-0XAZ/objects/1b9aa5d3c0c065c607da48ba605ae345b035d7f1be98ac172fd7a1eea0c494d1,,AL132020
CAND-3186,S4,AL132020:WCSC-0XB1,sweeps/S4/S4-AL132020-WCSC-0XB1/objects/f8a58852ca9e861b5987e215f2c38697dd04c8b22bebcffa6c85aabc6ca22035,,AL132020
CAND-3187,S4,AL132020:WCSC-0XB2,sweeps/S4/S4-AL132020-WCSC-0XB2/objects/560f512754137fc396fd40d01c554660ea3485a6eeff4210e701adaacba9c322,,AL132020
CAND-3188,S4,AL132020:WCSC-0XB3,sweeps/S4/S4-AL132020-WCSC-0XB3/objects/524a066dffd50d3c05dea3a7c43fb65fc7d999e6a6e25bd864d1dc7c6f811e02,,AL132020
CAND-3189,S4,AL132020:WCSC-0XB4,sweeps/S4/S4-AL132020-WCSC-0XB4/objects/b7fb425ac072f6d9b381c9c9de4fff0d89b2cfbfd3366bcf993ffd8b27a389ee,,AL132020
CAND-3190,S4,AL132020:WCSC-0Y5U,sweeps/S4/S4-AL132020-WCSC-0Y5U/objects/227809dd9f50a0296f940f44b6ab5badaf0f4748c9116e5ff30579a1fa183939,,AL132020
CAND-3191,S4,AL132020:WCSC-0Y5W,sweeps/S4/S4-AL132020-WCSC-0Y5W/objects/9d167f9ed83eef6ce23ddf4345d129c74faeefe669b376af4f005b03d08c2a6e,,AL132020
CAND-3192,S4,AL132020:WCSC-0Y5X,sweeps/S4/S4-AL132020-WCSC-0Y5X/objects/4ea84b73c72c603633c24caa6399a2ab165fcc027daa18c528e8b23327c0552f,,AL132020
CAND-3193,S4,AL132020:WCSC-0Y5Y,sweeps/S4/S4-AL132020-WCSC-0Y5Y/objects/e71d052eee24a6e23b7fd6395306c77b1efd194ffc0d84c73f743d8c36490bc8,,AL132020
CAND-3194,S4,AL132020:WCSC-0Y9M,sweeps/S4/S4-AL132020-WCSC-0Y9M/objects/870a2bcc76a52462f1408b9e3b1ec58b892d3c2f1b89a582436d61d710dee374,,AL132020
CAND-3195,S4,AL132020:WCSC-0Y9N,sweeps/S4/S4-AL132020-WCSC-0Y9N/objects/64677591e3f9321310e78522a23fa90eb353cf7f60895d7f238616bd8754b380,,AL132020
CAND-3196,S4,AL132020:WCSC-0YA4,sweeps/S4/S4-AL132020-WCSC-0YA4/objects/f4d897e90928ac4e260f0a0806acdfcc17de4a0e7e7f7032300b1ff6aab9f39f,,AL132020
CAND-3197,S4,AL132020:WCSC-0YA5,sweeps/S4/S4-AL132020-WCSC-0YA5/objects/695ff763b16e5f64d32f127bd82eeae1adf6842d1ca7f6dc3f68e7cf497dc02d,,AL132020
CAND-3198,S4,AL132020:WCSC-0YA6,sweeps/S4/S4-AL132020-WCSC-0YA6/objects/2e2c3e5e71c074f7717d217bdaed518daadff6581c6160e77523f6ce26fac1f2,,AL132020
CAND-3199,S4,AL132020:WCSC-0YAC,sweeps/S4/S4-AL132020-WCSC-0YAC/objects/a6fa233dde4b6c00f33758bb1352883f21833bae062d788793243c9e697da06d,,AL132020
CAND-3200,S4,AL132020:WCSC-0YET,sweeps/S4/S4-AL132020-WCSC-0YET/objects/087c4bcb5b3ebed4602c076a95d9a8d728472d6663a28b3681c162d7c2c3464b,,AL132020
CAND-3201,S4,AL132020:WCSC-0YEU,sweeps/S4/S4-AL132020-WCSC-0YEU/objects/eb18547fb03b091a45262f79ff751f14b950ad4e505d9aa5f1164bf37b9661cb,,AL132020
CAND-3202,S4,AL132020:WCSC-0ZAN,sweeps/S4/S4-AL132020-WCSC-0ZAN/objects/a91dad7b42be64eb9f87a052b4e9f45bda3c2a005c96de8aed965e6212fcbbbb,,AL132020
CAND-3203,S4,AL132020:WCSC-0ZAQ,sweeps/S4/S4-AL132020-WCSC-0ZAQ/objects/668489612155e6afe9bf340378c0229a09304f521fd73aa8de105853646d88a4,,AL132020
CAND-3204,S4,AL132020:WCSC-0ZRU,sweeps/S4/S4-AL132020-WCSC-0ZRU/objects/90e21de8a86f32b20d07ce40088049605837839993284974ea5e32bab006fce2,,AL132020
CAND-3205,S4,AL132020:WCSC-0ZSB,sweeps/S4/S4-AL132020-WCSC-0ZSB/objects/be912c41fdb5cfdf4a72d5eef08d24db5ad996096cf12470555c83a27ef438b4,,AL132020
CAND-3206,S4,AL132020:WCSC-11ZX,sweeps/S4/S4-AL132020-WCSC-11ZX/objects/76e8a9252a692e551bfd8f3690a52dc8e9a55a5e0763e26bccb089e2837ece23,,AL132020
CAND-3207,S4,AL132020:WCSC-11ZY,sweeps/S4/S4-AL132020-WCSC-11ZY/objects/f24e7e697512eb22ffdfa6814d635191e1fb7c3c9fe6d485982f747456e30c13,,AL132020
CAND-3208,S4,AL132020:WCSC-120Y,sweeps/S4/S4-AL132020-WCSC-120Y/objects/a0b76de8703c89f2cec52b6dd15b0062e6454f5dfbcea4ab2cf59b3a04075d5f,,AL132020
CAND-3209,S4,AL132020:WCSC-120Z,sweeps/S4/S4-AL132020-WCSC-120Z/objects/7d6fcbf5af0c9ba9195cda717c9337b2fb9171577827a0b429f39b9200e78141,,AL132020
CAND-3210,S4,AL132020:WCSC-121L,sweeps/S4/S4-AL132020-WCSC-121L/objects/8cc585ff3a0c025cd634591169c5188d8fa7cd504bb68c6c5bdd1681a1f188f3,,AL132020
CAND-3211,S4,AL132020:WCSC-123M,sweeps/S4/S4-AL132020-WCSC-123M/objects/4231593681743abd83602ae6cb0c212608bf1d5a6e0d0246d1a7c57655c1b76b,,AL132020
CAND-3212,S4,AL132020:WCSC-123R,sweeps/S4/S4-AL132020-WCSC-123R/objects/0d328bdfe1d2774eea8ac7a975075398ba051681388a1eb01f296a26392c28b5,,AL132020
CAND-3213,S4,AL132020:WCSC-125D,sweeps/S4/S4-AL132020-WCSC-125D/objects/65cdee657a68fda7bdd5297b778f363e2bc4849f7d03cd8bee7b8212e786f603,,AL132020
CAND-3214,S4,AL132020:WCSC-125T,sweeps/S4/S4-AL132020-WCSC-125T/objects/17066dbc3fc925eb763f3d86b3f6617b3645e10ac44f18e5a858445953b5577a,,AL132020
CAND-3215,S4,AL132020:WCSC-127X,sweeps/S4/S4-AL132020-WCSC-127X/objects/67c77a10d809b2d2782925e5570ebe6030f472114e56a03e413f33186462630b,,AL132020
CAND-3216,S4,AL132020:WCSC-127Z,sweeps/S4/S4-AL132020-WCSC-127Z/objects/8c731dbc4d1a601bac893f3b6d82c9ee2a5c8dd26ee24460894b302fc09964e7,,AL132020
CAND-3217,S4,AL132020:WCSC-1285,sweeps/S4/S4-AL132020-WCSC-1285/objects/b036cab587ad5da6325bf48e2ad9e73e360f9c89b6a0f4dddbd29a42bd09eda9,,AL132020
CAND-3218,S4,AL132020:WCSC-128Z,sweeps/S4/S4-AL132020-WCSC-128Z/objects/5af9ab47921120772ae555f1bcd53ef13cab044b8367d945eed1cd353b22b458,,AL132020
CAND-3219,S4,AL142020:WCSC-0E4C,sweeps/S4/S4-AL142020-WCSC-0E4C/objects/0b55f084ab3f7a01a22b77e22a71d317cd94797fdeb2ebfeb0d61f5c7f9b8d64,,AL142020
CAND-3220,S4,AL142020:WCSC-0E4D,sweeps/S4/S4-AL142020-WCSC-0E4D/objects/91c5655da41e1722ce711bad8a71d861e7bad6922955558ac906eb9a1b3d5e35,,AL142020
CAND-3221,S4,AL142020:WCSC-0E6N,sweeps/S4/S4-AL142020-WCSC-0E6N/objects/69be2595ac4afd6b5d033250682d7e183d6028c4feaca736e351959e058ed75c,,AL142020
CAND-3222,S4,AL142020:WCSC-0EX5,sweeps/S4/S4-AL142020-WCSC-0EX5/objects/d6d03225b7705a88f2ad520d102d5d9cf3fa1b621617dc1f1be0bc546b94cbf3,,AL142020
CAND-3223,S4,AL142020:WCSC-0EZA,sweeps/S4/S4-AL142020-WCSC-0EZA/objects/bb2e5378316cc1b19bfe43deb140d4faffc4950d79d96edef5e39253811a50d9,,AL142020
CAND-3224,S4,AL142020:WCSC-0MWW,sweeps/S4/S4-AL142020-WCSC-0MWW/objects/07f2a76728505c4b30645d9ceb6ee7c373449c9eb78ff566521bd932628f1bf6,,AL142020
CAND-3225,S4,AL142020:WCSC-0N8K,sweeps/S4/S4-AL142020-WCSC-0N8K/objects/29cb3f54643910cd320dd2e3b71988da81e146a49eb799aceee8ff4ef0011b47,,AL142020
CAND-3226,S4,AL142020:WCSC-0NE2,sweeps/S4/S4-AL142020-WCSC-0NE2/objects/c7ed209010e63af14c83bbd40a27545a9de578bbc0dd3078233d9f9bfbad36be,,AL142020
CAND-3227,S4,AL142020:WCSC-0NE3,sweeps/S4/S4-AL142020-WCSC-0NE3/objects/19f0dcce093c9b804e118b13084f2de9df067895e75490f53561239d7f861256,,AL142020
CAND-3228,S4,AL142020:WCSC-0NPA,sweeps/S4/S4-AL142020-WCSC-0NPA/objects/6bc2d5c5e7f58fc82238bcfec1b2c6ace58abfa6c1cf951efb4ef9fa92767b0a,,AL142020
CAND-3229,S4,AL142020:WCSC-0NPC,sweeps/S4/S4-AL142020-WCSC-0NPC/objects/36afde0afac18e4b0a279cfd676fd2078f1091e8e4e974643fdfa1c16dee1b50,,AL142020
CAND-3230,S4,AL142020:WCSC-0PJ1,sweeps/S4/S4-AL142020-WCSC-0PJ1/objects/1b9aed5cf1d6d9c814fa30308e2a7f7771a8f67ef073cd98783972d23f64397d,,AL142020
CAND-3231,S4,AL142020:WCSC-0PNQ,sweeps/S4/S4-AL142020-WCSC-0PNQ/objects/342ec264deb5d3156ff91b811bcd39e585a2d77a78dd018d4b49d0b69c3bfb72,,AL142020
CAND-3232,S4,AL142020:WCSC-0Q0R,sweeps/S4/S4-AL142020-WCSC-0Q0R/objects/f9f97d63defb496a631adbb355b5413619ec54f9780c62864f6b72d7215d9837,,AL142020
CAND-3233,S4,AL142020:WCSC-0Q0S,sweeps/S4/S4-AL142020-WCSC-0Q0S/objects/53305007562a6cb044615adcc236721bd24db945f98c2983ffacfbc0b1182471,,AL142020
CAND-3234,S4,AL142020:WCSC-0Q0X,sweeps/S4/S4-AL142020-WCSC-0Q0X/objects/95ce4cc978bcf5c5581f84aaf407fe01b16274470bcc24a6d6337dd8220b4db4,,AL142020
CAND-3235,S4,AL142020:WCSC-0Q0Y,sweeps/S4/S4-AL142020-WCSC-0Q0Y/objects/a7ab05b4d6df12ee5ab4f5a67e5c459c2464c13482a01a23443693cdf7feb728,,AL142020
CAND-3236,S4,AL142020:WCSC-0Q0Z,sweeps/S4/S4-AL142020-WCSC-0Q0Z/objects/1721b6da01477c69490394b397c44843609bd2b34b28d8cb84408d579f96f89b,,AL142020
CAND-3237,S4,AL142020:WCSC-0Q11,sweeps/S4/S4-AL142020-WCSC-0Q11/objects/78ae283f7785eab84af404d1c621c3f60dd9aa0a42f739d3a96eb2f578aa7699,,AL142020
CAND-3238,S4,AL142020:WCSC-0Q13,sweeps/S4/S4-AL142020-WCSC-0Q13/objects/0f1d652c4ea50857d26dacaadc4b0ef1063c9350574ec3827524992c90e504f3,,AL142020
CAND-3239,S4,AL142020:WCSC-0Q15,sweeps/S4/S4-AL142020-WCSC-0Q15/objects/839b01f315e1ae350af28aa7d43fbd9d4ff8bc77fda516d0eded2273217eec76,,AL142020
CAND-3240,S4,AL142020:WCSC-0Q1C,sweeps/S4/S4-AL142020-WCSC-0Q1C/objects/9e6126b55b4aa5e787e42d4b92a26f7f189df31507ea673a7efd06a228217345,,AL142020
CAND-3241,S4,AL142020:WCSC-0Q1D,sweeps/S4/S4-AL142020-WCSC-0Q1D/objects/d870e83576ca2af4a3237791cc712a74b6ba58671f7fc6046ab926cc9387bc78,,AL142020
CAND-3242,S4,AL142020:WCSC-0Q1E,sweeps/S4/S4-AL142020-WCSC-0Q1E/objects/2a80fa43969fda5133a9224206ddcaa745d788629073a22d07bc2153e972d925,,AL142020
CAND-3243,S4,AL142020:WCSC-0Q1F,sweeps/S4/S4-AL142020-WCSC-0Q1F/objects/94366831b30a32fc097414efae5263ac3da0d619fe5c7bd68e0a79d3225b81e1,,AL142020
CAND-3244,S4,AL142020:WCSC-0Q1K,sweeps/S4/S4-AL142020-WCSC-0Q1K/objects/52a8292b29991c1103ee7f5cf32682d730a5ef490d557763e8be36676278dd03,,AL142020
CAND-3245,S4,AL142020:WCSC-0Q1M,sweeps/S4/S4-AL142020-WCSC-0Q1M/objects/bc71b4835e5e450b07d2dee4632005563f6ddd8890a1a23aba95e6078f72bdea,,AL142020
CAND-3246,S4,AL142020:WCSC-0Q1N,sweeps/S4/S4-AL142020-WCSC-0Q1N/objects/5fa75edd8ecff67392d952d2b44f12038556894e343b758350ce53bdcda512f2,,AL142020
CAND-3247,S4,AL142020:WCSC-0Q1P,sweeps/S4/S4-AL142020-WCSC-0Q1P/objects/48dddb86e3d847bd586a1334029558ad8bd449bb2f02944cede42ef582d6cc2d,,AL142020
CAND-3248,S4,AL142020:WCSC-0Q1R,sweeps/S4/S4-AL142020-WCSC-0Q1R/objects/887b592d558ce0a28f0c517122b53b564a87a740598c16c8388d8452a37a6dcc,,AL142020
CAND-3249,S4,AL142020:WCSC-0Q1S,sweeps/S4/S4-AL142020-WCSC-0Q1S/objects/eb739dc10e99f55eb50c3ae5eed32c6b9b81f358a84b05e761fa0591ba84d0fb,,AL142020
CAND-3250,S4,AL142020:WCSC-0Q1V,sweeps/S4/S4-AL142020-WCSC-0Q1V/objects/b1054340ea5f652eec98fe11d19a9c68edce9c7f908ff38d6bf41cf6bc68aba0,,AL142020
CAND-3251,S4,AL142020:WCSC-0Q1W,sweeps/S4/S4-AL142020-WCSC-0Q1W/objects/91558eb2a6a55bca40dcaa770231b1481886a201bfa1b76589fa35f1447677f1,,AL142020
CAND-3252,S4,AL142020:WCSC-0Q1Y,sweeps/S4/S4-AL142020-WCSC-0Q1Y/objects/c8236b9f537d24b216f234e41706e1b06157c9a888629be74d55bc08197c446c,,AL142020
CAND-3253,S4,AL142020:WCSC-0Q1Z,sweeps/S4/S4-AL142020-WCSC-0Q1Z/objects/3aaeab46374e4a3c435dbe6df33f0d24ac3bb5f6dac36d7098aadbf1ca537888,,AL142020
CAND-3254,S4,AL142020:WCSC-0Q20,sweeps/S4/S4-AL142020-WCSC-0Q20/objects/6e204ee20854bc2f2d7dc010ce09e22fdb4c2d09495655dfc20b6563782f9263,,AL142020
CAND-3255,S4,AL142020:WCSC-0Q26,sweeps/S4/S4-AL142020-WCSC-0Q26/objects/b96047bfb105b7cdc20c7fcf22ab40d7bbb51cade2601cd44b52cb9c2d3becb4,,AL142020
CAND-3256,S4,AL142020:WCSC-0Q27,sweeps/S4/S4-AL142020-WCSC-0Q27/objects/f4253aafc4786c74546fcd913ead59dfe40bb2523cb45ba59f142528b29b657e,,AL142020
CAND-3257,S4,AL142020:WCSC-0QAJ,sweeps/S4/S4-AL142020-WCSC-0QAJ/objects/068ccafcb92bfbcab527fd2e39b1c15cb8f8fadf4790fc311ddac8fa0fa26f34,,AL142020
CAND-3258,S4,AL142020:WCSC-0QAK,sweeps/S4/S4-AL142020-WCSC-0QAK/objects/7b550512e1690d6c43d780093db2bba105ab2c99588aabbe4303325d1617d105,,AL142020
CAND-3259,S4,AL142020:WCSC-0QBU,sweeps/S4/S4-AL142020-WCSC-0QBU/objects/cf8da12fbfff19eb9e3ab30db50eb9c94bbdda79337df326c8b6f0752d1161fa,,AL142020
CAND-3260,S4,AL142020:WCSC-0QC2,sweeps/S4/S4-AL142020-WCSC-0QC2/objects/81f8841a7f2f4f92a8be98c96dacb92f961faaa14fba68fe074526f7bd202bc4,,AL142020
CAND-3261,S4,AL142020:WCSC-0QC3,sweeps/S4/S4-AL142020-WCSC-0QC3/objects/cfc49fe52e570b328d822f116f6d6fb777f9f72dae9c83eebd2ad1d1dcfdb139,,AL142020
CAND-3262,S4,AL142020:WCSC-0QGK,sweeps/S4/S4-AL142020-WCSC-0QGK/objects/e3c2b763804168a7109490d77518a70ff10ee15ffce1b8fb9a7b3e049e0aad8a,,AL142020
CAND-3263,S4,AL142020:WCSC-0QLR,sweeps/S4/S4-AL142020-WCSC-0QLR/objects/e65a4c54b08fecadb19f3440b99acf0ed80d89dbd36db4301bc806f977a824f6,,AL142020
CAND-3264,S4,AL142020:WCSC-0QWQ,sweeps/S4/S4-AL142020-WCSC-0QWQ/objects/dbd8f5c9e12e087fde2772b45a2931a5a316531ba2c6585d13a5857eb25b1c57,,AL142020
CAND-3265,S4,AL142020:WCSC-0QZX,sweeps/S4/S4-AL142020-WCSC-0QZX/objects/8e6cef14bb8d1e2da72ce67fa66d93a6d3151f8af202f5f2b925f3472d7b2a22,,AL142020
CAND-3266,S4,AL142020:WCSC-0R0Z,sweeps/S4/S4-AL142020-WCSC-0R0Z/objects/4b6a0aa2372a52288b37d61d257310175437596488b8f1e6ee5e2f816514f0d7,,AL142020
CAND-3267,S4,AL142020:WCSC-0RLM,sweeps/S4/S4-AL142020-WCSC-0RLM/objects/bd1af2c1b059ab06c61c7c20a42e580992d5db304668e38d5f02b450c432389a,,AL142020
CAND-3268,S4,AL142020:WCSC-0RLY,sweeps/S4/S4-AL142020-WCSC-0RLY/objects/42fd43dff4f4f1de78968e834bd1eb1277dc31338630ce1d8bda5c51cf0a7888,,AL142020
CAND-3269,S4,AL142020:WCSC-0RLZ,sweeps/S4/S4-AL142020-WCSC-0RLZ/objects/cab8ba569e87df6f14dc65f94d27fd96a036cfa951e81e778d30c2b3e1d99017,,AL142020
CAND-3270,S4,AL142020:WCSC-0RM3,sweeps/S4/S4-AL142020-WCSC-0RM3/objects/d169557b462a22cfa24f83a873fae7f61fe4d16656a539b4e77cb11aa3faf3fa,,AL142020
CAND-3271,S4,AL142020:WCSC-0RM7,sweeps/S4/S4-AL142020-WCSC-0RM7/objects/4f43e363b681b1ff544c9b10246ce7bc337651a10a730ae1a2a1dcfef39f21e4,,AL142020
CAND-3272,S4,AL142020:WCSC-0RM9,sweeps/S4/S4-AL142020-WCSC-0RM9/objects/39e895b58b443713a5e1981ed931462e89332e665bf8c654f6bfb605439be8ca,,AL142020
CAND-3273,S4,AL142020:WCSC-0S97,sweeps/S4/S4-AL142020-WCSC-0S97/objects/7610ae2e6c6efc98678f3c1e600114e5aa37875c4dc3c16029de02811dd6f450,,AL142020
CAND-3274,S4,AL142020:WCSC-0S9Y,sweeps/S4/S4-AL142020-WCSC-0S9Y/objects/a741f0a35dd9d284fc6b532a49c20e5ea8243ef288aad42b43bf68a00699dc7e,,AL142020
CAND-3275,S4,AL142020:WCSC-0SEN,sweeps/S4/S4-AL142020-WCSC-0SEN/objects/e7a678c9aad01df85352f2c2890bfd8bf8dbd6afaeffb9b5e902b65cc2683c02,,AL142020
CAND-3276,S4,AL142020:WCSC-0SEQ,sweeps/S4/S4-AL142020-WCSC-0SEQ/objects/31dfbb7fa6568ed6e01690ac03251dfe0f50d30fb89cf511f6d89e7138c23afc,,AL142020
CAND-3277,S4,AL142020:WCSC-0TLU,sweeps/S4/S4-AL142020-WCSC-0TLU/objects/e76e761e39c4b6a0f74a4555f410501133a89522e678fb43fdc343a3c0a37f0f,,AL142020
CAND-3278,S4,AL142020:WCSC-0TLV,sweeps/S4/S4-AL142020-WCSC-0TLV/objects/0c465e70a58e4ada22957011fdddc9eb8c01365b3a36ac465375fb4aa0cebf58,,AL142020
CAND-3279,S4,AL142020:WCSC-0TYL,sweeps/S4/S4-AL142020-WCSC-0TYL/objects/ee853084780ae699340e20b4e3ad161595186cd4d3b2b16b4fa7fdb3b9b19e3a,,AL142020
CAND-3280,S4,AL142020:WCSC-0U22,sweeps/S4/S4-AL142020-WCSC-0U22/objects/0cf91009e22d9652547eddb665431b87a0ba8d0ded3c68495a1d4b389e646692,,AL142020
CAND-3281,S4,AL142020:WCSC-0WUH,sweeps/S4/S4-AL142020-WCSC-0WUH/objects/d698ed8233dffb02e61456ee24788cd00fc29ef59c6ce0a26b1c9de2027a7b2b,,AL142020
CAND-3282,S4,AL142020:WCSC-0WUS,sweeps/S4/S4-AL142020-WCSC-0WUS/objects/8f8105e64eca4e16777c0d66139176b0c37788791cb6dd3e7ff0766bd1436eee,,AL142020
CAND-3283,S4,AL142020:WCSC-0WUT,sweeps/S4/S4-AL142020-WCSC-0WUT/objects/9873711bce6fb2eb8ef8e3a2d259899b4959a517f55875fa885f22dd4750a8bc,,AL142020
CAND-3284,S4,AL142020:WCSC-0WUU,sweeps/S4/S4-AL142020-WCSC-0WUU/objects/1e1aae17e81f3ef51a01e8b4c65a08eeb130fce8b76969f1d65eb88f363c5fae,,AL142020
CAND-3285,S4,AL142020:WCSC-0WVQ,sweeps/S4/S4-AL142020-WCSC-0WVQ/objects/c2b13e4564f9c30ef8f71cc8c34781a795426e7d3899c13f277f4783b9f31bda,,AL142020
CAND-3286,S4,AL142020:WCSC-0WVV,sweeps/S4/S4-AL142020-WCSC-0WVV/objects/eb98826b95942a0fe427b7b363422b2d4c9b6dfc97beed8394943436c22b079c,,AL142020
CAND-3287,S4,AL142020:WCSC-0WVW,sweeps/S4/S4-AL142020-WCSC-0WVW/objects/7ac7b3c050b56f1931de82ced9ec7e4312a29c43b561e712ed1d0c2934996007,,AL142020
CAND-3288,S4,AL142020:WCSC-0WVX,sweeps/S4/S4-AL142020-WCSC-0WVX/objects/8e6ad3428856f18d2680276cc0d6e620b873bf6081a57e85196b078fb57f8ada,,AL142020
CAND-3289,S4,AL142020:WCSC-0WW0,sweeps/S4/S4-AL142020-WCSC-0WW0/objects/be6558944c13a5efa103a58815d950866d5aa2b2eac51439d7e83a27d4776e48,,AL142020
CAND-3290,S4,AL142020:WCSC-0WW2,sweeps/S4/S4-AL142020-WCSC-0WW2/objects/e0ca524406a8cb5825d9e858e066928233a65d9876fc496d6383e31f024ea51d,,AL142020
CAND-3291,S4,AL142020:WCSC-0WW5,sweeps/S4/S4-AL142020-WCSC-0WW5/objects/b262dd3b3f34061b826e44ea6daf5f866b82af070a7f198ead8c2b1d1438d6d0,,AL142020
CAND-3292,S4,AL142020:WCSC-0WWT,sweeps/S4/S4-AL142020-WCSC-0WWT/objects/19b4b5d3f6d143452481841ae891b79b8f273c7ecaf050d88abf24c1123bd5ec,,AL142020
CAND-3293,S4,AL142020:WCSC-0WWV,sweeps/S4/S4-AL142020-WCSC-0WWV/objects/3a09079f257a6fa45919ab8588579952a9740ca9fefb419b2b57df49c48ad535,,AL142020
CAND-3294,S4,AL142020:WCSC-0WWW,sweeps/S4/S4-AL142020-WCSC-0WWW/objects/63ebf59809b24c0a4828f45e541770915ab95e7e74ece9d0b52907051deecaae,,AL142020
CAND-3295,S4,AL142020:WCSC-0WXJ,sweeps/S4/S4-AL142020-WCSC-0WXJ/objects/b7c6c85bdfbed0b809c8ae75303bc70f0a2b8a7744986795ed227940c5792ae4,,AL142020
CAND-3296,S4,AL142020:WCSC-0WXK,sweeps/S4/S4-AL142020-WCSC-0WXK/objects/f1d91eaa16a301e740c3872832d0aacb3d8952038aef4eeb69aba3f91b706be5,,AL142020
CAND-3297,S4,AL142020:WCSC-0WXL,sweeps/S4/S4-AL142020-WCSC-0WXL/objects/bfb6893d7c114f9a628ef1cec8c5be7a2bf8c9177bfb7e59600705db2722f8f4,,AL142020
CAND-3298,S4,AL142020:WCSC-0WXM,sweeps/S4/S4-AL142020-WCSC-0WXM/objects/004a059e9f6256ece38be3959c75bc900902307bd002dbb1b062c62a6517830d,,AL142020
CAND-3299,S4,AL142020:WCSC-0WXQ,sweeps/S4/S4-AL142020-WCSC-0WXQ/objects/90733bcc943ad81915b39afba1be804a46ff79dda0a188b9da55d6bcb09b7982,,AL142020
CAND-3300,S4,AL142020:WCSC-0WXR,sweeps/S4/S4-AL142020-WCSC-0WXR/objects/06c6c26afa2645821e082cb3a3b3405f276ebba4b4ec49c809909eb4e8fce1a4,,AL142020
CAND-3301,S4,AL142020:WCSC-0WY2,sweeps/S4/S4-AL142020-WCSC-0WY2/objects/1cb96d7f21d7ed412f9f9e95408f4a97019033a89eca8111766eb636c4a05606,,AL142020
CAND-3302,S4,AL142020:WCSC-0WY5,sweeps/S4/S4-AL142020-WCSC-0WY5/objects/2e4ec25ef32f00a09f87918cacc2ddc39f3ea4c62a60410f54483bdc0c479daa,,AL142020
CAND-3303,S4,AL142020:WCSC-0WY6,sweeps/S4/S4-AL142020-WCSC-0WY6/objects/f69dfee42c0fd6b6809521e6e317a3c1e93af8b527a53111fdf68084d588125b,,AL142020
CAND-3304,S4,AL142020:WCSC-0WYG,sweeps/S4/S4-AL142020-WCSC-0WYG/objects/3e54d01d27dbd0a1e99feba4851193a1f1462a76680951aac7c4e62d6a9871cf,,AL142020
CAND-3305,S4,AL142020:WCSC-0WYH,sweeps/S4/S4-AL142020-WCSC-0WYH/objects/a43be443109d558d5f2783fff0fe0ff29c1875001dcc287fcda30c095ef425e8,,AL142020
CAND-3306,S4,AL142020:WCSC-0WYJ,sweeps/S4/S4-AL142020-WCSC-0WYJ/objects/a5e6eee5450074c309837fc05b1e54663ba24666e22dfc76676d220dddfce99a,,AL142020
CAND-3307,S4,AL142020:WCSC-0WYK,sweeps/S4/S4-AL142020-WCSC-0WYK/objects/8efd31d5a47a7a63ec0687c874d8dc9f82197da90836249096b7664cb66b3e23,,AL142020
CAND-3308,S4,AL142020:WCSC-0WYR,sweeps/S4/S4-AL142020-WCSC-0WYR/objects/5bf5ef1821a74f241d4696f5f24e99174888d8674201811248967e4bc278b188,,AL142020
CAND-3309,S4,AL142020:WCSC-0WYZ,sweeps/S4/S4-AL142020-WCSC-0WYZ/objects/ccc0c56ab238b113f63bd7b30596aaa8477fd75fc59164f29ada05eff1ad0317,,AL142020
CAND-3310,S4,AL142020:WCSC-0WZ7,sweeps/S4/S4-AL142020-WCSC-0WZ7/objects/3be4dae838e1e4fab7fdc662cfc0e2822eefb90cfe2a2435c1c30032677437e4,,AL142020
CAND-3311,S4,AL142020:WCSC-0WZB,sweeps/S4/S4-AL142020-WCSC-0WZB/objects/10e2884b2139c4996910491d3c7265c0b59eff00ece310f6560eaccdf2f9ce1f,,AL142020
CAND-3312,S4,AL142020:WCSC-0WZT,sweeps/S4/S4-AL142020-WCSC-0WZT/objects/9c0553f4045e9cc457fe40aeb8d9ed80ed4d04f71038d66118b551b174131a6d,,AL142020
CAND-3313,S4,AL142020:WCSC-0WZV,sweeps/S4/S4-AL142020-WCSC-0WZV/objects/7b536b3da2432ddd660185f10fa09e80c4f4caa8a5a359b52cdc47b509fb32c2,,AL142020
CAND-3314,S4,AL142020:WCSC-0X0B,sweeps/S4/S4-AL142020-WCSC-0X0B/objects/0f38f31a78fa83a5ec6e734a4ee65f3dc06aa33e66ac4a76adbd33c436342409,,AL142020
CAND-3315,S4,AL142020:WCSC-0X0S,sweeps/S4/S4-AL142020-WCSC-0X0S/objects/d13885b6e098f3dcc96e3a35841891666edcfd72cceda9b0966f6032a350369d,,AL142020
CAND-3316,S4,AL142020:WCSC-0X18,sweeps/S4/S4-AL142020-WCSC-0X18/objects/fdc50b41b71ff89f0c275c2e6e7f99b4f9e789145bdd72bf3c580acaf9d87906,,AL142020
CAND-3317,S4,AL142020:WCSC-0X20,sweeps/S4/S4-AL142020-WCSC-0X20/objects/4bcc7149a420d203300d0cc41952f29c117a89badc9727703f146a34ea862a4c,,AL142020
CAND-3318,S4,AL142020:WCSC-0X2K,sweeps/S4/S4-AL142020-WCSC-0X2K/objects/d236b2f0210bc87da4f5cfc2634a8b810c3068939f294a9e4e1c24f0c4485698,,AL142020
CAND-3319,S4,AL142020:WCSC-0X2L,sweeps/S4/S4-AL142020-WCSC-0X2L/objects/2160ec264c1af7bfeb99e3c2444f889d0a8a0b16a2109ab187b78537907e9d07,,AL142020
CAND-3320,S4,AL142020:WCSC-0X2M,sweeps/S4/S4-AL142020-WCSC-0X2M/objects/b7b2e7880f47850f8bd63bf842dfcbd33e8631929d417b55b727a935774791b2,,AL142020
CAND-3321,S4,AL142020:WCSC-0X5U,sweeps/S4/S4-AL142020-WCSC-0X5U/objects/e795c6a4db592f629c5b9aa9eae4682f01f39f7940c144fcfdbbab2e8e5d3641,,AL142020
CAND-3322,S4,AL142020:WCSC-0X62,sweeps/S4/S4-AL142020-WCSC-0X62/objects/21b6a6d564ba7f70b207cc356c679c2eca661c058f77f3c63606dc62e99b06b5,,AL142020
CAND-3323,S4,AL142020:WCSC-0X64,sweeps/S4/S4-AL142020-WCSC-0X64/objects/126c8af37df364c9f7ed9a7af18039f5ac3cb8694a592bd4924976e7414ee171,,AL142020
CAND-3324,S4,AL142020:WCSC-0X6G,sweeps/S4/S4-AL142020-WCSC-0X6G/objects/15fd6b87944a4d57ac0d81ba03d375b1085b81e3137f32b2bf7af0dad8fa7837,,AL142020
CAND-3325,S4,AL142020:WCSC-0X6H,sweeps/S4/S4-AL142020-WCSC-0X6H/objects/523844f5b139636169c1dc7dae916ac73fbac0abbefffc8ec24baec98ef79e6c,,AL142020
CAND-3326,S4,AL142020:WCSC-0X6J,sweeps/S4/S4-AL142020-WCSC-0X6J/objects/c1551783a34a0d32bf0341a8c7c76ccd61ac34c9443ba096a614bb86aedca28d,,AL142020
CAND-3327,S4,AL142020:WCSC-0X6K,sweeps/S4/S4-AL142020-WCSC-0X6K/objects/dd0c050affa5c950a2e99c177ba9bbf1e64b36bdf885ec8ae957a65206ce6e92,,AL142020
CAND-3328,S4,AL142020:WCSC-0X6L,sweeps/S4/S4-AL142020-WCSC-0X6L/objects/220e35cce75152ebdca613e6eaa77136a74d4c306dedc5f4623e86d963b760ce,,AL142020
CAND-3329,S4,AL142020:WCSC-0X7G,sweeps/S4/S4-AL142020-WCSC-0X7G/objects/c3e851641d4aa6b3bff5b5a0e2f4f5320a91241ed0b97ae5708c8ed81c02b800,,AL142020
CAND-3330,S4,AL142020:WCSC-0X7L,sweeps/S4/S4-AL142020-WCSC-0X7L/objects/0d874cbe5b119c7e13504ca9b3c06b115da93f4258d4cc6f917475707d02a893,,AL142020
CAND-3331,S4,AL142020:WCSC-0X7M,sweeps/S4/S4-AL142020-WCSC-0X7M/objects/e457338fd479ce9a7891adb79c8629c10979c1201498616f0523c2521da782fe,,AL142020
CAND-3332,S4,AL142020:WCSC-0X7N,sweeps/S4/S4-AL142020-WCSC-0X7N/objects/be54e4b568c59017e424440624926d37db3bba09ad29f25fc125a1d59972c010,,AL142020
CAND-3333,S4,AL142020:WCSC-0X84,sweeps/S4/S4-AL142020-WCSC-0X84/objects/91d22e981514ce453db0ece7ccebf68205e13c5de9650a7822712dbce8cd8603,,AL142020
CAND-3334,S4,AL142020:WCSC-0X8T,sweeps/S4/S4-AL142020-WCSC-0X8T/objects/35b9dab0e948440ebc027d30f5d8d489e0f25befd66c5abd6b108edb8a047fe2,,AL142020
CAND-3335,S4,AL142020:WCSC-0YCU,sweeps/S4/S4-AL142020-WCSC-0YCU/objects/fd357f807fdd2f49a058165c4894a16c3f53c13e4bfbaa7d5e6338f28014a019,,AL142020
CAND-3336,S4,AL142020:WCSC-0YF8,sweeps/S4/S4-AL142020-WCSC-0YF8/objects/53c5b5d1558ce2b820af903611a9b895867991b9dc4b2f759fc24bb4adae0374,,AL142020
CAND-3337,S4,AL142020:WCSC-0YPD,sweeps/S4/S4-AL142020-WCSC-0YPD/objects/e0101291f5e92f2ef863e4cf3cbf34d3247505c514e574833c6c89262357a073,,AL142020
CAND-3338,S4,AL142020:WCSC-0YSK,sweeps/S4/S4-AL142020-WCSC-0YSK/objects/9503af89ec874ff2ff31adc7a4754a2cb95004dd26b538fb6b0452f603e58412,,AL142020
CAND-3339,S4,AL142020:WCSC-0YSP,sweeps/S4/S4-AL142020-WCSC-0YSP/objects/b2f30b30dea93f19d063569641d2f81d30bc00c334c32d4500965f6d384f4fe8,,AL142020
CAND-3340,S4,AL142020:WCSC-0YST,sweeps/S4/S4-AL142020-WCSC-0YST/objects/e9dea58f7059a9a3e643a0c8e93655c17311821dc2ebe80e60964b53020d5f0f,,AL142020
CAND-3341,S4,AL142020:WCSC-0Z9R,sweeps/S4/S4-AL142020-WCSC-0Z9R/objects/67c55dd964926628f8318c17406fad23a496c67527ab8b33cfe209923f67357e,,AL142020
CAND-3342,S4,AL142021:WCSC-0BDF,sweeps/S4/S4-AL142021-WCSC-0BDF/objects/17553595ae27f8fc7de7d8c89b87a0a99d4cde6189772984ae18b746a79b083b,,AL142021
CAND-3343,S4,AL142021:WCSC-0E4C,sweeps/S4/S4-AL142021-WCSC-0E4C/objects/08d69541957ed644dcb105d4b9093538df7c0ad392084d906702f790519116a2,,AL142021
CAND-3344,S4,AL142021:WCSC-0E4D,sweeps/S4/S4-AL142021-WCSC-0E4D/objects/7b0d6cc63da36be5815f2ca942baed0f6f13131d454eb5a875b2a2662eb14048,,AL142021
CAND-3345,S4,AL142021:WCSC-0E6N,sweeps/S4/S4-AL142021-WCSC-0E6N/objects/cbb6eb984144c70995c4d6244335ff50ddb959fdb3fe367cdaa978bf37802a2d,,AL142021
CAND-3346,S4,AL142021:WCSC-0EX5,sweeps/S4/S4-AL142021-WCSC-0EX5/objects/6dba34748fc09009907c13bbf9e67a0f2ba5988a31f973e23dda40010a551e22,,AL142021
CAND-3347,S4,AL142021:WCSC-0EZA,sweeps/S4/S4-AL142021-WCSC-0EZA/objects/7f9108efd47b85d62391462fd4bf4c0c064858176136a07d4ed972d9985f1087,,AL142021
CAND-3348,S4,AL142021:WCSC-0N8K,sweeps/S4/S4-AL142021-WCSC-0N8K/objects/6b3746a104cd2d81e98eff640e83ccfd1b27b055aeaf1d38e9b29e66bd9954d0,,AL142021
CAND-3349,S4,AL142021:WCSC-0NE3,sweeps/S4/S4-AL142021-WCSC-0NE3/objects/b2eee0eb43f8482de1fc441ae0d3029e4f14e36679fc49c0ae5e092c15434f52,,AL142021
CAND-3350,S4,AL142021:WCSC-0NPA,sweeps/S4/S4-AL142021-WCSC-0NPA/objects/cbab50310599efe8fd2d2cd8473b13b2ffe2c9499f160f79186fb76e0d73b152,,AL142021
CAND-3351,S4,AL142021:WCSC-0NPC,sweeps/S4/S4-AL142021-WCSC-0NPC/objects/4998700455fa9ed9c6c93e016819779690c31c59470073adcc74ebdef4201897,,AL142021
CAND-3352,S4,AL142021:WCSC-0PJ1,sweeps/S4/S4-AL142021-WCSC-0PJ1/objects/0ceb920d1dc50c0fd8b484c4498fd784762649fbf4cca9153435253eb219ae86,,AL142021
CAND-3353,S4,AL142021:WCSC-0PNQ,sweeps/S4/S4-AL142021-WCSC-0PNQ/objects/7248ca2faba2f5ba1a3669b1161bef63b3d51ce98a182938688fd08871a18b00,,AL142021
CAND-3354,S4,AL142021:WCSC-0Q0R,sweeps/S4/S4-AL142021-WCSC-0Q0R/objects/41833992a8afd3194f61aba2e60bed068a6373c81ef9045404c339dc0d734377,,AL142021
CAND-3355,S4,AL142021:WCSC-0Q0S,sweeps/S4/S4-AL142021-WCSC-0Q0S/objects/285f94e5071e3b2e9f857244e91e75a3f33fe386d0f450ca63fce07d38cdfe8f,,AL142021
CAND-3356,S4,AL142021:WCSC-0Q0X,sweeps/S4/S4-AL142021-WCSC-0Q0X/objects/1b50d7829c114d043f66b153c4f7231cd95ac69aa28e1e38d5b5121b7690f94f,,AL142021
CAND-3357,S4,AL142021:WCSC-0Q0Y,sweeps/S4/S4-AL142021-WCSC-0Q0Y/objects/c8de0b731cf07876d2f28a5bbb06e3e75d64bd088d7899b15e74cb6259150f11,,AL142021
CAND-3358,S4,AL142021:WCSC-0Q0Z,sweeps/S4/S4-AL142021-WCSC-0Q0Z/objects/09b564eaf235fb5d8aa86ff7848d41abde5878e823ee42c25aea11fed54b8bfa,,AL142021
CAND-3359,S4,AL142021:WCSC-0Q11,sweeps/S4/S4-AL142021-WCSC-0Q11/objects/dc54e16864e7f49f6bb0f1d26465043c48979e414fd3c3ee3ac9cd964e0e8cfc,,AL142021
CAND-3360,S4,AL142021:WCSC-0Q13,sweeps/S4/S4-AL142021-WCSC-0Q13/objects/4a5fffd96d337a30cde2a73bb14cdfdd6d618d0f35255067cbd93fdba956a73d,,AL142021
CAND-3361,S4,AL142021:WCSC-0Q15,sweeps/S4/S4-AL142021-WCSC-0Q15/objects/ba108a6212c4e0ee9d9b72d32b9c128f86194fdadfb03c12a02e773e437489e8,,AL142021
CAND-3362,S4,AL142021:WCSC-0Q1C,sweeps/S4/S4-AL142021-WCSC-0Q1C/objects/1c21f5290dc301b95ad7003235535640cfe75cfed28787e53c0535e2d1317581,,AL142021
CAND-3363,S4,AL142021:WCSC-0Q1D,sweeps/S4/S4-AL142021-WCSC-0Q1D/objects/9e114d0d3354bd5237a6ac81fc5dd16b7ada49a81156cb81e1bf8110b8caa642,,AL142021
CAND-3364,S4,AL142021:WCSC-0Q1E,sweeps/S4/S4-AL142021-WCSC-0Q1E/objects/635c238dcd18a6688320c57db4b43f7de826c34a7e57a65c2c182ae8ce3a1b9a,,AL142021
CAND-3365,S4,AL142021:WCSC-0Q1F,sweeps/S4/S4-AL142021-WCSC-0Q1F/objects/0c01974169dfbb9abc34e9bc3aaecee2ef99a4c733eea740c4533a0f845bbd0f,,AL142021
CAND-3366,S4,AL142021:WCSC-0Q1K,sweeps/S4/S4-AL142021-WCSC-0Q1K/objects/1f693a1314d733d2fc63514af807d8dc75a5c7673bd9f26e8dac12cb5f60308d,,AL142021
CAND-3367,S4,AL142021:WCSC-0Q1M,sweeps/S4/S4-AL142021-WCSC-0Q1M/objects/95509f3796fe33528c795272702eddc235b8e784b469b869fd9c6dadfc891ca8,,AL142021
CAND-3368,S4,AL142021:WCSC-0Q1N,sweeps/S4/S4-AL142021-WCSC-0Q1N/objects/252eb7f2d9320cf26f2f58af669247bbfc2f6123805b49b054fe504cc77e2f70,,AL142021
CAND-3369,S4,AL142021:WCSC-0Q1P,sweeps/S4/S4-AL142021-WCSC-0Q1P/objects/167dcdc6fa8718a8f3ef5b6b613e0d72a5aa8dba3d71fb80efb24229d0243ff2,,AL142021
CAND-3370,S4,AL142021:WCSC-0Q1R,sweeps/S4/S4-AL142021-WCSC-0Q1R/objects/7a8d1db8ffa788e32505f11e32182d98eb2b1131d0bc2a054fa11d42a0749316,,AL142021
CAND-3371,S4,AL142021:WCSC-0Q1S,sweeps/S4/S4-AL142021-WCSC-0Q1S/objects/c5c178fd5851382f5a9b3bf19fa51c1d17a04ed6d42b3688d43aa37f981424e5,,AL142021
CAND-3372,S4,AL142021:WCSC-0Q1V,sweeps/S4/S4-AL142021-WCSC-0Q1V/objects/5f18f484cdef7fecf4e836a50498529b87f95371607b47e3c965c728e4ba5bc7,,AL142021
CAND-3373,S4,AL142021:WCSC-0Q1W,sweeps/S4/S4-AL142021-WCSC-0Q1W/objects/55897a2d701a487076e8def42e6eb1ef501b0f412ae7f9cc624dfe60c4486bc5,,AL142021
CAND-3374,S4,AL142021:WCSC-0Q1Y,sweeps/S4/S4-AL142021-WCSC-0Q1Y/objects/8c5e40aecd0b82b1e1d1872b8be6091fcf9139850282c602dc9fde8c605ab0eb,,AL142021
CAND-3375,S4,AL142021:WCSC-0Q1Z,sweeps/S4/S4-AL142021-WCSC-0Q1Z/objects/93171534909bedfe7f05666ede626e0ebd292e4d03de1f2e0fe11d12816c8d56,,AL142021
CAND-3376,S4,AL142021:WCSC-0Q20,sweeps/S4/S4-AL142021-WCSC-0Q20/objects/d11564c7f11149ad8fc2fa681316336b906d1856f67d8dc0731ce173427d2a6c,,AL142021
CAND-3377,S4,AL142021:WCSC-0Q26,sweeps/S4/S4-AL142021-WCSC-0Q26/objects/6a923a88373933f52fa4c6810ade883f0fede81a6334d30ed567581a3526dc85,,AL142021
CAND-3378,S4,AL142021:WCSC-0Q27,sweeps/S4/S4-AL142021-WCSC-0Q27/objects/61fbcb8c598de057f8de062eba072ddc0c688b3ee12fc0f74f64a0e38b056892,,AL142021
CAND-3379,S4,AL142021:WCSC-0QAJ,sweeps/S4/S4-AL142021-WCSC-0QAJ/objects/737cba08c832465af92f080c911594d8f20725a431e1f5d694054fb90351ae38,,AL142021
CAND-3380,S4,AL142021:WCSC-0QAK,sweeps/S4/S4-AL142021-WCSC-0QAK/objects/0c77b3ab3ae7e8320a07c786d414164c73d15f29c2b9b16b6404d5332a7fcbef,,AL142021
CAND-3381,S4,AL142021:WCSC-0QBU,sweeps/S4/S4-AL142021-WCSC-0QBU/objects/5efcd301cd0c620fffd87ea8666a9f9f5a565fca977c0672ea5a0a81f3a48bff,,AL142021
CAND-3382,S4,AL142021:WCSC-0QC2,sweeps/S4/S4-AL142021-WCSC-0QC2/objects/5ffb10f779e79335ed5e003d248d71b59a555e487773a7210992b21d2a64d6bb,,AL142021
CAND-3383,S4,AL142021:WCSC-0QC3,sweeps/S4/S4-AL142021-WCSC-0QC3/objects/9de6204f80e7359cd89d7ec430cfb21478f97f7bab15c4dce4696252cc13d417,,AL142021
CAND-3384,S4,AL142021:WCSC-0QGK,sweeps/S4/S4-AL142021-WCSC-0QGK/objects/b0f6428f47e19be378007fd73eccf6f8bf86e577e6b63cef860f25ec6b5ed9f8,,AL142021
CAND-3385,S4,AL142021:WCSC-0QLR,sweeps/S4/S4-AL142021-WCSC-0QLR/objects/dbf6325ef42878942577f85d382646b60bb721cf2b77f687739d5d9336fdde5d,,AL142021
CAND-3386,S4,AL142021:WCSC-0QWQ,sweeps/S4/S4-AL142021-WCSC-0QWQ/objects/e971874d0bc2cbf5f6bf9dbebb2d39cc18f7c02f56ec1a2e2f1a8e10c4da84d2,,AL142021
CAND-3387,S4,AL142021:WCSC-0QZX,sweeps/S4/S4-AL142021-WCSC-0QZX/objects/ef554701f35528c6328fcaa572d30229658dc0fbf03b8cde899afbe29e0afb14,,AL142021
CAND-3388,S4,AL142021:WCSC-0R0Z,sweeps/S4/S4-AL142021-WCSC-0R0Z/objects/cd2f7dd1040e201a072d305ba6ff82a4cd5419fa3ad9b55b9cd5a826aba51d63,,AL142021
CAND-3389,S4,AL142021:WCSC-0RLM,sweeps/S4/S4-AL142021-WCSC-0RLM/objects/1c3784af92d3abc4eb5d70c45814c62c7fcec0ffe0a32024771ca02f65daa530,,AL142021
CAND-3390,S4,AL142021:WCSC-0RLY,sweeps/S4/S4-AL142021-WCSC-0RLY/objects/ed62e9fc184514c5778d2d61dd5c3b90077b0ef3074cb88d220c7c32d29c8fc3,,AL142021
CAND-3391,S4,AL142021:WCSC-0RLZ,sweeps/S4/S4-AL142021-WCSC-0RLZ/objects/943c8bbbeeb31e64fe844bbbf1d4a87adf8369f856402edcfbe714552c313a91,,AL142021
CAND-3392,S4,AL142021:WCSC-0RM3,sweeps/S4/S4-AL142021-WCSC-0RM3/objects/da5b6dc4ec43a7fc15a1f0c3318a5847f638dff66eec2329145a8e71d0962254,,AL142021
CAND-3393,S4,AL142021:WCSC-0RM7,sweeps/S4/S4-AL142021-WCSC-0RM7/objects/2b3d9299f9674e140a3b75a10a9a9a37353632ba43b448141c39b2a54daa8d73,,AL142021
CAND-3394,S4,AL142021:WCSC-0RM9,sweeps/S4/S4-AL142021-WCSC-0RM9/objects/f7f69bf018955325d300878679329f70a9abb23cd452fe45eb5b6681fd3da0ab,,AL142021
CAND-3395,S4,AL142021:WCSC-0S97,sweeps/S4/S4-AL142021-WCSC-0S97/objects/096aa0bc1c6be109fcd8018c371a176fedabb40b1df566b3bbf29873152055b8,,AL142021
CAND-3396,S4,AL142021:WCSC-0S9Y,sweeps/S4/S4-AL142021-WCSC-0S9Y/objects/35ee8a847188a8d6219f6cce929ccf9dce3f078876fa985f0d46de81982c06ab,,AL142021
CAND-3397,S4,AL142021:WCSC-0SEN,sweeps/S4/S4-AL142021-WCSC-0SEN/objects/fad919a6802b8238f01831b14667d8833c12d5b43923bc2b74844d03967911e4,,AL142021
CAND-3398,S4,AL142021:WCSC-0SEQ,sweeps/S4/S4-AL142021-WCSC-0SEQ/objects/3d8ee658f0b8745ab529cf300f492412def05ea6856e9329aa77653986100e40,,AL142021
CAND-3399,S4,AL142021:WCSC-0TLU,sweeps/S4/S4-AL142021-WCSC-0TLU/objects/d1b35b78063b624ee8908e427bb392ee4c92acb18f463018f5e8bc743cbf9aa9,,AL142021
CAND-3400,S4,AL142021:WCSC-0TLV,sweeps/S4/S4-AL142021-WCSC-0TLV/objects/575eaa53310fba490383749c2852a03f58d68c76a6f3f44739c87cf6a8476ef0,,AL142021
CAND-3401,S4,AL142021:WCSC-0TYL,sweeps/S4/S4-AL142021-WCSC-0TYL/objects/ad7bd7ce03b48d69a4c7efce39c95cf49a6b131a84b1ff81c0f3723041af43fa,,AL142021
CAND-3402,S4,AL142021:WCSC-0U22,sweeps/S4/S4-AL142021-WCSC-0U22/objects/fa5d1d55926c5e7d006cb8797705ebb04610fe1deea95882b803f594c22c655b,,AL142021
CAND-3403,S4,AL142021:WCSC-0U2B,sweeps/S4/S4-AL142021-WCSC-0U2B/objects/5bcadc20841e43ef15460751d2e42444667145d162f1a79b47532f8a38282c43,,AL142021
CAND-3404,S4,AL142021:WCSC-0WMA,sweeps/S4/S4-AL142021-WCSC-0WMA/objects/1d33dc8d073fce1fc4ab49e4ec53e9ffaf8480437daea1202666f4b744f22dea,,AL142021
CAND-3405,S4,AL142021:WCSC-0WUH,sweeps/S4/S4-AL142021-WCSC-0WUH/objects/3546f6388ba3f82758160d9d5ec7c20760d125fddfec131210548fe63376242e,,AL142021
CAND-3406,S4,AL142021:WCSC-0WUS,sweeps/S4/S4-AL142021-WCSC-0WUS/objects/32ef63ef6271852036f101a5194d8a04a425431cffc9b8e813a1b8d065767043,,AL142021
CAND-3407,S4,AL142021:WCSC-0WUT,sweeps/S4/S4-AL142021-WCSC-0WUT/objects/0bd3edca03d68a1a7521f5d949cf2c0b6c1c1a272b801f584808a536047d6649,,AL142021
CAND-3408,S4,AL142021:WCSC-0WUU,sweeps/S4/S4-AL142021-WCSC-0WUU/objects/b5fc37a8bcfa264ea90b932e05a44c33ceadede70160339e344fd53d3fe83203,,AL142021
CAND-3409,S4,AL142021:WCSC-0WVQ,sweeps/S4/S4-AL142021-WCSC-0WVQ/objects/a1a3f6b9df26e56364c46f19728df8c41f214731b435d09475a506956303dbac,,AL142021
CAND-3410,S4,AL142021:WCSC-0WVV,sweeps/S4/S4-AL142021-WCSC-0WVV/objects/a6e0075f3a31e0951a972b1bb1c1bf7915037e261de28a719e6f05b0d27b6a8d,,AL142021
CAND-3411,S4,AL142021:WCSC-0WVW,sweeps/S4/S4-AL142021-WCSC-0WVW/objects/0e72fc6df7dea455fc042e47ea8e6108168442c814b1b9ba26a5f328a1eb8703,,AL142021
CAND-3412,S4,AL142021:WCSC-0WVX,sweeps/S4/S4-AL142021-WCSC-0WVX/objects/7d4cad377964e689fe0a1ccf1bbd64cd0f8ee68afc88d8898670c1803eae037c,,AL142021
CAND-3413,S4,AL142021:WCSC-0WW0,sweeps/S4/S4-AL142021-WCSC-0WW0/objects/a05cd5b71b8a37849b7dff6149a749de2248c06bd7b4212d9eceae099961404c,,AL142021
CAND-3414,S4,AL142021:WCSC-0WW2,sweeps/S4/S4-AL142021-WCSC-0WW2/objects/66e6a622cdfa92cc7dfb445b9ca5ac57c71b896f71d0796e2d9eccd9dba7dbd6,,AL142021
CAND-3415,S4,AL142021:WCSC-0WW5,sweeps/S4/S4-AL142021-WCSC-0WW5/objects/bedf8d81a32a681b4fee06c8cdfc5c16d964deaa01e5687e907c4f433c1a259a,,AL142021
CAND-3416,S4,AL142021:WCSC-0WWT,sweeps/S4/S4-AL142021-WCSC-0WWT/objects/d6acc630a9b2e9e54341d610c2a90e1256483cc330fbd27f81f5793a391f41bc,,AL142021
CAND-3417,S4,AL142021:WCSC-0WWV,sweeps/S4/S4-AL142021-WCSC-0WWV/objects/502de0f81ac525d798cf47d380b508a4e579d3cf97b1692582e061e2376c09e1,,AL142021
CAND-3418,S4,AL142021:WCSC-0WWW,sweeps/S4/S4-AL142021-WCSC-0WWW/objects/bd2b294788cef254f0788ba627d636b4d227f6ca28b9334760732ab3420726be,,AL142021
CAND-3419,S4,AL142021:WCSC-0WXJ,sweeps/S4/S4-AL142021-WCSC-0WXJ/objects/50654ce8a6f4a9bb91edaebee0c710b68150105cafaa3f9cac707b0431484517,,AL142021
CAND-3420,S4,AL142021:WCSC-0WXK,sweeps/S4/S4-AL142021-WCSC-0WXK/objects/504b0c43c864f53aba2498cb3d374fe61aba80d3de1f9aa9e7c044ef6255012f,,AL142021
CAND-3421,S4,AL142021:WCSC-0WXL,sweeps/S4/S4-AL142021-WCSC-0WXL/objects/bc788e2b8a55822589bde98e4ae3043cce05897f53e2cd22756fc2f36e758cc4,,AL142021
CAND-3422,S4,AL142021:WCSC-0WXM,sweeps/S4/S4-AL142021-WCSC-0WXM/objects/8d1a3275d28400b79a934b1837f85a0db60974f7247d22db8a109aafede9754e,,AL142021
CAND-3423,S4,AL142021:WCSC-0WXQ,sweeps/S4/S4-AL142021-WCSC-0WXQ/objects/94ee7151658640b44c762fd5418f8551bf5cab7ff1a9d217d028859aee079659,,AL142021
CAND-3424,S4,AL142021:WCSC-0WXR,sweeps/S4/S4-AL142021-WCSC-0WXR/objects/de6e74833e1d4a82680d03c6af9e7765af8a5dfdffcc64a6a259eb8e2d270056,,AL142021
CAND-3425,S4,AL142021:WCSC-0WY2,sweeps/S4/S4-AL142021-WCSC-0WY2/objects/6427aeaf750de46b1bffd99f079700f2ab38d3b04641302bcf3d014a284ed192,,AL142021
CAND-3426,S4,AL142021:WCSC-0WY5,sweeps/S4/S4-AL142021-WCSC-0WY5/objects/cd7ee526d04af1bfc002a44271168afbdcc647aee8b8dfbf0459fabf3044acc1,,AL142021
CAND-3427,S4,AL142021:WCSC-0WY6,sweeps/S4/S4-AL142021-WCSC-0WY6/objects/0d0e315f335f7c10ae6abbbb973004e714968c6a521e96cc31254a59a33cdb9b,,AL142021
CAND-3428,S4,AL142021:WCSC-0WYG,sweeps/S4/S4-AL142021-WCSC-0WYG/objects/9d55ec950cf1a618ea82dcd17827d5e4c45e291846f192e59890fe1acafcda30,,AL142021
CAND-3429,S4,AL142021:WCSC-0WYH,sweeps/S4/S4-AL142021-WCSC-0WYH/objects/e573f22e57196e78a08eead29834251c31082d6290b35a38d7171412acb85688,,AL142021
CAND-3430,S4,AL142021:WCSC-0WYJ,sweeps/S4/S4-AL142021-WCSC-0WYJ/objects/2b4fd8adda01246889a19245e909d77d5bc4655f53baeb94c8ff97f63675d413,,AL142021
CAND-3431,S4,AL142021:WCSC-0WYK,sweeps/S4/S4-AL142021-WCSC-0WYK/objects/04e1d72e91bb93c32bb61252eebec67f8b5e66179b4a25f6786b72c7c7c9305e,,AL142021
CAND-3432,S4,AL142021:WCSC-0WYR,sweeps/S4/S4-AL142021-WCSC-0WYR/objects/2ea342a76cdcfd99c0d23a2344d71bc0d12fb22186d9c77f614ed413ab1d9dbf,,AL142021
CAND-3433,S4,AL142021:WCSC-0WYZ,sweeps/S4/S4-AL142021-WCSC-0WYZ/objects/79cecadf3568eec64e0fdcac121d743da7808a7736337d9b8ac4f03e4fbd63fa,,AL142021
CAND-3434,S4,AL142021:WCSC-0WZ7,sweeps/S4/S4-AL142021-WCSC-0WZ7/objects/cc44b97282d7b2e141d8ed90a6c8746407028d7451c21c14e6fc0d717ed411f3,,AL142021
CAND-3435,S4,AL142021:WCSC-0WZB,sweeps/S4/S4-AL142021-WCSC-0WZB/objects/ed066825cd353a9a707cd20527bf3fd8815eba0733d8cc4672228a5b6269e543,,AL142021
CAND-3436,S4,AL142021:WCSC-0WZT,sweeps/S4/S4-AL142021-WCSC-0WZT/objects/88de785c717e32164b3223745f092290ae9fcd65113201f8715855a4864ffe52,,AL142021
CAND-3437,S4,AL142021:WCSC-0WZV,sweeps/S4/S4-AL142021-WCSC-0WZV/objects/bb400bfc63c64dd4e8289396371c5ee3d0aa4ed9199f221c6d7c0e3a36b9a069,,AL142021
CAND-3438,S4,AL142021:WCSC-0X0B,sweeps/S4/S4-AL142021-WCSC-0X0B/objects/978f119d82928eb2bffa57955c0808455f7cd593c9b5b6e8d3008c50a9e8d66b,,AL142021
CAND-3439,S4,AL142021:WCSC-0X0S,sweeps/S4/S4-AL142021-WCSC-0X0S/objects/a2f632b1d695a5556c6fe3c0db9e540104896bf8e14397cfc5606b4922cde097,,AL142021
CAND-3440,S4,AL142021:WCSC-0X18,sweeps/S4/S4-AL142021-WCSC-0X18/objects/123dbf9106f187cf9ec04950b577c836188b9f0bb65dcb6ab938611cbf03ca4e,,AL142021
CAND-3441,S4,AL142021:WCSC-0X20,sweeps/S4/S4-AL142021-WCSC-0X20/objects/54b1cc9c57b5975b99f73440dfdb46736a609296ebfc6e2145edcff39f21487c,,AL142021
CAND-3442,S4,AL142021:WCSC-0X24,sweeps/S4/S4-AL142021-WCSC-0X24/objects/534c32e12ebdd71a988ece2c5cef91f1aba21bf01700cc2f3996c6b0288a7e0d,,AL142021
CAND-3443,S4,AL142021:WCSC-0X2K,sweeps/S4/S4-AL142021-WCSC-0X2K/objects/55fe581a78bd1233fa5a422adcf6be87a9dc129a25f47e2d975163f4bdc4f008,,AL142021
CAND-3444,S4,AL142021:WCSC-0X2L,sweeps/S4/S4-AL142021-WCSC-0X2L/objects/59fd4b6d4c5af0f26535b673e13167401af4e9183aece1efde5b1f888c0a7f34,,AL142021
CAND-3445,S4,AL142021:WCSC-0X2M,sweeps/S4/S4-AL142021-WCSC-0X2M/objects/cf70999ce54893e83d7d53723f1d3d2aa6ee43524bc2b809b58a3226a15d490f,,AL142021
CAND-3446,S4,AL142021:WCSC-0X32,sweeps/S4/S4-AL142021-WCSC-0X32/objects/68b23fba0031b3d180f1d67c3af962dc0898466c735b8eaf9f4875dfe6a9692e,,AL142021
CAND-3447,S4,AL142021:WCSC-0X5U,sweeps/S4/S4-AL142021-WCSC-0X5U/objects/0e78fa5708f9dbb29fa3ecb056c757d35e218d9d7f0799b3142b4110ad80deea,,AL142021
CAND-3448,S4,AL142021:WCSC-0X62,sweeps/S4/S4-AL142021-WCSC-0X62/objects/26cdb6a28fa155dc0d693b611fe247cfd72c3118d1224b883a5e8451d2f972d7,,AL142021
CAND-3449,S4,AL142021:WCSC-0X64,sweeps/S4/S4-AL142021-WCSC-0X64/objects/9d043c6d3ecfa77f7ea593b089b387e0982a268ccc00fd1bd826883fec694ccf,,AL142021
CAND-3450,S4,AL142021:WCSC-0X6G,sweeps/S4/S4-AL142021-WCSC-0X6G/objects/f48788e33bf6831126eec169a3633d9654f4f443c9be896375378e96f52269ac,,AL142021
CAND-3451,S4,AL142021:WCSC-0X6H,sweeps/S4/S4-AL142021-WCSC-0X6H/objects/5fb0089afc32b310d8ba87e43674b9ba610c86f0db2050f3b8a5eb9d3e4d3123,,AL142021
CAND-3452,S4,AL142021:WCSC-0X6J,sweeps/S4/S4-AL142021-WCSC-0X6J/objects/e586612a25265d5caf0f450264fd3d37653c77bf933bae2d4d70777aa5c97616,,AL142021
CAND-3453,S4,AL142021:WCSC-0X6K,sweeps/S4/S4-AL142021-WCSC-0X6K/objects/858e6991a93103bcce10fc98823d3919268486a375667c127afe854a75be8e96,,AL142021
CAND-3454,S4,AL142021:WCSC-0X6L,sweeps/S4/S4-AL142021-WCSC-0X6L/objects/ad5b9db6db60175b43a13cf2f7b65c0cebe230cff93d57b022c9b256d25c26f9,,AL142021
CAND-3455,S4,AL142021:WCSC-0X7G,sweeps/S4/S4-AL142021-WCSC-0X7G/objects/c4851fe504ad4bea7be293d3c93b8fc558d8cf73e834a8545e9b98873bc79639,,AL142021
CAND-3456,S4,AL142021:WCSC-0X7L,sweeps/S4/S4-AL142021-WCSC-0X7L/objects/8d396976b3d51f7b27dc321756c9f2957d1cbd0a5089b04562654789425e5249,,AL142021
CAND-3457,S4,AL142021:WCSC-0X7M,sweeps/S4/S4-AL142021-WCSC-0X7M/objects/39e9172fd77dd7a0d68270045a99f2c7c1697f6e6507512c5e66419ae1791d42,,AL142021
CAND-3458,S4,AL142021:WCSC-0X7N,sweeps/S4/S4-AL142021-WCSC-0X7N/objects/06ec0823841a4e268a214e6a5334b43952f0cddace25d146dc93f72599f94d25,,AL142021
CAND-3459,S4,AL142021:WCSC-0X84,sweeps/S4/S4-AL142021-WCSC-0X84/objects/76d2411f1397801e2451894d11e9a85886986223e24981d4c0b0e968d1ab35fb,,AL142021
CAND-3460,S4,AL142021:WCSC-0X8B,sweeps/S4/S4-AL142021-WCSC-0X8B/objects/72254f69609c363c05b823af3f134ecd9185ab82c88a117f3586226c023aeff9,,AL142021
CAND-3461,S4,AL142021:WCSC-0X8T,sweeps/S4/S4-AL142021-WCSC-0X8T/objects/21f2bdf370b96982dbb42387c71e543a929c1cd2ec1241df91e062096fa60544,,AL142021
CAND-3462,S4,AL142021:WCSC-0YAD,sweeps/S4/S4-AL142021-WCSC-0YAD/objects/344241c81447a8b1c399bfc8675c213cfb14419f570ba9f054ff55c16840f985,,AL142021
CAND-3463,S4,AL142021:WCSC-0YCU,sweeps/S4/S4-AL142021-WCSC-0YCU/objects/09161a1dd63890317bb92f65c4ca1937f0a03cb02a9126e27496b13856f3ab5d,,AL142021
CAND-3464,S4,AL142021:WCSC-0YF8,sweeps/S4/S4-AL142021-WCSC-0YF8/objects/92931199619c25981657145f5c5d8892e4800f9de9a39ba2ca3f658647e8a531,,AL142021
CAND-3465,S4,AL142021:WCSC-0YPD,sweeps/S4/S4-AL142021-WCSC-0YPD/objects/57af365d18fa0e378ab1c8460f67b2c30adb22cbbac22a89bf948f18df220757,,AL142021
CAND-3466,S4,AL142021:WCSC-0YSK,sweeps/S4/S4-AL142021-WCSC-0YSK/objects/1a47601f40c78f40da035b503be115e539b522534aa1c3fa006b47665eb4b110,,AL142021
CAND-3467,S4,AL142021:WCSC-0YSP,sweeps/S4/S4-AL142021-WCSC-0YSP/objects/d677280d0a244b0ba6a2ebad0dac0aeab70bf4db8722866a272e7e17ea60105b,,AL142021
CAND-3468,S4,AL142021:WCSC-0YST,sweeps/S4/S4-AL142021-WCSC-0YST/objects/bc42e116132751fdc3d31702ad672b9bec7aed72d9edbcbfeea6c853a416ecf1,,AL142021
CAND-3469,S4,AL142021:WCSC-0Z9R,sweeps/S4/S4-AL142021-WCSC-0Z9R/objects/b01f09efeb6fd76a37b2cc28bbbfb6ddfc8a6e3453d11c01ce7ae73b0750f311,,AL142021
CAND-3470,S4,AL162017:WCSC-08YD,sweeps/S4/S4-AL162017-WCSC-08YD/objects/29459369a076a2a993c494a9052cfa0bbdd82b1ae92037f618c94295ab4ad77a,,AL162017
CAND-3471,S4,AL162017:WCSC-0E4C,sweeps/S4/S4-AL162017-WCSC-0E4C/objects/9fb5b5c9cd792eacc4f097fb1d62be41759a8da05265613008b139c03fe8b41d,,AL162017
CAND-3472,S4,AL162017:WCSC-0E4D,sweeps/S4/S4-AL162017-WCSC-0E4D/objects/4eacceb925a2c128694c85a83f80212f5b8a52c1abfa697ccaa65b731da913fe,,AL162017
CAND-3473,S4,AL162017:WCSC-0EX5,sweeps/S4/S4-AL162017-WCSC-0EX5/objects/b2f97400484994f3979d5bfcf580abe759cb9f5d71a148d293f1d3f3f5acb747,,AL162017
CAND-3474,S4,AL162017:WCSC-0MWW,sweeps/S4/S4-AL162017-WCSC-0MWW/objects/6f9ce5aea9c0591206b6a1506d3d6bb2870dc674670c13ce2a6bda05d742d16b,,AL162017
CAND-3475,S4,AL162017:WCSC-0N8K,sweeps/S4/S4-AL162017-WCSC-0N8K/objects/4fc7da24861bc5e927114d9bddb1ee826a0d867d8298d513a6b1509312f71e59,,AL162017
CAND-3476,S4,AL162017:WCSC-0NE2,sweeps/S4/S4-AL162017-WCSC-0NE2/objects/47fcedbdd4dfe2fc287fc190d2cf9abd53030539b7b9c2e549a208ae580a1531,,AL162017
CAND-3477,S4,AL162017:WCSC-0NE3,sweeps/S4/S4-AL162017-WCSC-0NE3/objects/10d4652c53b63d3a35992cd9b62e1082220cc3e2a749aa561b74347988e5f166,,AL162017
CAND-3478,S4,AL162017:WCSC-0NPA,sweeps/S4/S4-AL162017-WCSC-0NPA/objects/ca08d4530fa411964285ed1001dd78ba24d7f8e0d952c36191a02412356fecba,,AL162017
CAND-3479,S4,AL162017:WCSC-0NPC,sweeps/S4/S4-AL162017-WCSC-0NPC/objects/0251b3c1582df5c160822a06303c1427a45e959275221a2cff9709b912541d16,,AL162017
CAND-3480,S4,AL162017:WCSC-0PJ1,sweeps/S4/S4-AL162017-WCSC-0PJ1/objects/b22a5e6c05df12626833dea8420a038918ff61f1b2f63908804eafb34b7d8deb,,AL162017
CAND-3481,S4,AL162017:WCSC-0PTH,sweeps/S4/S4-AL162017-WCSC-0PTH/objects/2e42a99535b1531a30e2c3ef475a01893f13da6be1c8842e72b81546472dccd8,,AL162017
CAND-3482,S4,AL162017:WCSC-0Q0R,sweeps/S4/S4-AL162017-WCSC-0Q0R/objects/04cb7a1e8a5a52ca89c6bd1994a703764bc5519dc24ba2b38e8f2ddee58fa7b2,,AL162017
CAND-3483,S4,AL162017:WCSC-0Q0S,sweeps/S4/S4-AL162017-WCSC-0Q0S/objects/abae2c021bdbc5d5048fd3442680ef5ee3f507c48f4484013d1d188179ba562e,,AL162017
CAND-3484,S4,AL162017:WCSC-0Q0X,sweeps/S4/S4-AL162017-WCSC-0Q0X/objects/d4ec389cde792a93683e68d58472299be71adf2cc467c65e5aa66f9cf81ad4aa,,AL162017
CAND-3485,S4,AL162017:WCSC-0Q0Y,sweeps/S4/S4-AL162017-WCSC-0Q0Y/objects/d2d6806558bdd7a9cb6b53df3f526dab8f9fd5bd2971e77f8ece43934529c3f5,,AL162017
CAND-3486,S4,AL162017:WCSC-0Q0Z,sweeps/S4/S4-AL162017-WCSC-0Q0Z/objects/c8f80e8b935a3e97030afec3c5f2b3e013beb3d605192b66085e76eae0cc3603,,AL162017
CAND-3487,S4,AL162017:WCSC-0Q11,sweeps/S4/S4-AL162017-WCSC-0Q11/objects/ea8195daf0c3a007979cb18c86469573babd712ab43e479b521116803be55f58,,AL162017
CAND-3488,S4,AL162017:WCSC-0Q13,sweeps/S4/S4-AL162017-WCSC-0Q13/objects/187284e3ded38d275f4087efe2d2e5cdfcf2a46cd758662bd8c0043b2c14774d,,AL162017
CAND-3489,S4,AL162017:WCSC-0Q15,sweeps/S4/S4-AL162017-WCSC-0Q15/objects/c4d413f1fc6b56c8600aad3d135aac1bc9c34ac2d9fa98c976112a25111a4c99,,AL162017
CAND-3490,S4,AL162017:WCSC-0Q1C,sweeps/S4/S4-AL162017-WCSC-0Q1C/objects/9d4cf792f84fd709697a2444c8dd9c97a405de4a2414b00558d8fecf55522b89,,AL162017
CAND-3491,S4,AL162017:WCSC-0Q1D,sweeps/S4/S4-AL162017-WCSC-0Q1D/objects/52992441e489e049b3f8d90910aa5b3dc0438b2c6308af0988be7d81ed09151a,,AL162017
CAND-3492,S4,AL162017:WCSC-0Q1E,sweeps/S4/S4-AL162017-WCSC-0Q1E/objects/c425cce3e8b892808fb28c6125b65286a4569d25fa6c5b923188e55e13f68cef,,AL162017
CAND-3493,S4,AL162017:WCSC-0Q1F,sweeps/S4/S4-AL162017-WCSC-0Q1F/objects/99d6b434745569e20ca224462883e4d283b8bd9ea196aacf7de12763afec6cf1,,AL162017
CAND-3494,S4,AL162017:WCSC-0Q1K,sweeps/S4/S4-AL162017-WCSC-0Q1K/objects/76a0c4d1eab70419b78c7aa63f9f2a9d4da3fb28aff1816670e82b2fb82fc5d4,,AL162017
CAND-3495,S4,AL162017:WCSC-0Q1M,sweeps/S4/S4-AL162017-WCSC-0Q1M/objects/9f646268638078068394a9ee871326a27ac24ef35c38860f931ce8d7df8bfa68,,AL162017
CAND-3496,S4,AL162017:WCSC-0Q1N,sweeps/S4/S4-AL162017-WCSC-0Q1N/objects/cc79f171ded3b11643a5d72160cc1cf6e62f0e1561fb34458edbee48c0dd6ef6,,AL162017
CAND-3497,S4,AL162017:WCSC-0Q1P,sweeps/S4/S4-AL162017-WCSC-0Q1P/objects/a0bde6f243d44fd2a967001427fd6f2e6bba1bafe04f40a36945d23976ebe7ae,,AL162017
CAND-3498,S4,AL162017:WCSC-0Q1R,sweeps/S4/S4-AL162017-WCSC-0Q1R/objects/ab318813dbcf4366ca46700b13da60735570da854ef96095532461b2f4f0f097,,AL162017
CAND-3499,S4,AL162017:WCSC-0Q1S,sweeps/S4/S4-AL162017-WCSC-0Q1S/objects/eb55c650c49bd8bc96423d932c722fc97fd0388f0ac9896e35b96b1347f3c5ee,,AL162017
CAND-3500,S4,AL162017:WCSC-0Q1V,sweeps/S4/S4-AL162017-WCSC-0Q1V/objects/df2fa2de1ae388dd64c7e4e32e54c379b18d83720992e2fc06f1e5883f18e37b,,AL162017
CAND-3501,S4,AL162017:WCSC-0Q1W,sweeps/S4/S4-AL162017-WCSC-0Q1W/objects/ff1af00d6269fecb0802aa5bf5e335cf5266ecbb298582fd710f68217cdcb1db,,AL162017
CAND-3502,S4,AL162017:WCSC-0Q1Y,sweeps/S4/S4-AL162017-WCSC-0Q1Y/objects/a0782c5e6b39fdb2e41ebd08c0e986e892c94fb8b6416100d80a4f853c908c64,,AL162017
CAND-3503,S4,AL162017:WCSC-0Q1Z,sweeps/S4/S4-AL162017-WCSC-0Q1Z/objects/e1853ac1fda07ce02f952237131c5a5af8c6547d74e57a3e022030c9f5ee466e,,AL162017
CAND-3504,S4,AL162017:WCSC-0Q20,sweeps/S4/S4-AL162017-WCSC-0Q20/objects/4b479ac3b8022e00d204d58588b6251db7937231c52f6c0ca400299173159d85,,AL162017
CAND-3505,S4,AL162017:WCSC-0Q26,sweeps/S4/S4-AL162017-WCSC-0Q26/objects/a216e5262eb488a1a742bde74ffe51d5acf22f5e6adaab9f3557bea6418608a3,,AL162017
CAND-3506,S4,AL162017:WCSC-0Q27,sweeps/S4/S4-AL162017-WCSC-0Q27/objects/6692200fc77ead7fe3f3812f9340b3916b5098824063d4eafc296cf0ab8e6391,,AL162017
CAND-3507,S4,AL162017:WCSC-0QAJ,sweeps/S4/S4-AL162017-WCSC-0QAJ/objects/a26078d70b3e30d70e461243e875f609568b02a91e03a7c64eb047401866a10d,,AL162017
CAND-3508,S4,AL162017:WCSC-0QAK,sweeps/S4/S4-AL162017-WCSC-0QAK/objects/262dd5944fbe3b67971614f87bb5cc6af8b4bd0e05965d1d8a92508586badb55,,AL162017
CAND-3509,S4,AL162017:WCSC-0QBU,sweeps/S4/S4-AL162017-WCSC-0QBU/objects/be57dbd90000fd7dc0d91efaca60c08537dacebd156f351b028e1fc8f6632632,,AL162017
CAND-3510,S4,AL162017:WCSC-0QGK,sweeps/S4/S4-AL162017-WCSC-0QGK/objects/8706ccf280d0dd182ca103375b6bbd62b886f1f1109c49087c7b32ee533cd495,,AL162017
CAND-3511,S4,AL162017:WCSC-0QLR,sweeps/S4/S4-AL162017-WCSC-0QLR/objects/1af107adb9e70c87bdfdebfd24f835ca728cd3c4e55708f113b951d4cba3d57f,,AL162017
CAND-3512,S4,AL162017:WCSC-0QWQ,sweeps/S4/S4-AL162017-WCSC-0QWQ/objects/c265259fd29da14f1f80205ef28a761b0bb82323cda6a6c026e4bad5bea786d0,,AL162017
CAND-3513,S4,AL162017:WCSC-0QZX,sweeps/S4/S4-AL162017-WCSC-0QZX/objects/7bf27847fad53cc96ce7cd06d9969d851525c96cf98d748e44f9221ec226b9a9,,AL162017
CAND-3514,S4,AL162017:WCSC-0R0Z,sweeps/S4/S4-AL162017-WCSC-0R0Z/objects/4eefb2cbe59d654ad56acca3d486d301d57cb1f2ca523d55bf5b67f77983a2d0,,AL162017
CAND-3515,S4,AL162017:WCSC-0R2S,sweeps/S4/S4-AL162017-WCSC-0R2S/objects/1f3c9b495580a7e7098424fed77fbbc8bafc31a0872bbb9e8c822668ed682108,,AL162017
CAND-3516,S4,AL162017:WCSC-0R2T,sweeps/S4/S4-AL162017-WCSC-0R2T/objects/9d0e62ce54b1e6f9ef2613223c45e45bfde430e5fdfa1424ebb57104e9fda0bb,,AL162017
CAND-3517,S4,AL162017:WCSC-0R2U,sweeps/S4/S4-AL162017-WCSC-0R2U/objects/e1d9a9138f08ebf37f4b5f91ea51990196607ae6d3089049bccaf26ac7e27bfc,,AL162017
CAND-3518,S4,AL162017:WCSC-0R2V,sweeps/S4/S4-AL162017-WCSC-0R2V/objects/bb171dd1f242857f3d3219e53543c50f85f37ec646841e6517a11aa9f09809f3,,AL162017
CAND-3519,S4,AL162017:WCSC-0R37,sweeps/S4/S4-AL162017-WCSC-0R37/objects/a9605c96cb0d691418cccf7bf86713d31c50d9d63d8084cedc452cb197e518bb,,AL162017
CAND-3520,S4,AL162017:WCSC-0R7H,sweeps/S4/S4-AL162017-WCSC-0R7H/objects/dd2452db23193e1ba9aa1c098778f6575d08c33ce7eb944b0b04592159c3d456,,AL162017
CAND-3521,S4,AL162017:WCSC-0RCW,sweeps/S4/S4-AL162017-WCSC-0RCW/objects/dcfad2d6fddae32db65e0fd0dd4e0c51761785ff3392ac34a594758360858c71,,AL162017
CAND-3522,S4,AL162017:WCSC-0REX,sweeps/S4/S4-AL162017-WCSC-0REX/objects/bf0808b1f37950a6fbd9decb633892840434edf6cb2a0f2912a42291768ea602,,AL162017
CAND-3523,S4,AL162017:WCSC-0RM7,sweeps/S4/S4-AL162017-WCSC-0RM7/objects/8a94580b1f86c19ed88bd453bb04abfef108cf3c4160a9ca74696035b255bef0,,AL162017
CAND-3524,S4,AL162017:WCSC-0RM9,sweeps/S4/S4-AL162017-WCSC-0RM9/objects/e7e180e9718418e9a4c0e8553cca5271fdc6893458d1be43c75f7d949171e820,,AL162017
CAND-3525,S4,AL162017:WCSC-0SEN,sweeps/S4/S4-AL162017-WCSC-0SEN/objects/c24e464f43b68d6376ac1fd02f2768aa6fbf5f86664b05319549b6a43a373f07,,AL162017
CAND-3526,S4,AL162017:WCSC-0SEQ,sweeps/S4/S4-AL162017-WCSC-0SEQ/objects/86dfcfe2e6c25b62b08e7a3af182cfb94230ba1a2004dcf309a51c4da989e33d,,AL162017
CAND-3527,S4,AL162017:WCSC-0TLU,sweeps/S4/S4-AL162017-WCSC-0TLU/objects/fbea7c90c20a3921183049afcadc834d48dc950b6f975667d886381f252a1b6d,,AL162017
CAND-3528,S4,AL162017:WCSC-0TLV,sweeps/S4/S4-AL162017-WCSC-0TLV/objects/7f8e3e569cf932308f5e9c2d30c83189b511246f5c024178ea4788c5d3c416cb,,AL162017
CAND-3529,S4,AL162017:WCSC-0TSR,sweeps/S4/S4-AL162017-WCSC-0TSR/objects/5eb8d19150295f7457cd3ea33c516a0c6d4cee06547a22df4a4024a2b195a51b,,AL162017
CAND-3530,S4,AL162017:WCSC-0TSS,sweeps/S4/S4-AL162017-WCSC-0TSS/objects/e980330682b7ddc524d3b4db52e0d43a863c1fa3fc2ee3c02c69a115403f2fc7,,AL162017
CAND-3531,S4,AL162017:WCSC-0TUQ,sweeps/S4/S4-AL162017-WCSC-0TUQ/objects/1c6a6cc3f98982956514976906cf9dc42e06c3d37c76f9fcf207fecbb2ffea47,,AL162017
CAND-3532,S4,AL162017:WCSC-0TV7,sweeps/S4/S4-AL162017-WCSC-0TV7/objects/cefbf8603349c668226e822d184e70a7b2d8a3da877abdf9609e7647a01a9a44,,AL162017
CAND-3533,S4,AL162017:WCSC-0TYL,sweeps/S4/S4-AL162017-WCSC-0TYL/objects/e8abdb94bfd15833f0104b7bb44e3c6254f3af7600b379abdff34058018a52c9,,AL162017
CAND-3534,S4,AL162017:WCSC-0U22,sweeps/S4/S4-AL162017-WCSC-0U22/objects/6fd328d7fa9a80338b25f6bec9b2a1452eb43c2501e8f2ca4b76a7c0d71820c9,,AL162017
CAND-3535,S4,AL162017:WCSC-0W14,sweeps/S4/S4-AL162017-WCSC-0W14/objects/9a1d0511e80876a1ed429d81aadee738eb11399fa4f607d25b76c36e34dc8952,,AL162017
CAND-3536,S4,AL162017:WCSC-0W17,sweeps/S4/S4-AL162017-WCSC-0W17/objects/2a409c03d12d954e99e5a4e54617ea30ec36f6bb9b3b315631a6b08c4a74e4e2,,AL162017
CAND-3537,S4,AL162017:WCSC-0W1H,sweeps/S4/S4-AL162017-WCSC-0W1H/objects/45c5762481b68c932b21a6f84a5f870bf292ec738682a279c6403a47f1e2bd00,,AL162017
CAND-3538,S4,AL162017:WCSC-0W1K,sweeps/S4/S4-AL162017-WCSC-0W1K/objects/a8256014459254cca57a6e95cf8046590174e71b86adb94ec40e29a58c57d0b6,,AL162017
CAND-3539,S4,AL162017:WCSC-0W1U,sweeps/S4/S4-AL162017-WCSC-0W1U/objects/06348b44545dc2bf147c839a8afeaee12b458dd5116416650317273284dcb829,,AL162017
CAND-3540,S4,AL162017:WCSC-0W1X,sweeps/S4/S4-AL162017-WCSC-0W1X/objects/07586fe34fb248966115b17e37193d3064a1135ee17355e14558df5cc5617da8,,AL162017
CAND-3541,S4,AL162017:WCSC-0W1Z,sweeps/S4/S4-AL162017-WCSC-0W1Z/objects/70459b547df255367ff857a967c0f570a3f137c261b8ca93f732cd7bfa3eb8b8,,AL162017
CAND-3542,S4,AL162017:WCSC-0W4J,sweeps/S4/S4-AL162017-WCSC-0W4J/objects/9f7b7407d787f9e065ae3f507762f4b6f270dcdb40170d292e6e4afdbe430087,,AL162017
CAND-3543,S4,AL162017:WCSC-0W4M,sweeps/S4/S4-AL162017-WCSC-0W4M/objects/ac3a5ba5b1e81cc04699546ad03b336e14be89d6dc09803dcb8d493befd8c714,,AL162017
CAND-3544,S4,AL162017:WCSC-0W53,sweeps/S4/S4-AL162017-WCSC-0W53/objects/22ccfafbfcf9740126818d998de16f709befa20b1c260d434da662dbca81f0f6,,AL162017
CAND-3545,S4,AL162017:WCSC-0W75,sweeps/S4/S4-AL162017-WCSC-0W75/objects/ec80d6470707c49ec260fdcef8780a692b4e7a1c41d1fcfb774ff9014b2cdff8,,AL162017
CAND-3546,S4,AL162017:WCSC-0WAD,sweeps/S4/S4-AL162017-WCSC-0WAD/objects/3e531e774411668e30f84df1ffd7b2b0a4be77f7fc528358728fd49d38f4fb67,,AL162017
CAND-3547,S4,AL162017:WCSC-0WBR,sweeps/S4/S4-AL162017-WCSC-0WBR/objects/c7e2c4654ec043f479addcde028f302f5d7fed480ba953e15600ba6c219badc6,,AL162017
CAND-3548,S4,AL162017:WCSC-0WER,sweeps/S4/S4-AL162017-WCSC-0WER/objects/61614d4d73049c8b0b01549ef3fac2793416716b4291156e19cbfb91fef264bb,,AL162017
CAND-3549,S4,AL162017:WCSC-0WF9,sweeps/S4/S4-AL162017-WCSC-0WF9/objects/952f691f2c5c50b19276503aa07d0e5a8aa377869c51d54ab6062be9b8bf8ee3,,AL162017
CAND-3550,S4,AL162017:WCSC-0WG6,sweeps/S4/S4-AL162017-WCSC-0WG6/objects/d7814ab78e44d756dd424a26cdb3fceb1c95058c75c8d55bfc42eb3a17163f81,,AL162017
CAND-3551,S4,AL162017:WCSC-0WGN,sweeps/S4/S4-AL162017-WCSC-0WGN/objects/ff5dee66f05ca06f70b79b53ebb57448cf9df618a843569de418844b5f3a41c1,,AL162017
CAND-3552,S4,AL162017:WCSC-0WUS,sweeps/S4/S4-AL162017-WCSC-0WUS/objects/ffd92515967601f649d25931533db9b115f0d8272ac072a77b25d13ea9b3b767,,AL162017
CAND-3553,S4,AL162017:WCSC-0WUT,sweeps/S4/S4-AL162017-WCSC-0WUT/objects/e3931de180ab4722adc9f8a3674936ce3bf36914c11e04fed7d72e3db4ada664,,AL162017
CAND-3554,S4,AL162017:WCSC-0WUU,sweeps/S4/S4-AL162017-WCSC-0WUU/objects/56a885a900adce85d0ef7dbf6653052ce4008e8410847632363fd7773b522ae8,,AL162017
CAND-3555,S4,AL162017:WCSC-0WVQ,sweeps/S4/S4-AL162017-WCSC-0WVQ/objects/e5154ea7c365d152ee2befa9a235367b835f7cc56d8f247937b1715e31650773,,AL162017
CAND-3556,S4,AL162017:WCSC-0WVV,sweeps/S4/S4-AL162017-WCSC-0WVV/objects/b96b3cd94278adc957a84c73808de9203216bf31632119973c48e76cf47bfd0b,,AL162017
CAND-3557,S4,AL162017:WCSC-0WVW,sweeps/S4/S4-AL162017-WCSC-0WVW/objects/c9c6e550beb34249e7b91005a3360b92947675c2248173c8cfefcee73ac2b659,,AL162017
CAND-3558,S4,AL162017:WCSC-0WVX,sweeps/S4/S4-AL162017-WCSC-0WVX/objects/08240d2be0f815b5d967b50b4e689bbfd4d0fe9378943ce74c6bfbc33fe8242f,,AL162017
CAND-3559,S4,AL162017:WCSC-0WW0,sweeps/S4/S4-AL162017-WCSC-0WW0/objects/6b3a9e51558d35931632ab648ad1ebf3c7649c7414a7e613e02fe8651266eecb,,AL162017
CAND-3560,S4,AL162017:WCSC-0WW2,sweeps/S4/S4-AL162017-WCSC-0WW2/objects/ae37b03e65a72d787fa250dad9fb73478d7f63f554d04fe61aee270fe19819f5,,AL162017
CAND-3561,S4,AL162017:WCSC-0WW5,sweeps/S4/S4-AL162017-WCSC-0WW5/objects/8bbab3331edb10c6215650a1cabfdec1e470371bd0be837257352b668c5af8b1,,AL162017
CAND-3562,S4,AL162017:WCSC-0WWT,sweeps/S4/S4-AL162017-WCSC-0WWT/objects/c5e5679dfc078d57de0ccaf2151fb2fe72a644a16652db5e30543c4c5c49ae62,,AL162017
CAND-3563,S4,AL162017:WCSC-0WWV,sweeps/S4/S4-AL162017-WCSC-0WWV/objects/814679b4c9a168cd350f10758333df676d2ab517d5c16723162bad02ebe2f27f,,AL162017
CAND-3564,S4,AL162017:WCSC-0WWW,sweeps/S4/S4-AL162017-WCSC-0WWW/objects/53554005cffb117ba5eef5a63166a4c6735e0d93960d2836f5d742a372995818,,AL162017
CAND-3565,S4,AL162017:WCSC-0WXJ,sweeps/S4/S4-AL162017-WCSC-0WXJ/objects/c2f4f1006e9f8ea297d9d80ea544cc83b76d31f454c7a639860fb10447b2ee56,,AL162017
CAND-3566,S4,AL162017:WCSC-0WXK,sweeps/S4/S4-AL162017-WCSC-0WXK/objects/f19ae75c34938ab08d4bec261a2940cacb4e121637a9b1f2b0add2924c2112eb,,AL162017
CAND-3567,S4,AL162017:WCSC-0WXL,sweeps/S4/S4-AL162017-WCSC-0WXL/objects/d448cf7c230eba60b4053f5d096b0026abc932288a588ce0348b39a2cde24c98,,AL162017
CAND-3568,S4,AL162017:WCSC-0WXM,sweeps/S4/S4-AL162017-WCSC-0WXM/objects/3c755a04f36052d342b869fa4ccb44369371ced3f1709078be795e1478ecb705,,AL162017
CAND-3569,S4,AL162017:WCSC-0WY5,sweeps/S4/S4-AL162017-WCSC-0WY5/objects/a35f3547840fead344785796cd950d86cb1f9f17e202ab157c417178c43ee651,,AL162017
CAND-3570,S4,AL162017:WCSC-0WY6,sweeps/S4/S4-AL162017-WCSC-0WY6/objects/fe0951145dce3c00e6501c47a1899a54a54fc18ebad8b1017356283874854a4e,,AL162017
CAND-3571,S4,AL162017:WCSC-0WYH,sweeps/S4/S4-AL162017-WCSC-0WYH/objects/bb05e0b777d371c7aa1673f5c348d8d406fe943c122c88490a7e976efdebe62e,,AL162017
CAND-3572,S4,AL162017:WCSC-0WYJ,sweeps/S4/S4-AL162017-WCSC-0WYJ/objects/8764a9606765b39664883bfc70f098f9c30ace5e5622a430dfe9366512178462,,AL162017
CAND-3573,S4,AL162017:WCSC-0WYK,sweeps/S4/S4-AL162017-WCSC-0WYK/objects/8c985e54e836cfd655bffb54b9e255eeb6bf279497abcdbaa9cb78925b2b676e,,AL162017
CAND-3574,S4,AL162017:WCSC-0WYZ,sweeps/S4/S4-AL162017-WCSC-0WYZ/objects/5f29cb0cbf1a2bdc18525f7afd07d6257a46b356c1a3daf9f207a9c83bf23fad,,AL162017
CAND-3575,S4,AL162017:WCSC-0X0B,sweeps/S4/S4-AL162017-WCSC-0X0B/objects/701f25093379afd4630fc1d66f8f5da309652bcdebfc3e060a37290ab057a7cc,,AL162017
CAND-3576,S4,AL162017:WCSC-0X20,sweeps/S4/S4-AL162017-WCSC-0X20/objects/7a3fcb47fa7f9e72d8d0404bbd29e8a727fca598695f0047a4473a3493f14112,,AL162017
CAND-3577,S4,AL162017:WCSC-0X2K,sweeps/S4/S4-AL162017-WCSC-0X2K/objects/60fc1bb962a1c0f74cfab87e00c76ff7b30668beefacac674b228844a104b4f7,,AL162017
CAND-3578,S4,AL162017:WCSC-0X2L,sweeps/S4/S4-AL162017-WCSC-0X2L/objects/f8cd70292f477a698fadf6c2b77dd3b13b733d7ad6d9b6c8f221b213d369d9dd,,AL162017
CAND-3579,S4,AL162017:WCSC-0X2M,sweeps/S4/S4-AL162017-WCSC-0X2M/objects/cbd7cb7f408c3ef5b0471bd850f095d85384f126155bbd6f04b591cbce0b8a34,,AL162017
CAND-3580,S4,AL162017:WCSC-0X5U,sweeps/S4/S4-AL162017-WCSC-0X5U/objects/922442e321235c0decf1eba6a8172039466f7a4962b100790dfb7fc9c912cb61,,AL162017
CAND-3581,S4,AL162017:WCSC-0X62,sweeps/S4/S4-AL162017-WCSC-0X62/objects/ecdb78ffde3dfb2dd4524e68a235d8cd8d701c7cb381e8e845d875fd4ea5f2ad,,AL162017
CAND-3582,S4,AL162017:WCSC-0X64,sweeps/S4/S4-AL162017-WCSC-0X64/objects/d076e514527698e070736742b2b52be0a1fb5f427e02d7e4cb92192a73781f9e,,AL162017
CAND-3583,S4,AL162017:WCSC-0X6G,sweeps/S4/S4-AL162017-WCSC-0X6G/objects/ea1e41953dfa6831c403b6bc16bf576b10451970d4dd4b45d577a320fbc559e1,,AL162017
CAND-3584,S4,AL162017:WCSC-0X6H,sweeps/S4/S4-AL162017-WCSC-0X6H/objects/df523b6a3276fbad0e468e2530cc2eab04062df90341f6c1f259eb5c0309a996,,AL162017
CAND-3585,S4,AL162017:WCSC-0X6J,sweeps/S4/S4-AL162017-WCSC-0X6J/objects/c94f6bbb5d14aa7483a95f8bbbbc1163e7c7ee0c9eeb98e85d6d0ee2f9183a62,,AL162017
CAND-3586,S4,AL162017:WCSC-0X6K,sweeps/S4/S4-AL162017-WCSC-0X6K/objects/cf43c55fdbddce686f8d58dd9ec7083fe0cd4222a7e41214ac3dbcd96085525c,,AL162017
CAND-3587,S4,AL162017:WCSC-0X6L,sweeps/S4/S4-AL162017-WCSC-0X6L/objects/38334dc0e37c6043db524b2dd808a6fc401886b3f54a18d19a5bf9c580eeb974,,AL162017
CAND-3588,S4,AL162017:WCSC-0X7G,sweeps/S4/S4-AL162017-WCSC-0X7G/objects/c82e4daf01a0ec0ee40b0058610c7b830c23ff82826556c2295cfc9445ebcc1f,,AL162017
CAND-3589,S4,AL162017:WCSC-0X7L,sweeps/S4/S4-AL162017-WCSC-0X7L/objects/78a197618e64ec0095928a0d8cc992373198c22ac579a210178f7256d23a32db,,AL162017
CAND-3590,S4,AL162017:WCSC-0X7M,sweeps/S4/S4-AL162017-WCSC-0X7M/objects/4010d7842608d8d6ad223b37879308b727de0653b4dff79116b48f39a647aecc,,AL162017
CAND-3591,S4,AL162017:WCSC-0X7N,sweeps/S4/S4-AL162017-WCSC-0X7N/objects/6963c29a80ff743637e350172b32ca38cc42636d9aed3db5e497e16c5992fc71,,AL162017
CAND-3592,S4,AL162017:WCSC-0X84,sweeps/S4/S4-AL162017-WCSC-0X84/objects/a97c3f101a4d625657cfb3d8a85bfc988b550ac2c70592b0e2597f97849d01f8,,AL162017
CAND-3593,S4,AL162017:WCSC-0X8T,sweeps/S4/S4-AL162017-WCSC-0X8T/objects/1bc5bf3ca70920e6ed711d691bf7c447dcc8679efb317b42497dce7bcc9b2da0,,AL162017
CAND-3594,S4,AL162017:WCSC-0YCU,sweeps/S4/S4-AL162017-WCSC-0YCU/objects/e1edb53ddc26fb7a3adf615af2b87847d388e656963536269bbdeb2463d246dc,,AL162017
CAND-3595,S4,AL162017:WCSC-0YF8,sweeps/S4/S4-AL162017-WCSC-0YF8/objects/9e4a198e016c66ce86bfcb0916814e9d2a5fc214c0df36499766496c88cb2251,,AL162017
CAND-3596,S4,AL162017:WCSC-0YPD,sweeps/S4/S4-AL162017-WCSC-0YPD/objects/cae3ec72e67f638f044dd95f99ef53ad50aa4384ec77bfd0732c0c4c7fe7ea96,,AL162017
CAND-3597,S4,AL162017:WCSC-0YSK,sweeps/S4/S4-AL162017-WCSC-0YSK/objects/e42626c93b9c0a841c4ce70e82cb886c74276b2c9faa3f2d811d74ddb92f6d83,,AL162017
CAND-3598,S4,AL162017:WCSC-0YSP,sweeps/S4/S4-AL162017-WCSC-0YSP/objects/d40d5704cb001050ef870f94ec6edb8b772b7c7eabcb25d3744ef13774033c21,,AL162017
CAND-3599,S4,AL162017:WCSC-0YST,sweeps/S4/S4-AL162017-WCSC-0YST/objects/044e203c00c4c39c65143dd9e8d56c8f8fc25c4fd0678c6e185786facd50bdd7,,AL162017
CAND-3600,S4,AL162017:WCSC-0Z9R,sweeps/S4/S4-AL162017-WCSC-0Z9R/objects/448b104da93922ce5717fad829f3d11df0129edea66d70165c62066e6d270372,,AL162017
CAND-3601,S4,AL162017:WCSC-0ZAQ,sweeps/S4/S4-AL162017-WCSC-0ZAQ/objects/9de909030d72d8b273676dbd464ab31fa31476fb722071f7daee6c4f4618126a,,AL162017
CAND-3602,S4,AL162017:WCSC-0ZM6,sweeps/S4/S4-AL162017-WCSC-0ZM6/objects/5af148ca51f9a4d1cf95d2372573b80fd1ac96df8a512bb8a092f31f23201b85,,AL162017
CAND-3603,S4,AL172019:WCSC-04L0,sweeps/S4/S4-AL172019-WCSC-04L0/objects/f017f9941f428671f70e39b2be43ca8a9afd7be4256c49adfde4020cb999c762,,AL172019
CAND-3604,S4,AL172019:WCSC-04LB,sweeps/S4/S4-AL172019-WCSC-04LB/objects/a85294a79d9df5c708dd650f58fe4b250a9ad2d059aacf14cb39667c2413721c,,AL172019
CAND-3605,S4,AL172019:WCSC-04W5,sweeps/S4/S4-AL172019-WCSC-04W5/objects/ab6a7447ef35ed6d3365254ca3caadbbdaff032b818b915e79fa07a29fa15842,,AL172019
CAND-3606,S4,AL172019:WCSC-062N,sweeps/S4/S4-AL172019-WCSC-062N/objects/2ec106ba0554965c12abf60725372fc2b28f9a904de139b57ca895b31240962b,,AL172019
CAND-3607,S4,AL172019:WCSC-08UQ,sweeps/S4/S4-AL172019-WCSC-08UQ/objects/7e8b36e7b676479413bc8a732c51d9da1d96e2823b2c5031ea4826a408c9ebef,,AL172019
CAND-3608,S4,AL172019:WCSC-08V5,sweeps/S4/S4-AL172019-WCSC-08V5/objects/aed1e2ded24461fb6da1cec8da1429d55f8ca82261cc330040ccebb6304d358f,,AL172019
CAND-3609,S4,AL172019:WCSC-0A8U,sweeps/S4/S4-AL172019-WCSC-0A8U/objects/70e938a2eb55ead015896da9fa23e457c6fc747816d25a73cf821a3c693d8076,,AL172019
CAND-3610,S4,AL172019:WCSC-0BDF,sweeps/S4/S4-AL172019-WCSC-0BDF/objects/e08bcf6c5b8b360817d49f107ea76e92a1a150332ecf09732fb093ce84e883d7,,AL172019
CAND-3611,S4,AL172019:WCSC-0D0W,sweeps/S4/S4-AL172019-WCSC-0D0W/objects/0b8aad99dee5dea58122ecc227b7dea101f7b6628caca9b8714c5fc5bf0d4dad,,AL172019
CAND-3612,S4,AL172019:WCSC-0DA5,sweeps/S4/S4-AL172019-WCSC-0DA5/objects/74c3ede58ab08bef113f7f11bb158ca07c6f0bba19929f2cd748e95826a8a768,,AL172019
CAND-3613,S4,AL172019:WCSC-0DF2,sweeps/S4/S4-AL172019-WCSC-0DF2/objects/449bed0e4d34512a5e2e6f8ca4b7436596bd3d695a4546127aa4eb49b5be461d,,AL172019
CAND-3614,S4,AL172019:WCSC-0DF5,sweeps/S4/S4-AL172019-WCSC-0DF5/objects/ef8eeb97a30022a148f8ac939f11383e80c38b41178ba4f3fe0ca183f460bb78,,AL172019
CAND-3615,S4,AL172019:WCSC-0E4C,sweeps/S4/S4-AL172019-WCSC-0E4C/objects/d5242823f9fa44bd158981160b1f0d47e6fc8a463bf80e13a3f287b532f513f0,,AL172019
CAND-3616,S4,AL172019:WCSC-0E4D,sweeps/S4/S4-AL172019-WCSC-0E4D/objects/622893fe03286b88a79d91994f0daa41cd14b6440382f36a5d2847d4de1e24be,,AL172019
CAND-3617,S4,AL172019:WCSC-0E6N,sweeps/S4/S4-AL172019-WCSC-0E6N/objects/9a1bc6ec9419bd940b210f95e07ea060cb19621fca895d4c47078fbfaaf28e5c,,AL172019
CAND-3618,S4,AL172019:WCSC-0EX5,sweeps/S4/S4-AL172019-WCSC-0EX5/objects/0b3c84c17f7e709ef5814c9b50e7d49480db3f901be6d90c0008ff7f182c7edc,,AL172019
CAND-3619,S4,AL172019:WCSC-0EZA,sweeps/S4/S4-AL172019-WCSC-0EZA/objects/f42fef79c549d009aa90db13c50fb0ed1c3811dfe7ee7f8052d6e0f8d1a47a33,,AL172019
CAND-3620,S4,AL172019:WCSC-0MWW,sweeps/S4/S4-AL172019-WCSC-0MWW/objects/a9bf7a35bcce28d154452cee89ecb72e0eb4739b13838022d0339af520e2e721,,AL172019
CAND-3621,S4,AL172019:WCSC-0N8K,sweeps/S4/S4-AL172019-WCSC-0N8K/objects/157196506944c7dd55bc7366e8415291254585eb66a4d906da037e9c83fefbcc,,AL172019
CAND-3622,S4,AL172019:WCSC-0NE2,sweeps/S4/S4-AL172019-WCSC-0NE2/objects/ac7bcfc1249e263ba0f2e34e51ae67b91c0b933ab7f14288d43c7b42a63a924f,,AL172019
CAND-3623,S4,AL172019:WCSC-0NE3,sweeps/S4/S4-AL172019-WCSC-0NE3/objects/f44ccba1e973029406815013811c9328901574e761cef24c60ce71c34053f55a,,AL172019
CAND-3624,S4,AL172019:WCSC-0NPA,sweeps/S4/S4-AL172019-WCSC-0NPA/objects/2cc0b2a89c1049e56827f2c924cc730817ffc362b68dc3c35de08ddc9b080132,,AL172019
CAND-3625,S4,AL172019:WCSC-0NPC,sweeps/S4/S4-AL172019-WCSC-0NPC/objects/cdbedb1c7e5cd59aba3fc40f5c25d1630ea9a374962d5c52877cededc01a4425,,AL172019
CAND-3626,S4,AL172019:WCSC-0PJ1,sweeps/S4/S4-AL172019-WCSC-0PJ1/objects/1f6a4eabd3bb59aa1ac1ec8706e91ee3bc34c2a59e2210abd61d030a45022db1,,AL172019
CAND-3627,S4,AL172019:WCSC-0PNQ,sweeps/S4/S4-AL172019-WCSC-0PNQ/objects/1a10db6ff04376799694f5d54d74fcad9933876c0705de56e0a0c81449a48051,,AL172019
CAND-3628,S4,AL172019:WCSC-0PTP,sweeps/S4/S4-AL172019-WCSC-0PTP/objects/8546f8806bf7c272e5c3ee773e735192e82a7f7c8474faa96ff0150eafa27e97,,AL172019
CAND-3629,S4,AL172019:WCSC-0Q0F,sweeps/S4/S4-AL172019-WCSC-0Q0F/objects/1a911d6984f52f3f464b848445b7955877475a1488c977694da6f29259cc09bf,,AL172019
CAND-3630,S4,AL172019:WCSC-0Q0P,sweeps/S4/S4-AL172019-WCSC-0Q0P/objects/246a3bdd2608c8e318c5d73a33ab69ac3d4c8924e170b07950a4d3091e06069d,,AL172019
CAND-3631,S4,AL172019:WCSC-0Q0Q,sweeps/S4/S4-AL172019-WCSC-0Q0Q/objects/948537733982c38ff73e6599e3e6f21f782027b850b4fbf67319fed2bfbabfef,,AL172019
CAND-3632,S4,AL172019:WCSC-0Q0R,sweeps/S4/S4-AL172019-WCSC-0Q0R/objects/cbe7613dfa58ea2e012566ae7d2b1783c815a6c1751a6d52195fa708e0a690ac,,AL172019
CAND-3633,S4,AL172019:WCSC-0Q0S,sweeps/S4/S4-AL172019-WCSC-0Q0S/objects/4aed023339db652203a4e9d02849850a68e8274cebd8170c7c3db75f7f1461f0,,AL172019
CAND-3634,S4,AL172019:WCSC-0Q0X,sweeps/S4/S4-AL172019-WCSC-0Q0X/objects/b1151b9771e50a1350d5b17b58c8a612c44f498e529065fbbbdaaac5f40281a6,,AL172019
CAND-3635,S4,AL172019:WCSC-0Q0Y,sweeps/S4/S4-AL172019-WCSC-0Q0Y/objects/978b05c67036631528402560c24971a5928c701eb74f50f4797aa27398283bbe,,AL172019
CAND-3636,S4,AL172019:WCSC-0Q0Z,sweeps/S4/S4-AL172019-WCSC-0Q0Z/objects/724ab057671d144dd426f11eff0cd3b8e35c20844247dce595e39979c7f80f7f,,AL172019
CAND-3637,S4,AL172019:WCSC-0Q11,sweeps/S4/S4-AL172019-WCSC-0Q11/objects/25bf268097b087715131d6186f313fd7325f2bfcbafd63323790235656ab98f3,,AL172019
CAND-3638,S4,AL172019:WCSC-0Q13,sweeps/S4/S4-AL172019-WCSC-0Q13/objects/cd02928d33c43454e558eaa9f15640c56a93b0aff46ca77ecbafea459e740d4f,,AL172019
CAND-3639,S4,AL172019:WCSC-0Q15,sweeps/S4/S4-AL172019-WCSC-0Q15/objects/063ec26fc1818193e7e8a83cf06ee5c06ce8c84366b3ae981c5d2a6ddc37a8a4,,AL172019
CAND-3640,S4,AL172019:WCSC-0Q1C,sweeps/S4/S4-AL172019-WCSC-0Q1C/objects/25bfaa44953be7a8e8a787fd0c735bfdeb63ead82862c2fcb01fa1cd5023e039,,AL172019
CAND-3641,S4,AL172019:WCSC-0Q1D,sweeps/S4/S4-AL172019-WCSC-0Q1D/objects/84fc4cfebf82d3827e68b373bf191c54363f11ba32a66d6c11d9b6bd68b7e73a,,AL172019
CAND-3642,S4,AL172019:WCSC-0Q1E,sweeps/S4/S4-AL172019-WCSC-0Q1E/objects/6fc1d73c1aa1647718b4f8d0c62d23f3941cc7522498634f84be23aad519db1e,,AL172019
CAND-3643,S4,AL172019:WCSC-0Q1F,sweeps/S4/S4-AL172019-WCSC-0Q1F/objects/0b9159fb5e0b7fb928feadf47954d08edd1cd6bfe14bbadda2e10acd25626b21,,AL172019
CAND-3644,S4,AL172019:WCSC-0Q1K,sweeps/S4/S4-AL172019-WCSC-0Q1K/objects/3cf8c5e7033f6e3caa447917a2d57101afaec19f730fbe2a522757d8a79c277a,,AL172019
CAND-3645,S4,AL172019:WCSC-0Q1M,sweeps/S4/S4-AL172019-WCSC-0Q1M/objects/c47da5aa036e4d204d5ea3241bd57778e229091f788c5351a44d086a4c363ddb,,AL172019
CAND-3646,S4,AL172019:WCSC-0Q1N,sweeps/S4/S4-AL172019-WCSC-0Q1N/objects/3a9157742a4c5ddb3ccfa4079b51fad256d1fd62b87a9c03d6b93af5dce7b508,,AL172019
CAND-3647,S4,AL172019:WCSC-0Q1P,sweeps/S4/S4-AL172019-WCSC-0Q1P/objects/e4c2cf9b7500fe8f3e7d97d9fb183892e0a42a5692cdba2b641221255c2a4077,,AL172019
CAND-3648,S4,AL172019:WCSC-0Q1R,sweeps/S4/S4-AL172019-WCSC-0Q1R/objects/b1cc14a683fd4bbcb9e05655e3e237d61a24c940812e68852211aaf9e1f7a24b,,AL172019
CAND-3649,S4,AL172019:WCSC-0Q1S,sweeps/S4/S4-AL172019-WCSC-0Q1S/objects/9b11cdf46f8a9078737a3ff89346db1636288ace0e39feafcef5f0d38e46b3ae,,AL172019
CAND-3650,S4,AL172019:WCSC-0Q1U,sweeps/S4/S4-AL172019-WCSC-0Q1U/objects/10d0f5afc7e4c87b359fa9ac51b9b12c90906990a425170bba4f13a01a3a3cd8,,AL172019
CAND-3651,S4,AL172019:WCSC-0Q1V,sweeps/S4/S4-AL172019-WCSC-0Q1V/objects/9ed68fd9fcee5dbdf4cd8f6c8af23d2b1ec6cfc57a003e7708b37fe27aeb10e3,,AL172019
CAND-3652,S4,AL172019:WCSC-0Q1W,sweeps/S4/S4-AL172019-WCSC-0Q1W/objects/9c1a32e8f08c365c81432721fca5a68c9e47d8683c16de61b80f5671727abd63,,AL172019
CAND-3653,S4,AL172019:WCSC-0Q1Y,sweeps/S4/S4-AL172019-WCSC-0Q1Y/objects/3482155b034dc760f112ef5a5173eb841943232a70ab4c9a5d9d6640c7a1a107,,AL172019
CAND-3654,S4,AL172019:WCSC-0Q1Z,sweeps/S4/S4-AL172019-WCSC-0Q1Z/objects/3e6d028c943e07cb81ed5eae54b80bcf4cc99c9e04ca66937c07ce36ca36a8d4,,AL172019
CAND-3655,S4,AL172019:WCSC-0Q20,sweeps/S4/S4-AL172019-WCSC-0Q20/objects/1db2b1136893e9ff7152f2a4fe9ad0858f2e1ef3522433f4bbb558df079f061c,,AL172019
CAND-3656,S4,AL172019:WCSC-0Q26,sweeps/S4/S4-AL172019-WCSC-0Q26/objects/1f142e3ba6ea0a9dd508fd0cce0d37d6bd0d0db18a95dddff0bb30bc1c473d30,,AL172019
CAND-3657,S4,AL172019:WCSC-0Q27,sweeps/S4/S4-AL172019-WCSC-0Q27/objects/75513dd663d2f312c7f189620805b7077c16ef6bb574a8107b6cf686948f1006,,AL172019
CAND-3658,S4,AL172019:WCSC-0QAJ,sweeps/S4/S4-AL172019-WCSC-0QAJ/objects/23c0aaacc1858a9b9b79aa3090ed77a711b1d03d9032128b128088da6b354249,,AL172019
CAND-3659,S4,AL172019:WCSC-0QAK,sweeps/S4/S4-AL172019-WCSC-0QAK/objects/44cb69bffb6b31de4321636c2527d07ca225c5a604ae18a1bb612350f57461c5,,AL172019
CAND-3660,S4,AL172019:WCSC-0QBU,sweeps/S4/S4-AL172019-WCSC-0QBU/objects/cfd9856611c746204f429c53ccea95d7574e4f9565b66f8996f5942f445bc8d1,,AL172019
CAND-3661,S4,AL172019:WCSC-0QC2,sweeps/S4/S4-AL172019-WCSC-0QC2/objects/bbcc72ba71411228c6491a435ec000ce01a7bd21696e0c708db05545f2fa79ca,,AL172019
CAND-3662,S4,AL172019:WCSC-0QC3,sweeps/S4/S4-AL172019-WCSC-0QC3/objects/a86b61ecf725a58ac461ce8c774277cfe5d34c1f8104ffc943539b00b3e0828c,,AL172019
CAND-3663,S4,AL172019:WCSC-0QGK,sweeps/S4/S4-AL172019-WCSC-0QGK/objects/a15f750c4ed5e95d2eb126cc6a30cde4181582584535581f991a73a941cb6639,,AL172019
CAND-3664,S4,AL172019:WCSC-0QJJ,sweeps/S4/S4-AL172019-WCSC-0QJJ/objects/5fe653374191d672984964bd260d63521a2aec62cb188043e1ba36016bcbec36,,AL172019
CAND-3665,S4,AL172019:WCSC-0QJK,sweeps/S4/S4-AL172019-WCSC-0QJK/objects/ee8b3425e19afac22c7a1dc11927257f90bf85c5b3e8dd176390137c62feed1a,,AL172019
CAND-3666,S4,AL172019:WCSC-0QJN,sweeps/S4/S4-AL172019-WCSC-0QJN/objects/e125cc6e414a9c12ee36f5226f57363baf34973b7becb4bff72ec7229742d038,,AL172019
CAND-3667,S4,AL172019:WCSC-0QJQ,sweeps/S4/S4-AL172019-WCSC-0QJQ/objects/dcb021abd4d5803e073c5b555159264d71d7116b4587ab0e6b7d138310f83b43,,AL172019
CAND-3668,S4,AL172019:WCSC-0QJU,sweeps/S4/S4-AL172019-WCSC-0QJU/objects/ee7a467f10ca13d74fb67d903e4078bf46700aa35b18b83d99fcd73c7ac86059,,AL172019
CAND-3669,S4,AL172019:WCSC-0QLR,sweeps/S4/S4-AL172019-WCSC-0QLR/objects/6c6647e6f139ceb92212862c238c912517d3fc476fa2856266b327760a69c8a0,,AL172019
CAND-3670,S4,AL172019:WCSC-0QWQ,sweeps/S4/S4-AL172019-WCSC-0QWQ/objects/c17ef0140ea2714758ceb3155292839f7e8952377d4300fea5e7d5671120e969,,AL172019
CAND-3671,S4,AL172019:WCSC-0QZX,sweeps/S4/S4-AL172019-WCSC-0QZX/objects/ed9a08456484eaed2d657968030e5315f26dd574dbeeac4606d041b9c8a74ec1,,AL172019
CAND-3672,S4,AL172019:WCSC-0R0Y,sweeps/S4/S4-AL172019-WCSC-0R0Y/objects/3ca68ee7ec9d7649159c8acd51fe53f20e3cb9fb3bc990ad9730f63db7a7f342,,AL172019
CAND-3673,S4,AL172019:WCSC-0R0Z,sweeps/S4/S4-AL172019-WCSC-0R0Z/objects/1d438cb86ceb7b8dd66cbe205f6dd6a74207fc031c970fa4e567c8044fe48937,,AL172019
CAND-3674,S4,AL172019:WCSC-0R3A,sweeps/S4/S4-AL172019-WCSC-0R3A/objects/62ffa4ab64e935dfc90320c4a325958eda300566000b6954b38f1c6f3b28a13c,,AL172019
CAND-3675,S4,AL172019:WCSC-0R6X,sweeps/S4/S4-AL172019-WCSC-0R6X/objects/fc5a3138dc79603800671a370c27d2abbe1c17c2046adc78bcfb80d86bafa115,,AL172019
CAND-3676,S4,AL172019:WCSC-0RDQ,sweeps/S4/S4-AL172019-WCSC-0RDQ/objects/89426a55c4ba7b664cc026f95559eb482d9cfa4fe19198ccad500713af1185dc,,AL172019
CAND-3677,S4,AL172019:WCSC-0RDR,sweeps/S4/S4-AL172019-WCSC-0RDR/objects/5de0f3f241dc9ed5e3931cfe9a83978464072cf1ebea0b4a57e0aca1eac3fa77,,AL172019
CAND-3678,S4,AL172019:WCSC-0RLM,sweeps/S4/S4-AL172019-WCSC-0RLM/objects/d3b7fd5c8f41ac1036f6ba32c926750f407c2f451e1ecb990afc2f249e0dc891,,AL172019
CAND-3679,S4,AL172019:WCSC-0RLY,sweeps/S4/S4-AL172019-WCSC-0RLY/objects/bceb5060fe306eee7a30221e35100b1102af6c7043f7fecc106c6a13c703388d,,AL172019
CAND-3680,S4,AL172019:WCSC-0RLZ,sweeps/S4/S4-AL172019-WCSC-0RLZ/objects/fa0afb3c8d5c4a6a3505a70acf164b547331280bb68cb746172f44e6b09c5660,,AL172019
CAND-3681,S4,AL172019:WCSC-0RM3,sweeps/S4/S4-AL172019-WCSC-0RM3/objects/13edca0b75e11147084ac45c6937f11163c42e488d44f9666b07c908e7d9159b,,AL172019
CAND-3682,S4,AL172019:WCSC-0RM7,sweeps/S4/S4-AL172019-WCSC-0RM7/objects/4211a97eb8c7ad3937006d0aa366933974b76ff5cc5f8f5ded43bc6ce4c32a97,,AL172019
CAND-3683,S4,AL172019:WCSC-0RM9,sweeps/S4/S4-AL172019-WCSC-0RM9/objects/c2f5267cf14bcf2723a8e7fa0acd1f7b2205febb20813cb78adc4774b53ecc7a,,AL172019
CAND-3684,S4,AL172019:WCSC-0RNL,sweeps/S4/S4-AL172019-WCSC-0RNL/objects/3df3664b606aecb8a985266ba002e88bf46bd3f98f0a7dbecf515d5412116c09,,AL172019
CAND-3685,S4,AL172019:WCSC-0RRU,sweeps/S4/S4-AL172019-WCSC-0RRU/objects/0c4ad9a29b22326b82e3dfff18397d7b9b1673cfec1712e491fcab7f332ba0c0,,AL172019
CAND-3686,S4,AL172019:WCSC-0RU1,sweeps/S4/S4-AL172019-WCSC-0RU1/objects/259041ce82e327e113c6d438897d9774997e4170af1e7658d78b29e3f33b0c9c,,AL172019
CAND-3687,S4,AL172019:WCSC-0RU2,sweeps/S4/S4-AL172019-WCSC-0RU2/objects/e25d7375ac5231712ed799c518d8fd5f01e46c55d851c0a500f1582c3ff23952,,AL172019
CAND-3688,S4,AL172019:WCSC-0RUS,sweeps/S4/S4-AL172019-WCSC-0RUS/objects/98c4eabd7dcbae73ce58cf4da8b9c01364d5f849591d00c0d1fab659485bf52e,,AL172019
CAND-3689,S4,AL172019:WCSC-0RVA,sweeps/S4/S4-AL172019-WCSC-0RVA/objects/c43348be53395128c4cf5f5e3fc5124a1fc1f4b03e7b8a1da7aba716f628e9e2,,AL172019
CAND-3690,S4,AL172019:WCSC-0S97,sweeps/S4/S4-AL172019-WCSC-0S97/objects/8a9613575eccc4517212daa985766dfc1064bb44030988df76a428ee3627646f,,AL172019
CAND-3691,S4,AL172019:WCSC-0S9Y,sweeps/S4/S4-AL172019-WCSC-0S9Y/objects/081ebbe2686fe2e8bc9db9b71d0eb534c887baea5be37e4033030e112269b7c7,,AL172019
CAND-3692,S4,AL172019:WCSC-0SEN,sweeps/S4/S4-AL172019-WCSC-0SEN/objects/6366597e090bb6745daf0a4fe1e6d1e057f247a0692fabdd487231a0a80f7535,,AL172019
CAND-3693,S4,AL172019:WCSC-0SEQ,sweeps/S4/S4-AL172019-WCSC-0SEQ/objects/cd431a31e242f4d0e1465f837c376093f42cf52db3ba46cd3a7be7bb1f024e15,,AL172019
CAND-3694,S4,AL172019:WCSC-0T11,sweeps/S4/S4-AL172019-WCSC-0T11/objects/b05c16100e535b7b03d5f8768a6f3f6d736e0d039e40d9be401f560efa85bc04,,AL172019
CAND-3695,S4,AL172019:WCSC-0T12,sweeps/S4/S4-AL172019-WCSC-0T12/objects/9fb4b5cffd6940b09b3c1134060abf1b9fe0f9b5dd531dbc45ed3cfd0ea1eb9f,,AL172019
CAND-3696,S4,AL172019:WCSC-0T32,sweeps/S4/S4-AL172019-WCSC-0T32/objects/d97733d82f4fe88ece73b9c42f9bdbc94db10a28f2a8482493cfcf1ac9685f4c,,AL172019
CAND-3697,S4,AL172019:WCSC-0T33,sweeps/S4/S4-AL172019-WCSC-0T33/objects/f2fb650e344aa9aaedac9d9045b7aa749192616a9ddfe11aa79e01833ee51358,,AL172019
CAND-3698,S4,AL172019:WCSC-0TA5,sweeps/S4/S4-AL172019-WCSC-0TA5/objects/18a2a1671765e18abaa200d17983beb5166ef4710c483183f1c08c3256a7b7c0,,AL172019
CAND-3699,S4,AL172019:WCSC-0TKQ,sweeps/S4/S4-AL172019-WCSC-0TKQ/objects/fc7c936ce2b1789fbe0cab1dfa00cd0fb0e6d1f3794fe438d94838eccf03f49a,,AL172019
CAND-3700,S4,AL172019:WCSC-0TLU,sweeps/S4/S4-AL172019-WCSC-0TLU/objects/e74d412e442902453b879ff152bb0e83488eb828e7fd612357375ade4c97a134,,AL172019
CAND-3701,S4,AL172019:WCSC-0TLV,sweeps/S4/S4-AL172019-WCSC-0TLV/objects/5a7636d08a36e91e7d4985cfdd8d1fe73f3ac47211f3cd56abcbef92f810a147,,AL172019
CAND-3702,S4,AL172019:WCSC-0TMQ,sweeps/S4/S4-AL172019-WCSC-0TMQ/objects/c5b1b736b5de4480d226005b04071019707cb42943c6d3eb246d6750240730e0,,AL172019
CAND-3703,S4,AL172019:WCSC-0TNM,sweeps/S4/S4-AL172019-WCSC-0TNM/objects/2cba5a5f2cefd20030a49cbb8095d1679943f8f4ff0c67bb8c83ef3ea62c64ef,,AL172019
CAND-3704,S4,AL172019:WCSC-0TP3,sweeps/S4/S4-AL172019-WCSC-0TP3/objects/9533b417476cdd141a39bb6e53d751c253eb894a2b8629973ce06c5cb0d7f04e,,AL172019
CAND-3705,S4,AL172019:WCSC-0TP4,sweeps/S4/S4-AL172019-WCSC-0TP4/objects/5ba6425b8a50a861a63b1251e5141f88942df2a1dab01738ace248535779295d,,AL172019
CAND-3706,S4,AL172019:WCSC-0TTR,sweeps/S4/S4-AL172019-WCSC-0TTR/objects/d6cf376ae89fdd1a0bc3576e3b25c99bff7281099ff3c3aa80e093820f00c6a6,,AL172019
CAND-3707,S4,AL172019:WCSC-0TUW,sweeps/S4/S4-AL172019-WCSC-0TUW/objects/8d0d044c3b8b8fde8e10d3650ae07b7e749bf305503e70335aea82e31eb5131f,,AL172019
CAND-3708,S4,AL172019:WCSC-0TUX,sweeps/S4/S4-AL172019-WCSC-0TUX/objects/be003a8fccd096a812fd1c1d3a18ee7aa11ac10b167ae7489829c4c3d4441bdb,,AL172019
CAND-3709,S4,AL172019:WCSC-0TX7,sweeps/S4/S4-AL172019-WCSC-0TX7/objects/09a5b11363f0e49cc11f8a1e3e4531a6757a36eb2c3a41b812a93dc606df85ac,,AL172019
CAND-3710,S4,AL172019:WCSC-0TYL,sweeps/S4/S4-AL172019-WCSC-0TYL/objects/1c56651558af6515280e71fbc815ad5f16971d52444c74479bf7a3a2f14d2305,,AL172019
CAND-3711,S4,AL172019:WCSC-0TYV,sweeps/S4/S4-AL172019-WCSC-0TYV/objects/a80650471b96ab328cd553693b575232b148bc6baae6ea3e1d7e72115bc5e9d3,,AL172019
CAND-3712,S4,AL172019:WCSC-0U22,sweeps/S4/S4-AL172019-WCSC-0U22/objects/01523f3e15fb4fa86bf24340388c714e09c7c5da6bfd42d2c659a22d477e09ea,,AL172019
CAND-3713,S4,AL172019:WCSC-0U2B,sweeps/S4/S4-AL172019-WCSC-0U2B/objects/8c2a42b7b159c28fac281bb65a18080c21e058e6ae0da55d03c85d065a36c370,,AL172019
CAND-3714,S4,AL172019:WCSC-0UVF,sweeps/S4/S4-AL172019-WCSC-0UVF/objects/05e64e9cadeafbdac9053f6b886f04e67e030699494bc46d14fa0473f42c9cf4,,AL172019
CAND-3715,S4,AL172019:WCSC-0UVG,sweeps/S4/S4-AL172019-WCSC-0UVG/objects/b161f8d598597c1be47aae080830e0ed2aefde285fe2aa497a8b94b135ef1e54,,AL172019
CAND-3716,S4,AL172019:WCSC-0V9G,sweeps/S4/S4-AL172019-WCSC-0V9G/objects/a7db50d45e8d4c2e85a69ce2ed4218e5f529dda032d66a76fba5078fde0c6997,,AL172019
CAND-3717,S4,AL172019:WCSC-0V9H,sweeps/S4/S4-AL172019-WCSC-0V9H/objects/41080959521c1121eca75e009f31f9d1b13a83f4617b9adda5d47bfeabc81330,,AL172019
CAND-3718,S4,AL172019:WCSC-0V9J,sweeps/S4/S4-AL172019-WCSC-0V9J/objects/693365fa01250b596442dffaef811f03d38a9cc53cf2ab82c8cb5f7a9ec99582,,AL172019
CAND-3719,S4,AL172019:WCSC-0V9K,sweeps/S4/S4-AL172019-WCSC-0V9K/objects/71ad1be34e81fc3b9d52f5fb80c52afc2fc92ff59549330803f8521f062c3ff7,,AL172019
CAND-3720,S4,AL172019:WCSC-0V9M,sweeps/S4/S4-AL172019-WCSC-0V9M/objects/d6370eb8d8569f04c03395104d135001e2576db99e58f9201dc3af61fbdd297e,,AL172019
CAND-3721,S4,AL172019:WCSC-0VGT,sweeps/S4/S4-AL172019-WCSC-0VGT/objects/a52144306ea785b2003c5d41e6e5e5bb5adbf93375c755b0218e9291c6f2147e,,AL172019
CAND-3722,S4,AL172019:WCSC-0VGV,sweeps/S4/S4-AL172019-WCSC-0VGV/objects/e32ce96db71a3a87ba51f18694d54dd7a8c1634cef1be46d35afe9438b5cda3c,,AL172019
CAND-3723,S4,AL172019:WCSC-0VGW,sweeps/S4/S4-AL172019-WCSC-0VGW/objects/8af5796ca5eb63868d3af1ce34e94ac3692aad81663b23134ceeaaa2321f0f29,,AL172019
CAND-3724,S4,AL172019:WCSC-0VKU,sweeps/S4/S4-AL172019-WCSC-0VKU/objects/b24068b549e5a6a7bce8ab7bac2ff90526bfe73156ab7450f6aeec23664fdc2e,,AL172019
CAND-3725,S4,AL172019:WCSC-0VKV,sweeps/S4/S4-AL172019-WCSC-0VKV/objects/4c993f91dc9aef71fd9a7f76436b0cb1e86dedeec36060fafb20ac66e6c08f83,,AL172019
CAND-3726,S4,AL172019:WCSC-0VKW,sweeps/S4/S4-AL172019-WCSC-0VKW/objects/65d72827be242cdfb75a73db4d03fd5a1239d7c46bb0c5c8c012e40fa2a628e2,,AL172019
CAND-3727,S4,AL172019:WCSC-0VLD,sweeps/S4/S4-AL172019-WCSC-0VLD/objects/027a2be22209c553f7164612e8b895fa398d6ec62fe0799bb3a47ccde8961930,,AL172019
CAND-3728,S4,AL172019:WCSC-0VLF,sweeps/S4/S4-AL172019-WCSC-0VLF/objects/ebe4f317f44d105fe703ee552221bd532b17e46a398ac19dab117f126d478b50,,AL172019
CAND-3729,S4,AL172019:WCSC-0VLU,sweeps/S4/S4-AL172019-WCSC-0VLU/objects/ca66a54b7aa7d876589e16215d0a269e9d214d22181d41e1e66d5687005bfdcd,,AL172019
CAND-3730,S4,AL172019:WCSC-0VLV,sweeps/S4/S4-AL172019-WCSC-0VLV/objects/27168ac731f09e18291aa8001d2330d101788f43cca8c85137cc916243bd5b33,,AL172019
CAND-3731,S4,AL172019:WCSC-0VMA,sweeps/S4/S4-AL172019-WCSC-0VMA/objects/b10a79d63134b57be25c6c989c6d925628d97ffe74e2dac2aa35eb917c28cc9e,,AL172019
CAND-3732,S4,AL172019:WCSC-0VMF,sweeps/S4/S4-AL172019-WCSC-0VMF/objects/d9d4288848822a1641f883c11fda6a68cf601e78c2bea5e8b897941d6ec40323,,AL172019
CAND-3733,S4,AL172019:WCSC-0VMG,sweeps/S4/S4-AL172019-WCSC-0VMG/objects/1671b08d0e18507a3749207865d1046ce2f7a4191e035ab56a10d248ad48442c,,AL172019
CAND-3734,S4,AL172019:WCSC-0VN2,sweeps/S4/S4-AL172019-WCSC-0VN2/objects/79b1e05e0e30eeba36b402f9988c8e9bfc4c626119aa67f3b6b4b43b40ab0821,,AL172019
CAND-3735,S4,AL172019:WCSC-0VNE,sweeps/S4/S4-AL172019-WCSC-0VNE/objects/90f657d5d15c4d0dee093a54773c08ee46852f6ccd2fdd7f2375a0db01b1a25b,,AL172019
CAND-3736,S4,AL172019:WCSC-0VNF,sweeps/S4/S4-AL172019-WCSC-0VNF/objects/099255d55f11b1af370f0eee36b9bec2efe44e93d9c07dd2a9732c9cdee62c6f,,AL172019
CAND-3737,S4,AL172019:WCSC-0VNJ,sweeps/S4/S4-AL172019-WCSC-0VNJ/objects/276b64f2cd48daf49b868cad57b3f3d628ba04e9f9ec57dee9b900363e83ee64,,AL172019
CAND-3738,S4,AL172019:WCSC-0VNK,sweeps/S4/S4-AL172019-WCSC-0VNK/objects/e881849d45fe31e534f344a626a12037473593fdd158fa0793a2510a98c7b5e0,,AL172019
CAND-3739,S4,AL172019:WCSC-0VP0,sweeps/S4/S4-AL172019-WCSC-0VP0/objects/6978cce023dd7dab67cb699e30b077c0aaa01543f8ecaf2bd312fe8466b3fec9,,AL172019
CAND-3740,S4,AL172019:WCSC-0VP2,sweeps/S4/S4-AL172019-WCSC-0VP2/objects/d43c44bda3ed94e1cf02967dc94a28110f90470499000961d9e7b5c78b509502,,AL172019
CAND-3741,S4,AL172019:WCSC-0VP3,sweeps/S4/S4-AL172019-WCSC-0VP3/objects/37e6d01eb37dedab5623b904b2b570d81f15695e37d02f469e041905600b223c,,AL172019
CAND-3742,S4,AL172019:WCSC-0VPL,sweeps/S4/S4-AL172019-WCSC-0VPL/objects/a517de6b3179d762707ffebdbbc43782b8d507e76fd3be3b9254c3e56f08ea63,,AL172019
CAND-3743,S4,AL172019:WCSC-0VPM,sweeps/S4/S4-AL172019-WCSC-0VPM/objects/b4fb29f41f414668f96dda73792548afad445c81fb914d54cde4fd37439a68fb,,AL172019
CAND-3744,S4,AL172019:WCSC-0VPN,sweeps/S4/S4-AL172019-WCSC-0VPN/objects/3a806b1a1f9a4e1968d29cffa4b485e0b490cbb1509e13c62e4943746c9d973b,,AL172019
CAND-3745,S4,AL172019:WCSC-0VPP,sweeps/S4/S4-AL172019-WCSC-0VPP/objects/f64de0c6677a383b3eed2ec4e65e7afef1a1164c66a2a33b0471160654efd110,,AL172019
CAND-3746,S4,AL172019:WCSC-0VQW,sweeps/S4/S4-AL172019-WCSC-0VQW/objects/1c6201fa3c660ea425a7d47f7a68d871a8c7df0c551432de94f5f9168297c7e9,,AL172019
CAND-3747,S4,AL172019:WCSC-0VQX,sweeps/S4/S4-AL172019-WCSC-0VQX/objects/8dcd20192932463f57ad41fc49431f43e1b312b16f5c1a528c094a5e06abd117,,AL172019
CAND-3748,S4,AL172019:WCSC-0VQY,sweeps/S4/S4-AL172019-WCSC-0VQY/objects/f3ace5e7316f833a0e08b3d017980c4b11b9a27d14b8e54fa2be4eaa783499a0,,AL172019
CAND-3749,S4,AL172019:WCSC-0VQZ,sweeps/S4/S4-AL172019-WCSC-0VQZ/objects/da113f40982aa6796d823e4f3b74077191a29e54c1a51a9c95ae97ac29a380a6,,AL172019
CAND-3750,S4,AL172019:WCSC-0VR0,sweeps/S4/S4-AL172019-WCSC-0VR0/objects/b3f8875f5b2a4fd21e5661701bf74fe059bb15ed345e5233c01ef8e953778203,,AL172019
CAND-3751,S4,AL172019:WCSC-0VRJ,sweeps/S4/S4-AL172019-WCSC-0VRJ/objects/217d931b5216b3c1e4252edf1e4a8d58a72ad05a2eb85884d77f6a6384c3839d,,AL172019
CAND-3752,S4,AL172019:WCSC-0VRN,sweeps/S4/S4-AL172019-WCSC-0VRN/objects/3dc0f7a6a0f9a4592b10a3e8d2f12c4a5609679e1550b9e5624e6a3a7cd276f3,,AL172019
CAND-3753,S4,AL172019:WCSC-0W22,sweeps/S4/S4-AL172019-WCSC-0W22/objects/cb18a73d98c92cea8274f0a6812cbab613982dd5cf4f15d2873bdd5cd950adba,,AL172019
CAND-3754,S4,AL172019:WCSC-0W26,sweeps/S4/S4-AL172019-WCSC-0W26/objects/ea3ddf4161ef12e5a4347b1a59a2bdf43cb00e190ae5fa2bcd00ac571c299364,,AL172019
CAND-3755,S4,AL172019:WCSC-0W27,sweeps/S4/S4-AL172019-WCSC-0W27/objects/b1d75ae35372d5e687ee7ecac4c67c81f1e7f0359ac481ca224356ebb1b58ea5,,AL172019
CAND-3756,S4,AL172019:WCSC-0W28,sweeps/S4/S4-AL172019-WCSC-0W28/objects/ef8e8786dec4c0ae215310281f08fee8df26c1ca7d585ff7cdd6b6491fb3cebd,,AL172019
CAND-3757,S4,AL172019:WCSC-0W3N,sweeps/S4/S4-AL172019-WCSC-0W3N/objects/da2274b2a85b1344f1323d9e09be715e1103d114c6605952c7bd84b00d0bb2fb,,AL172019
CAND-3758,S4,AL172019:WCSC-0W55,sweeps/S4/S4-AL172019-WCSC-0W55/objects/3df1991efecea2e6c2c230bf98e0b5d832e597103c7011c0645ac7b825a0b277,,AL172019
CAND-3759,S4,AL172019:WCSC-0W5P,sweeps/S4/S4-AL172019-WCSC-0W5P/objects/b5d564ae3f8d8100a92a96e720edfbe56a66c1bbbf3966d796dd47f33f403dd6,,AL172019
CAND-3760,S4,AL172019:WCSC-0W76,sweeps/S4/S4-AL172019-WCSC-0W76/objects/c36bf4bf8d8a15170392b132ec0cbf7cb28e0f016b70ea405e4c80e6700062c9,,AL172019
CAND-3761,S4,AL172019:WCSC-0WLG,sweeps/S4/S4-AL172019-WCSC-0WLG/objects/a4221c020d1bde3e1021025e4cda3368638de79569e7196f967f3f953ca467ca,,AL172019
CAND-3762,S4,AL172019:WCSC-0WLH,sweeps/S4/S4-AL172019-WCSC-0WLH/objects/e35c7e956c8527489dc52146e48bfda9d60d19a74c13979369e3d40cc2229bc5,,AL172019
CAND-3763,S4,AL172019:WCSC-0WLJ,sweeps/S4/S4-AL172019-WCSC-0WLJ/objects/00563bba26fa04b41209bc244bb77dd96d7f1fc59faa12d93d4e6c8692c082a5,,AL172019
CAND-3764,S4,AL172019:WCSC-0WMA,sweeps/S4/S4-AL172019-WCSC-0WMA/objects/877436d5fd4d58117d47818b05fe3d072b557d067c95bdaa53596d8b7c619073,,AL172019
CAND-3765,S4,AL172019:WCSC-0WMX,sweeps/S4/S4-AL172019-WCSC-0WMX/objects/5cc1c6d59308287bcb2d7a0d0ee54cd29b6e9d01e6e23d689b1809ea95cafda8,,AL172019
CAND-3766,S4,AL172019:WCSC-0WMY,sweeps/S4/S4-AL172019-WCSC-0WMY/objects/01ba2a3411ace321286346f668e3cc9286d6522c523cf336b62e700418272589,,AL172019
CAND-3767,S4,AL172019:WCSC-0WMZ,sweeps/S4/S4-AL172019-WCSC-0WMZ/objects/699e4b71dfa1b5adafdba051f14aa4d792144b272feeae808501abb713642416,,AL172019
CAND-3768,S4,AL172019:WCSC-0WUH,sweeps/S4/S4-AL172019-WCSC-0WUH/objects/56fc61057692d87f56362fa65242a52e9a57ccead1155711877bc6a0ed2ec048,,AL172019
CAND-3769,S4,AL172019:WCSC-0WUS,sweeps/S4/S4-AL172019-WCSC-0WUS/objects/3deabf3fbe96308f616ea84cee698ce15a964547fcd6a2beb6f4e35acd78d66a,,AL172019
CAND-3770,S4,AL172019:WCSC-0WUT,sweeps/S4/S4-AL172019-WCSC-0WUT/objects/4d5104349fe52a91576517dae2e5eff4443e92f28932061d07b2fe2eece4b4dc,,AL172019
CAND-3771,S4,AL172019:WCSC-0WUU,sweeps/S4/S4-AL172019-WCSC-0WUU/objects/c702c65dda189aa0a15903eef4e358fee4b3a7e8ebedfc536bb9d04799ce944f,,AL172019
CAND-3772,S4,AL172019:WCSC-0WV0,sweeps/S4/S4-AL172019-WCSC-0WV0/objects/ba0bdbab9a737675de1239d4f0ea1e783c8bb465d717ec835d61419d3093856c,,AL172019
CAND-3773,S4,AL172019:WCSC-0WV1,sweeps/S4/S4-AL172019-WCSC-0WV1/objects/692799042bbb6fbb4bec318e93f21079d49510e6226402866f1d10f69a8fd719,,AL172019
CAND-3774,S4,AL172019:WCSC-0WV2,sweeps/S4/S4-AL172019-WCSC-0WV2/objects/3afd86041a1611f429b92ce168002dba129ad55f4fe51c5237a0a366990a4aa8,,AL172019
CAND-3775,S4,AL172019:WCSC-0WV3,sweeps/S4/S4-AL172019-WCSC-0WV3/objects/8488d05622d97b8b619e56c6672a419497508f5bd8e69b8c79e3a0ac85ded53e,,AL172019
CAND-3776,S4,AL172019:WCSC-0WV4,sweeps/S4/S4-AL172019-WCSC-0WV4/objects/b4415dc2485d1ff276ecbbc44e19ebc2756c1146cd24f534fbb3bf3c24c8e566,,AL172019
CAND-3777,S4,AL172019:WCSC-0WV6,sweeps/S4/S4-AL172019-WCSC-0WV6/objects/c440aa7d2723e5c468cb2da7e93c80eb84031a317bed132138ddf8fd931910ed,,AL172019
CAND-3778,S4,AL172019:WCSC-0WV8,sweeps/S4/S4-AL172019-WCSC-0WV8/objects/8643b6d6fa6c9d764f5c65eb8fb6dbecab6a49277b0e5f2eb0a39d2408dbf07f,,AL172019
CAND-3779,S4,AL172019:WCSC-0WVQ,sweeps/S4/S4-AL172019-WCSC-0WVQ/objects/09f1425835bd366943ac5f04e9ed7ffc3631f974a3535927467db85dd0e7c4de,,AL172019
CAND-3780,S4,AL172019:WCSC-0WVV,sweeps/S4/S4-AL172019-WCSC-0WVV/objects/499170aac7cc01e8cc40f19ca97dd27cdddc39b9796e5ee760d78ecc6dcba160,,AL172019
CAND-3781,S4,AL172019:WCSC-0WVW,sweeps/S4/S4-AL172019-WCSC-0WVW/objects/81c3932588be31c529df6dcc1f0af609fa9df43a2e17c5574731a495599e9525,,AL172019
CAND-3782,S4,AL172019:WCSC-0WVX,sweeps/S4/S4-AL172019-WCSC-0WVX/objects/fba526171e0eebd378534b5f516e65976022d097d326142771f344578c6db20f,,AL172019
CAND-3783,S4,AL172019:WCSC-0WW0,sweeps/S4/S4-AL172019-WCSC-0WW0/objects/c202f212df1cad9189f9dc6e67fb81b0beb74c60a9043fc681070216162e91b8,,AL172019
CAND-3784,S4,AL172019:WCSC-0WW2,sweeps/S4/S4-AL172019-WCSC-0WW2/objects/27b0db4f37d79afdc76801ee3f8d62aee5eff1b1f9eb40ffc992c91553f35080,,AL172019
CAND-3785,S4,AL172019:WCSC-0WW5,sweeps/S4/S4-AL172019-WCSC-0WW5/objects/5fd0e61efff672933f97db1673f64429d88e4f618d51df1e2fe8b41d90ec0e77,,AL172019
CAND-3786,S4,AL172019:WCSC-0WW9,sweeps/S4/S4-AL172019-WCSC-0WW9/objects/c7932a927e8a62c226be8c1c9749c8e88c332b80a0d2f0ad89451ed0fabab1bb,,AL172019
CAND-3787,S4,AL172019:WCSC-0WWB,sweeps/S4/S4-AL172019-WCSC-0WWB/objects/047739c61affa1fedebeec695047ab8475c5d5415d323ab3c517251e01455705,,AL172019
CAND-3788,S4,AL172019:WCSC-0WWT,sweeps/S4/S4-AL172019-WCSC-0WWT/objects/6fc8657b2777f6bf5781e2d710cf7fc1bdf71d9d111653966a8d1d35dab3aee8,,AL172019
CAND-3789,S4,AL172019:WCSC-0WWV,sweeps/S4/S4-AL172019-WCSC-0WWV/objects/96860a3790034368fbb3482e780f5c493d4fa6e794ccfe1500aeb5b22defb051,,AL172019
CAND-3790,S4,AL172019:WCSC-0WWW,sweeps/S4/S4-AL172019-WCSC-0WWW/objects/d343135deac2b4cd2e7d0fd6c968cc5e4ff40eba801ec20db42b21faa4c1b06f,,AL172019
CAND-3791,S4,AL172019:WCSC-0WXJ,sweeps/S4/S4-AL172019-WCSC-0WXJ/objects/e1c5adcf3801e1e0c20dd445b12824efe35de4ff9c4fe9230a5c83a665f2b56c,,AL172019
CAND-3792,S4,AL172019:WCSC-0WXK,sweeps/S4/S4-AL172019-WCSC-0WXK/objects/be7ba71cab98117d654c955a8752ded3e9f93826fbf06cefea0f8626e57ba353,,AL172019
CAND-3793,S4,AL172019:WCSC-0WXL,sweeps/S4/S4-AL172019-WCSC-0WXL/objects/c4a81b1142bca95a544bdc8fcb7734487534c8791d49ff77b11c45cf0e2b540e,,AL172019
CAND-3794,S4,AL172019:WCSC-0WXM,sweeps/S4/S4-AL172019-WCSC-0WXM/objects/24ca8c4e55622e3cdfc8f2d161e348164349f9ee4a3d4f2fae68dd128053d90f,,AL172019
CAND-3795,S4,AL172019:WCSC-0WXQ,sweeps/S4/S4-AL172019-WCSC-0WXQ/objects/44b6cfd0862dfebca7efb9d28ee1d6060e48ece6961ae2c5d141c4d44df88ae5,,AL172019
CAND-3796,S4,AL172019:WCSC-0WXR,sweeps/S4/S4-AL172019-WCSC-0WXR/objects/0097e6b6911aa7e9800a8003b3df2f7fa4941a80a2491366a3f1736bd3238477,,AL172019
CAND-3797,S4,AL172019:WCSC-0WY2,sweeps/S4/S4-AL172019-WCSC-0WY2/objects/ae1aad4ff8a95dade3ecb04fbbce00cd5ad181baab9ddb7ff2947ffee94240fa,,AL172019
CAND-3798,S4,AL172019:WCSC-0WY5,sweeps/S4/S4-AL172019-WCSC-0WY5/objects/6ac3d58d46e80d7bcb19c90e5bdfffa83db2792780903e27bb2cc52c423b27a3,,AL172019
CAND-3799,S4,AL172019:WCSC-0WY6,sweeps/S4/S4-AL172019-WCSC-0WY6/objects/851f80f10805c2b9041571211d0a83392617c554e694587ecb3e29f7cbc93e64,,AL172019
CAND-3800,S4,AL172019:WCSC-0WYG,sweeps/S4/S4-AL172019-WCSC-0WYG/objects/44973299d9cb0550ae25803ec787ebd53e8cfcf3b553550f9f709a53f1f60bdf,,AL172019
CAND-3801,S4,AL172019:WCSC-0WYH,sweeps/S4/S4-AL172019-WCSC-0WYH/objects/08801e0eded4306e3353080a2c22d69ff71585c8cf67b8b42af68c08bd5d18ce,,AL172019
CAND-3802,S4,AL172019:WCSC-0WYJ,sweeps/S4/S4-AL172019-WCSC-0WYJ/objects/9513a355c4608cb909d61f0e0eb4bbcc0038da54e653a8f4a0d2de4c561a79dd,,AL172019
CAND-3803,S4,AL172019:WCSC-0WYK,sweeps/S4/S4-AL172019-WCSC-0WYK/objects/80c7edd2b529075495e9618a1fbc116a212c700dabf123d5bae6cb3a128962d9,,AL172019
CAND-3804,S4,AL172019:WCSC-0WYP,sweeps/S4/S4-AL172019-WCSC-0WYP/objects/b42198a3829cc47ce1d32ed981bd6b7387b0e56d12479a14b549abf9cddccb24,,AL172019
CAND-3805,S4,AL172019:WCSC-0WYQ,sweeps/S4/S4-AL172019-WCSC-0WYQ/objects/27592a9fb937952476af7dcddd911f890c29fc999dc57e75c971075179685477,,AL172019
CAND-3806,S4,AL172019:WCSC-0WYR,sweeps/S4/S4-AL172019-WCSC-0WYR/objects/ff2be811d16879811edb6183857a76911c2eeed17468f7e2f5b10aa99379d86a,,AL172019
CAND-3807,S4,AL172019:WCSC-0WYZ,sweeps/S4/S4-AL172019-WCSC-0WYZ/objects/68d1bf1db014be477f9ad6f333e8539c0e570f330fbcfa8c740f42520de8759e,,AL172019
CAND-3808,S4,AL172019:WCSC-0WZ4,sweeps/S4/S4-AL172019-WCSC-0WZ4/objects/25b353345b92c3a95efe977656f58ed2aafb2ececb415fb539203de639331e3b,,AL172019
CAND-3809,S4,AL172019:WCSC-0WZ7,sweeps/S4/S4-AL172019-WCSC-0WZ7/objects/2d383bc7a21c32dab91c4f82830668f3162e5f5d3837784c8c04eff3dff0708b,,AL172019
CAND-3810,S4,AL172019:WCSC-0WZB,sweeps/S4/S4-AL172019-WCSC-0WZB/objects/536a0845bbefe07562e61b5e1c6a11e108613cae26351a43167ce77690a7ac36,,AL172019
CAND-3811,S4,AL172019:WCSC-0WZM,sweeps/S4/S4-AL172019-WCSC-0WZM/objects/69419f2e9c528485d52cab18c2ada729cf6d15e110509e5f189af9506d1abfe6,,AL172019
CAND-3812,S4,AL172019:WCSC-0WZT,sweeps/S4/S4-AL172019-WCSC-0WZT/objects/b34165007b5db8883f144712861f5a072f552f88d17e11feb70fc620ca88291b,,AL172019
CAND-3813,S4,AL172019:WCSC-0WZV,sweeps/S4/S4-AL172019-WCSC-0WZV/objects/cde01293154a3c4091dcf82015d15b48b44aa11284cc4bb1f6d03a89cad7a09c,,AL172019
CAND-3814,S4,AL172019:WCSC-0X02,sweeps/S4/S4-AL172019-WCSC-0X02/objects/57a358c529478948c3b98349c9dca244708c2614905661b54399a81f6d106198,,AL172019
CAND-3815,S4,AL172019:WCSC-0X0B,sweeps/S4/S4-AL172019-WCSC-0X0B/objects/a81b09151b3fcbbd93057de23e8bca93e40ea52df1103cadb7d136d2413624d7,,AL172019
CAND-3816,S4,AL172019:WCSC-0X0S,sweeps/S4/S4-AL172019-WCSC-0X0S/objects/5287b4348d8cf5ac011706988ebcfb8c29a8a8f701fa69c7a83b0efecbff0137,,AL172019
CAND-3817,S4,AL172019:WCSC-0X18,sweeps/S4/S4-AL172019-WCSC-0X18/objects/4a8cf38055abe0ded8cc2b66b0701567e0f8465539f7dd76d558518b93e9c832,,AL172019
CAND-3818,S4,AL172019:WCSC-0X20,sweeps/S4/S4-AL172019-WCSC-0X20/objects/64189a3f723073721556a1beedbe64e4374f0f70a38a5bb88eec9bb231f09bd2,,AL172019
CAND-3819,S4,AL172019:WCSC-0X24,sweeps/S4/S4-AL172019-WCSC-0X24/objects/047351c2bc758ec0c2b5d5af6efa3f6d9c9a83148397017a92f22d17f1af4b32,,AL172019
CAND-3820,S4,AL172019:WCSC-0X2K,sweeps/S4/S4-AL172019-WCSC-0X2K/objects/81c8b21f1016715adcf613d5187410cc8b3e8f214802cf87578da7bb04bc95c3,,AL172019
CAND-3821,S4,AL172019:WCSC-0X2L,sweeps/S4/S4-AL172019-WCSC-0X2L/objects/81fd75aca70ae6961762a758e51978e8bed663f257507354966c5067d055fcdd,,AL172019
CAND-3822,S4,AL172019:WCSC-0X2M,sweeps/S4/S4-AL172019-WCSC-0X2M/objects/28a295718c84ad66ad719b1e68a596bfb2e633cdf7cdc7fad37480cf764c5556,,AL172019
CAND-3823,S4,AL172019:WCSC-0X32,sweeps/S4/S4-AL172019-WCSC-0X32/objects/8673a8033abfe924449e579953755c16f56811932610bd529c09a25d49fc9f7b,,AL172019
CAND-3824,S4,AL172019:WCSC-0X58,sweeps/S4/S4-AL172019-WCSC-0X58/objects/353c68a588240ffa78fab01ef64c9c1f56a93cf30c1aa38aac917283c0624947,,AL172019
CAND-3825,S4,AL172019:WCSC-0X59,sweeps/S4/S4-AL172019-WCSC-0X59/objects/740eb26ca4422a174db7561232e560468677711ccb791ff318d650e01820e09d,,AL172019
CAND-3826,S4,AL172019:WCSC-0X5S,sweeps/S4/S4-AL172019-WCSC-0X5S/objects/70c09841eeb9fdfca3fc879b1d036e00230405b7a06d38732fbce47cef4044ea,,AL172019
CAND-3827,S4,AL172019:WCSC-0X5T,sweeps/S4/S4-AL172019-WCSC-0X5T/objects/179ad3c67a6125f428aec0c17a020e660598e71d830cfe6bd4f8c57991770ded,,AL172019
CAND-3828,S4,AL172019:WCSC-0X5U,sweeps/S4/S4-AL172019-WCSC-0X5U/objects/6903dd1b02a3e586486c5b7c3ae60e6c2a972b1d6c5fbe7258c10a7bf2f47767,,AL172019
CAND-3829,S4,AL172019:WCSC-0X62,sweeps/S4/S4-AL172019-WCSC-0X62/objects/c0450dc200d1c0b8fa56aec397c62439a81a58de858834aa3ad83dec01955928,,AL172019
CAND-3830,S4,AL172019:WCSC-0X64,sweeps/S4/S4-AL172019-WCSC-0X64/objects/6590189b08f2e6f18b9c7332ec3ab00f162a2213a42be0bb17d91c529502619d,,AL172019
CAND-3831,S4,AL172019:WCSC-0X6A,sweeps/S4/S4-AL172019-WCSC-0X6A/objects/f9962faa794e1280bfac0569bdf6b1d1d3b49f51e281c358d875701c01132538,,AL172019
CAND-3832,S4,AL172019:WCSC-0X6E,sweeps/S4/S4-AL172019-WCSC-0X6E/objects/8a4cfecfc29002b769a35eb7cf107c67bf821b1f3e846d4cd813addb8949a940,,AL172019
CAND-3833,S4,AL172019:WCSC-0X6G,sweeps/S4/S4-AL172019-WCSC-0X6G/objects/102312902eddf5347d48a4d37bfdc37b7e160a2ee1af3806acb906458706d05d,,AL172019
CAND-3834,S4,AL172019:WCSC-0X6H,sweeps/S4/S4-AL172019-WCSC-0X6H/objects/10446383683df07b7b7a293591489c2689f2adab4c18c729b8848429d4c44a59,,AL172019
CAND-3835,S4,AL172019:WCSC-0X6J,sweeps/S4/S4-AL172019-WCSC-0X6J/objects/2bced8a52e6f0afc77a80129e311859796e7d81d0f3b44e07e429f3bc243c874,,AL172019
CAND-3836,S4,AL172019:WCSC-0X6K,sweeps/S4/S4-AL172019-WCSC-0X6K/objects/c4b7d4ea4ce93c948363982cc70d57a4009c03e886d5a8da11cce9eb9bd1acdf,,AL172019
CAND-3837,S4,AL172019:WCSC-0X6L,sweeps/S4/S4-AL172019-WCSC-0X6L/objects/3f6df795f5564a667adb952ef5d73d666bb6473e588643edb345025ad292edb9,,AL172019
CAND-3838,S4,AL172019:WCSC-0X6M,sweeps/S4/S4-AL172019-WCSC-0X6M/objects/6a0e743c91eea9ff1eda6a8e6bd3d9b5633fe5d145cb8a916a6563b293af3255,,AL172019
CAND-3839,S4,AL172019:WCSC-0X6N,sweeps/S4/S4-AL172019-WCSC-0X6N/objects/c7ed81b0b20215c7bb005e7f0cfd8993ad7225098b93d16ce5c7d71a3ba50062,,AL172019
CAND-3840,S4,AL172019:WCSC-0X6P,sweeps/S4/S4-AL172019-WCSC-0X6P/objects/667e1e0ef20a3933368982b95265ee5fb9c5e96ccfebeca0132c4088c244f307,,AL172019
CAND-3841,S4,AL172019:WCSC-0X6V,sweeps/S4/S4-AL172019-WCSC-0X6V/objects/1445fa7bc972ac445f947ff1aa0ec0b309de3dddbd55e9a39914b8d8b2db1881,,AL172019
CAND-3842,S4,AL172019:WCSC-0X75,sweeps/S4/S4-AL172019-WCSC-0X75/objects/fdfab3f4b339b8de656c0c343a460b63f5aa9b1a90b78ea6d5262f837d393b25,,AL172019
CAND-3843,S4,AL172019:WCSC-0X76,sweeps/S4/S4-AL172019-WCSC-0X76/objects/04b9c3c57be27d5c8bc4662708d9c4b43ada0ed6af88b0216b849786dd0c31fd,,AL172019
CAND-3844,S4,AL172019:WCSC-0X77,sweeps/S4/S4-AL172019-WCSC-0X77/objects/e1a9d13a87de01a068973b8070e2121c25ace8b5645bb7ef130487a0a5cc0404,,AL172019
CAND-3845,S4,AL172019:WCSC-0X78,sweeps/S4/S4-AL172019-WCSC-0X78/objects/90ec3ad5b96322e794df1c15cc8aad648ab7ff7cd875ac105d9350cb90d7c2ba,,AL172019
CAND-3846,S4,AL172019:WCSC-0X7G,sweeps/S4/S4-AL172019-WCSC-0X7G/objects/eb6b5ad27806796c08cf80f11ec335999ff11bc7d3b0f7e99b6f8fa5dd7eef0a,,AL172019
CAND-3847,S4,AL172019:WCSC-0X7L,sweeps/S4/S4-AL172019-WCSC-0X7L/objects/f8d3bc62628e9376a0768320499271267afb5a1936a7b629f1768cf9008fc9c5,,AL172019
CAND-3848,S4,AL172019:WCSC-0X7M,sweeps/S4/S4-AL172019-WCSC-0X7M/objects/1cd29234623b15c066d2f068b17be80197761aec6981b1c8454dfef09c7ff8c7,,AL172019
CAND-3849,S4,AL172019:WCSC-0X7N,sweeps/S4/S4-AL172019-WCSC-0X7N/objects/52ed7746b13f61137359bb600ab84670806256c5df0217128d959bbaaec4aab0,,AL172019
CAND-3850,S4,AL172019:WCSC-0X7Q,sweeps/S4/S4-AL172019-WCSC-0X7Q/objects/62825f98d427d46b8fe8faa31c87b7b371b7727bd85e33586eed0897cb0cf405,,AL172019
CAND-3851,S4,AL172019:WCSC-0X7R,sweeps/S4/S4-AL172019-WCSC-0X7R/objects/7fb345a83669e1099b4aa613b8beb15245c625773ef4e99ef612a07b80e72b5d,,AL172019
CAND-3852,S4,AL172019:WCSC-0X7S,sweeps/S4/S4-AL172019-WCSC-0X7S/objects/8f2174bf190e5c257380df75caf41fa19a88ac0d175063c825997c9af9bc3b3b,,AL172019
CAND-3853,S4,AL172019:WCSC-0X7T,sweeps/S4/S4-AL172019-WCSC-0X7T/objects/e766b6de06d0267950b9edb4edc0a19856058347c1e781d472fc194c887c4281,,AL172019
CAND-3854,S4,AL172019:WCSC-0X84,sweeps/S4/S4-AL172019-WCSC-0X84/objects/1c95c39d23e1fd5043b0565fd81ba327ffb0fed764a745ac1e7f3b56413b99b5,,AL172019
CAND-3855,S4,AL172019:WCSC-0X8B,sweeps/S4/S4-AL172019-WCSC-0X8B/objects/f93c4e794973f3ca2852fbdab068af72aafb1b0814f6e4c67e6fba7d75676b92,,AL172019
CAND-3856,S4,AL172019:WCSC-0X8T,sweeps/S4/S4-AL172019-WCSC-0X8T/objects/0f15f4352c2ac73b1918db8b081e6832eb3f4f25bb6ca8f59f0c82a289ce8782,,AL172019
CAND-3857,S4,AL172019:WCSC-0X8U,sweeps/S4/S4-AL172019-WCSC-0X8U/objects/20c5e49f1573e62ce0925060c40ccc37cfb1dbdde3e833d2f4bfe5a221215224,,AL172019
CAND-3858,S4,AL172019:WCSC-0X8W,sweeps/S4/S4-AL172019-WCSC-0X8W/objects/1d0bb013eb9326137e0ba57968ac0f658240e2c5b036eab7d45df1a3368e4654,,AL172019
CAND-3859,S4,AL172019:WCSC-0X93,sweeps/S4/S4-AL172019-WCSC-0X93/objects/027b9227e2cce1c96bf74e283c739989c1d888a1140fc3671d84331a183a24c4,,AL172019
CAND-3860,S4,AL172019:WCSC-0X9A,sweeps/S4/S4-AL172019-WCSC-0X9A/objects/473c2db35b534bbc46c0bbaa73385a9a1a1c3c497ed07f22bca27be4b24844e5,,AL172019
CAND-3861,S4,AL172019:WCSC-0X9B,sweeps/S4/S4-AL172019-WCSC-0X9B/objects/fac06925d5fa3e8525fc1080fa6c2b494eb707fe8fc866cbecf640bd06e83575,,AL172019
CAND-3862,S4,AL172019:WCSC-0X9C,sweeps/S4/S4-AL172019-WCSC-0X9C/objects/a058b91921e5692adc55da1dec31f7e6a4e90feaa876ffe2e32a259e7974fd4c,,AL172019
CAND-3863,S4,AL172019:WCSC-0X9D,sweeps/S4/S4-AL172019-WCSC-0X9D/objects/e0897dd8f4e83313c82e0b3246d3c8bf6525f20d79edf2fd83d4ae49b2d6e64f,,AL172019
CAND-3864,S4,AL172019:WCSC-0X9E,sweeps/S4/S4-AL172019-WCSC-0X9E/objects/29c45d8f44f87a92a8368e13628ed5e8667b071f556dd8db972dd017850103eb,,AL172019
CAND-3865,S4,AL172019:WCSC-0X9M,sweeps/S4/S4-AL172019-WCSC-0X9M/objects/0c9f1736158059302d3eaa7cf9ee290c8358b52d6bd4cb335c08bfa10d1e8a19,,AL172019
CAND-3866,S4,AL172019:WCSC-0X9R,sweeps/S4/S4-AL172019-WCSC-0X9R/objects/5a0256ae52136059972ec2548928839fdd0d534c64c52e9e9f3ba22f68caefcf,,AL172019
CAND-3867,S4,AL172019:WCSC-0X9S,sweeps/S4/S4-AL172019-WCSC-0X9S/objects/397ff149c30cb38002342a5827c9cb741d5e0346c50fe906c21f4b4bec8614eb,,AL172019
CAND-3868,S4,AL172019:WCSC-0X9U,sweeps/S4/S4-AL172019-WCSC-0X9U/objects/dab53bdba040766837f28f7ee85f5f902e8e47c0f3aeb8734c2e238d02edb5a5,,AL172019
CAND-3869,S4,AL172019:WCSC-0X9X,sweeps/S4/S4-AL172019-WCSC-0X9X/objects/a30c716816f0e9fbda295dcd9eec3f41c2b1fc99092b2d48766803a7afc83ae9,,AL172019
CAND-3870,S4,AL172019:WCSC-0X9Y,sweeps/S4/S4-AL172019-WCSC-0X9Y/objects/ce1b07635f09667cdde5c1eb1d0c2b9e91031bfa43d62a4e1e588687065aac32,,AL172019
CAND-3871,S4,AL172019:WCSC-0X9Z,sweeps/S4/S4-AL172019-WCSC-0X9Z/objects/3ccd543600ff1dea26fbd6e43fdf818623487a3c7ed0d2985ee45c7eb1f85ee6,,AL172019
CAND-3872,S4,AL172019:WCSC-0XA0,sweeps/S4/S4-AL172019-WCSC-0XA0/objects/02fd398a5756b36af1e279f8365f502a7a2380df3308b831c8931b5100909d45,,AL172019
CAND-3873,S4,AL172019:WCSC-0XA1,sweeps/S4/S4-AL172019-WCSC-0XA1/objects/5d6d080acaf2e8a6d65e7ee447e2421a888b2ae51401f613ee610fbd1e8c93df,,AL172019
CAND-3874,S4,AL172019:WCSC-0XAC,sweeps/S4/S4-AL172019-WCSC-0XAC/objects/70d13a5aa48be1906dbfbd1db90abbe201c7afa578a0541a28a31460d3b249c1,,AL172019
CAND-3875,S4,AL172019:WCSC-0XAE,sweeps/S4/S4-AL172019-WCSC-0XAE/objects/7df7aa4c5ec512da6e08f52f4589e8d0b9a7485b6edc209df271989c9fdde769,,AL172019
CAND-3876,S4,AL172019:WCSC-0XAF,sweeps/S4/S4-AL172019-WCSC-0XAF/objects/2b37ca79b9dc8c7b4a589e90c5fb376fbbb21d79a1918b23144d410bd80aad85,,AL172019
CAND-3877,S4,AL172019:WCSC-0XAH,sweeps/S4/S4-AL172019-WCSC-0XAH/objects/b7a7319251827c91342f1d61a2dbfdd37c8b4b9dbed1322e42ed5f8b5a080437,,AL172019
CAND-3878,S4,AL172019:WCSC-0XAJ,sweeps/S4/S4-AL172019-WCSC-0XAJ/objects/29ac53088ae2553e7deba49d399cadd30851c9dc0ac7bd79f72824045e96cafc,,AL172019
CAND-3879,S4,AL172019:WCSC-0XAK,sweeps/S4/S4-AL172019-WCSC-0XAK/objects/91b45bd4966c99a6d23cb0b1abe1e52047f158517ebef90b368de4195a2949b6,,AL172019
CAND-3880,S4,AL172019:WCSC-0XAL,sweeps/S4/S4-AL172019-WCSC-0XAL/objects/bb21a210aa2d789f5be6199c3f180e982dce5764be348ce0cc47aebdc1d49c4e,,AL172019
CAND-3881,S4,AL172019:WCSC-0XAM,sweeps/S4/S4-AL172019-WCSC-0XAM/objects/b74a6b15edfcff88af6aa6a7e80a05cc20cf448e62cc917d69dce53d12fb5cd3,,AL172019
CAND-3882,S4,AL172019:WCSC-0XAN,sweeps/S4/S4-AL172019-WCSC-0XAN/objects/a4902c93decf8baa91e570c7ed5084326dad49481ad74b290b2bf06247444350,,AL172019
CAND-3883,S4,AL172019:WCSC-0XAX,sweeps/S4/S4-AL172019-WCSC-0XAX/objects/5ab16f32b8ff446cadb0caed1a733edca197155ae622a2f86fea6b08c92fd494,,AL172019
CAND-3884,S4,AL172019:WCSC-0XAY,sweeps/S4/S4-AL172019-WCSC-0XAY/objects/3f256acb1ea8eb80dffc4c56a27d589de605695f15ac48ae301ec2ced6fec5c3,,AL172019
CAND-3885,S4,AL172019:WCSC-0XAZ,sweeps/S4/S4-AL172019-WCSC-0XAZ/objects/d8837214313cbf370a06b42dbca0bfd0ade468704fc2509cc9cc59ecb1716164,,AL172019
CAND-3886,S4,AL172019:WCSC-0XB1,sweeps/S4/S4-AL172019-WCSC-0XB1/objects/43633c74e3c7c9d591b813b81ec883ebeef7d4b57ad376737e6db4d670ccf439,,AL172019
CAND-3887,S4,AL172019:WCSC-0XB2,sweeps/S4/S4-AL172019-WCSC-0XB2/objects/dda12a7835dbd24ba047c33f55f9c944a40b1cb48c99def8348dfd153d1d715d,,AL172019
CAND-3888,S4,AL172019:WCSC-0XB3,sweeps/S4/S4-AL172019-WCSC-0XB3/objects/c3f44b46d4a0366e8ad753b7d2ad5d8553812263b62f9397edbc29f0b322b148,,AL172019
CAND-3889,S4,AL172019:WCSC-0XB4,sweeps/S4/S4-AL172019-WCSC-0XB4/objects/208b613f79625a21fa553ae5cb904f16bba23e8c8cda6cab44bc88d156962abc,,AL172019
CAND-3890,S4,AL172019:WCSC-0Y5U,sweeps/S4/S4-AL172019-WCSC-0Y5U/objects/2693c6d4a60e53c69c4308825884513efe25b24b95679a2a7745a1597f38238d,,AL172019
CAND-3891,S4,AL172019:WCSC-0Y9M,sweeps/S4/S4-AL172019-WCSC-0Y9M/objects/b42afbaf695562ae6ad8e073849c2af27845f5e6509e269daa9d0b6523cf67bf,,AL172019
CAND-3892,S4,AL172019:WCSC-0Y9N,sweeps/S4/S4-AL172019-WCSC-0Y9N/objects/0482cb36473f941497236b6c0e761338b3bfae2a950a92107949fda8cc8d329b,,AL172019
CAND-3893,S4,AL172019:WCSC-0YA4,sweeps/S4/S4-AL172019-WCSC-0YA4/objects/f7d9bb6c09026145e58b8f25fea5805a92565e39ad1e7963be4666c59633050f,,AL172019
CAND-3894,S4,AL172019:WCSC-0YA5,sweeps/S4/S4-AL172019-WCSC-0YA5/objects/83b7caeb70eda249fb2912634ed3ff41c14fbd6d65bb584e89dd0c5921841cc3,,AL172019
CAND-3895,S4,AL172019:WCSC-0YA6,sweeps/S4/S4-AL172019-WCSC-0YA6/objects/22a2fc65bdabf21fc3630db07d0dbdf5ca0e7eaddcb1d0bb240750ca48791217,,AL172019
CAND-3896,S4,AL172019:WCSC-0YAC,sweeps/S4/S4-AL172019-WCSC-0YAC/objects/8ad10ac385e3a3f3424399e35862b56fd679314370a6f9a4aeb26fa7c67f7d02,,AL172019
CAND-3897,S4,AL172019:WCSC-0YAD,sweeps/S4/S4-AL172019-WCSC-0YAD/objects/42c31154396eaf73c53828aab941b2376b611504b84628062dcbc064ba5ec510,,AL172019
CAND-3898,S4,AL172019:WCSC-0YCU,sweeps/S4/S4-AL172019-WCSC-0YCU/objects/cd1ebb7603a40782327b89a7dc61c224251827b811a2cf413919c80d034e838c,,AL172019
CAND-3899,S4,AL172019:WCSC-0YET,sweeps/S4/S4-AL172019-WCSC-0YET/objects/985e5177f8763a690f67dff8022abf8536bf7b32ed2d6e666abbd0cc2f11ac98,,AL172019
CAND-3900,S4,AL172019:WCSC-0YEU,sweeps/S4/S4-AL172019-WCSC-0YEU/objects/11ab220d291abeb4438ada31c34b3cb55cac72a5d93a7220f6ffc5c1d5c128f0,,AL172019
CAND-3901,S4,AL172019:WCSC-0YF8,sweeps/S4/S4-AL172019-WCSC-0YF8/objects/7cabe151cf64882317db2668cf542e7508636d4d2befd6c4797c92f94fc297dc,,AL172019
CAND-3902,S4,AL172019:WCSC-0YPD,sweeps/S4/S4-AL172019-WCSC-0YPD/objects/ab13541de539ea2157d00f75b245c5d9ac702c111dccaea2137ec8cbd69a7317,,AL172019
CAND-3903,S4,AL172019:WCSC-0YSK,sweeps/S4/S4-AL172019-WCSC-0YSK/objects/15b43ea844c221ffb9776c6ad74b94b6ffd814200980255812deedf435616133,,AL172019
CAND-3904,S4,AL172019:WCSC-0YSP,sweeps/S4/S4-AL172019-WCSC-0YSP/objects/9680ce3d221e9a0d07eacd30d83a3db58a2f71ce35473b302744e6de145c217d,,AL172019
CAND-3905,S4,AL172019:WCSC-0YST,sweeps/S4/S4-AL172019-WCSC-0YST/objects/08fe80d0b2ce3159cdf14121f7b495cef4c3f24e729c910f2121f970130a4466,,AL172019
CAND-3906,S4,AL172019:WCSC-0Z9R,sweeps/S4/S4-AL172019-WCSC-0Z9R/objects/ee0ea76959bd22a3772c83043f8cfe2fbc350533c5906728457fa25489e14521,,AL172019
CAND-3907,S4,AL172019:WCSC-0ZAN,sweeps/S4/S4-AL172019-WCSC-0ZAN/objects/7aefa904ee78e9dfa4d2c2fd4aadc4c2dfc1895933ab72bff07e970e8f3ce5c2,,AL172019
CAND-3908,S4,AL172019:WCSC-0ZHN,sweeps/S4/S4-AL172019-WCSC-0ZHN/objects/c8dc0d51498e895fce1092bfeffeb18e8fe121d424dfd56e774dce5e78107714,,AL172019
CAND-3909,S4,AL172019:WCSC-0ZHQ,sweeps/S4/S4-AL172019-WCSC-0ZHQ/objects/40ce16a0c29286c45a571888db3e638addf48e5e1168bf00809edc3a45e1a701,,AL172019
CAND-3910,S4,AL172019:WCSC-0ZKZ,sweeps/S4/S4-AL172019-WCSC-0ZKZ/objects/734547826a1cf21b15e3d8daf540d92ab412863c9e0f7e2eff6e2a37cefc37d8,,AL172019
CAND-3911,S4,AL172019:WCSC-120Y,sweeps/S4/S4-AL172019-WCSC-120Y/objects/83dbe1d50b9d0cbabb33c1051e0b4a9f04852baed73ca44518d581617ba914e3,,AL172019
CAND-3912,S4,AL172019:WCSC-123M,sweeps/S4/S4-AL172019-WCSC-123M/objects/a617fd3b58b1b955adeb2c2c0f4ccc36858621327d2aef15cc8ead59d8af2d27,,AL172019
CAND-3913,S4,AL172019:WCSC-123R,sweeps/S4/S4-AL172019-WCSC-123R/objects/041d7aa0b9af85a6ad99f8924a17f9f7f6b732fa9dcf59989e0d751a1d240dbc,,AL172019
CAND-3914,S4,AL172019:WCSC-125D,sweeps/S4/S4-AL172019-WCSC-125D/objects/68be2c67a8d9127f4170d80c5abbf68f84e7ee19c31cb6d177c004126dd173e1,,AL172019
CAND-3915,S4,AL172019:WCSC-125T,sweeps/S4/S4-AL172019-WCSC-125T/objects/36195fcfbb50e29ca99400826d2d9541cf5dc91dce7a3f97859abfd0eb137cdb,,AL172019
CAND-3916,S4,AL172019:WCSC-127X,sweeps/S4/S4-AL172019-WCSC-127X/objects/58f3216eec741a2fcbfbd52696f12f6fd883f9adbdb5bdb349de1e7e1f8ab360,,AL172019
CAND-3917,S4,AL172019:WCSC-127Z,sweeps/S4/S4-AL172019-WCSC-127Z/objects/e735e0ec3118e4643a770c76098269e1adee7f3597fc50ad427adf540d4eaa8e,,AL172019
CAND-3918,S4,AL182012:WCSC-0R7H,sweeps/S4/S4-AL182012-WCSC-0R7H/objects/b896077f9bb203020a2fb5aca1ca3f72bb933463918270f17532b3d537fd8e37,,AL182012
CAND-3919,S4,AL182012:WCSC-0RCW,sweeps/S4/S4-AL182012-WCSC-0RCW/objects/b959d202bf35a1aca4b36fcc752298e1a518e92a65e8dc708db586a56e3acde8,,AL182012
CAND-3920,S4,AL182012:WCSC-0U9B,sweeps/S4/S4-AL182012-WCSC-0U9B/objects/3dd6ac24fa5ec87b7ae6643eea1fd479e50a3876928d9e1882813e7f9c482128,,AL182012
CAND-3921,S4,AL182012:WCSC-0WAD,sweeps/S4/S4-AL182012-WCSC-0WAD/objects/1ce7603a67520a9c013210969403db73bf7e02aa476241b51e1fdda0a7290aed,,AL182012
CAND-3922,S4,AL182012:WCSC-0WBR,sweeps/S4/S4-AL182012-WCSC-0WBR/objects/ef7b7e637355fd0574346589dd75f4f5542f26a4741b15aaf06cf609df147d2b,,AL182012
CAND-3923,S4,AL182012:WCSC-0WER,sweeps/S4/S4-AL182012-WCSC-0WER/objects/57551926ef12262e2a68ef4b2c80893683e9c3f808fa07302ae2d052d2def0c8,,AL182012
CAND-3924,S4,AL182012:WCSC-0WF9,sweeps/S4/S4-AL182012-WCSC-0WF9/objects/6599233b8b2f742fa592b2c44964d078e5ec5b3bd2055a090b214bc6a5ffe614,,AL182012
CAND-3925,S4,AL182012:WCSC-0ZM6,sweeps/S4/S4-AL182012-WCSC-0ZM6/objects/d4887018d7835d1db8cb6393872875944563703f6e59ad8f5f7eefbe4cef4659,,AL182012
CAND-3926,S4,AL192020:WCSC-0MWW,sweeps/S4/S4-AL192020-WCSC-0MWW/objects/9e31ca4cd8cf75889c0654b63003390562f61ba4574f1af99266e302a4e21dd2,,AL192020
CAND-3927,S4,AL192020:WCSC-0N8K,sweeps/S4/S4-AL192020-WCSC-0N8K/objects/6cb8d11afb76dbc43221b0724dee488a84c8c16d69bdb922d565ff7ec5d3ee64,,AL192020
CAND-3928,S4,AL192020:WCSC-0NE2,sweeps/S4/S4-AL192020-WCSC-0NE2/objects/7c88abb43a899f72855d2dc98e01de55757f5c56d0e945ee8ec568b8dd0545b4,,AL192020
CAND-3929,S4,AL192020:WCSC-0PJ1,sweeps/S4/S4-AL192020-WCSC-0PJ1/objects/5eb46b649c507a018367e783c2ca3dc746013a4c46490579d211ab209b9fcfa8,,AL192020
CAND-3930,S4,AL192020:WCSC-0Q26,sweeps/S4/S4-AL192020-WCSC-0Q26/objects/364e9d1183b16552bee014adf06247156869ad8c19a7bb97c3d2a3ac42eda0b0,,AL192020
CAND-3931,S4,AL192020:WCSC-0X6L,sweeps/S4/S4-AL192020-WCSC-0X6L/objects/20d142b72fcda2e7ec66a017b8bc5df4ac1b96a0d79d41c88e86e6e9f416fe93,,AL192020
CAND-3932,S4,AL192020:WCSC-0YPD,sweeps/S4/S4-AL192020-WCSC-0YPD/objects/b4b097e5770549245487c05ecfbb98136c14334044ea2164bf70a757fc33d1be,,AL192020
CAND-3933,S4,AL222020:WCSC-0BDF,sweeps/S4/S4-AL222020-WCSC-0BDF/objects/d6922a8163e122229e9d1c212007ea0f9a960712267296a34d8d4a877a77f23e,,AL222020
CAND-3934,S4,AL222020:WCSC-0DA3,sweeps/S4/S4-AL222020-WCSC-0DA3/objects/88f7ff10561edb95d0ef2aec4bcbe1189dfeb2d1922a68441da1bfbdda850c0f,,AL222020
CAND-3935,S4,AL222020:WCSC-0DF2,sweeps/S4/S4-AL222020-WCSC-0DF2/objects/981d6fd0c2d9c78c70353a372f7be7978edc6b3cd1332dbc46781be377a7310b,,AL222020
CAND-3936,S4,AL222020:WCSC-0DF5,sweeps/S4/S4-AL222020-WCSC-0DF5/objects/2bfb3d2f9350c825deae9e1a1e1f2ec247db1a73c70ba6463222aa1f125036c2,,AL222020
CAND-3937,S4,AL222020:WCSC-0E6N,sweeps/S4/S4-AL222020-WCSC-0E6N/objects/a4df61dbb1053e47181eea7dc17237a2abedbc8ec1d57c17b3b36507876ef9dc,,AL222020
CAND-3938,S4,AL222020:WCSC-0EZA,sweeps/S4/S4-AL222020-WCSC-0EZA/objects/4a25751bc9e7974cee6c298b0a5524e9a3e7e46cd980906187ea8e3cae139999,,AL222020
CAND-3939,S4,AL222020:WCSC-0PNQ,sweeps/S4/S4-AL222020-WCSC-0PNQ/objects/ac2b5ea38e898f9cc03ac0bcdd4d9eff3fd5c04902334846fcc80441d56eaefa,,AL222020
CAND-3940,S4,AL222020:WCSC-0Q0S,sweeps/S4/S4-AL222020-WCSC-0Q0S/objects/0189571c0cabf0cc2b03b6db5a30f5221ed2127cacd7c0b8ccb8bab8069a26fb,,AL222020
CAND-3941,S4,AL222020:WCSC-0Q0X,sweeps/S4/S4-AL222020-WCSC-0Q0X/objects/8997d460cc53f43483cc72226fc747edc82ab55afba18946bdd34caec2988baa,,AL222020
CAND-3942,S4,AL222020:WCSC-0QC2,sweeps/S4/S4-AL222020-WCSC-0QC2/objects/a2ddee313eba2f4ceb7074cc79df9964ad086bfea2c9652b57962be0632aeb96,,AL222020
CAND-3943,S4,AL222020:WCSC-0QC3,sweeps/S4/S4-AL222020-WCSC-0QC3/objects/ac7561df1f9ad204da99a129bab90ccb525b5399d33ef38e7cfa3554a952503d,,AL222020
CAND-3944,S4,AL222020:WCSC-0R0Y,sweeps/S4/S4-AL222020-WCSC-0R0Y/objects/e0b5a09b51bd09dcb7dcf7ba1cc112981b562a64a89b2b9b892748a533a60b43,,AL222020
CAND-3945,S4,AL222020:WCSC-0RLM,sweeps/S4/S4-AL222020-WCSC-0RLM/objects/f416323697edf9ceef1efb1745540749cf98f8982df6156e64168f6cfea00cc2,,AL222020
CAND-3946,S4,AL222020:WCSC-0RLY,sweeps/S4/S4-AL222020-WCSC-0RLY/objects/a20d35a7d5994da729cba17dd5ce8f11024058ea0edb53e4f6570379282db113,,AL222020
CAND-3947,S4,AL222020:WCSC-0RLZ,sweeps/S4/S4-AL222020-WCSC-0RLZ/objects/92f60088f5e51bdc5dd0e8c75b7b13c2c77e032fec57dfdcbeb34b33e63754bc,,AL222020
CAND-3948,S4,AL222020:WCSC-0RM3,sweeps/S4/S4-AL222020-WCSC-0RM3/objects/e46d8f5e5968418dc45a0c45e23c13a66e713c4df7061c6d8b8baa33217d1d52,,AL222020
CAND-3949,S4,AL222020:WCSC-0S97,sweeps/S4/S4-AL222020-WCSC-0S97/objects/1fd317ab3b4193edd1ef5bbbd2919c3505dda1ef479ba78a98aaf0b749725dc9,,AL222020
CAND-3950,S4,AL222020:WCSC-0S9Y,sweeps/S4/S4-AL222020-WCSC-0S9Y/objects/a56dc654d4e61b147f8596ba94bba11391ea7d1e76acbd46110e40072e33c98f,,AL222020
CAND-3951,S4,AL222020:WCSC-0U03,sweeps/S4/S4-AL222020-WCSC-0U03/objects/a6d7bd09c7519d02092d590135c83107e0c4b8b48ec5fde16f3b104c21393dd8,,AL222020
CAND-3952,S4,AL222020:WCSC-0U2B,sweeps/S4/S4-AL222020-WCSC-0U2B/objects/77360ee89eed7aa04feceb314c61d2cb686f5dbbd67430d503c46b2afef789b6,,AL222020
CAND-3953,S4,AL222020:WCSC-0WMA,sweeps/S4/S4-AL222020-WCSC-0WMA/objects/b1c3c823d3307418b5d29ea396909b21996a9eccc0371a1bc1e5b586fcba4c96,,AL222020
CAND-3954,S4,AL222020:WCSC-0WMU,sweeps/S4/S4-AL222020-WCSC-0WMU/objects/cd2020d67d826a6ebb5566aece03309dc78fedd213c35775ab5f7292fcbc6514,,AL222020
CAND-3955,S4,AL222020:WCSC-0WUH,sweeps/S4/S4-AL222020-WCSC-0WUH/objects/86db3105d830269d000087f98b73a9e45367b046236a1c3e63af5a97913972f4,,AL222020
CAND-3956,S4,AL222020:WCSC-0WUS,sweeps/S4/S4-AL222020-WCSC-0WUS/objects/23e8744927b28b6a7523dc824675a5e2022d4ab715ae8c1baa9a8c9cb6628d14,,AL222020
CAND-3957,S4,AL222020:WCSC-0WVC,sweeps/S4/S4-AL222020-WCSC-0WVC/objects/14162e1e81d135e44139d87535ebb0d9f127081a5eacff809b30472adc3bd7ff,,AL222020
CAND-3958,S4,AL222020:WCSC-0WVD,sweeps/S4/S4-AL222020-WCSC-0WVD/objects/c1cef30c5c72fe486c0af3c212078ccd1a7ff53b72c43b08524603857d7f4e00,,AL222020
CAND-3959,S4,AL222020:WCSC-0WWH,sweeps/S4/S4-AL222020-WCSC-0WWH/objects/42aab017c43b004833fb49af4e2802fbcb8bd05578bc05570c18045a3a6bae87,,AL222020
CAND-3960,S4,AL222020:WCSC-0WWK,sweeps/S4/S4-AL222020-WCSC-0WWK/objects/e3194a2c4a28e71a8f6f865e09b8ddb054e4d5312cc968ca848f09f855c3936f,,AL222020
CAND-3961,S4,AL222020:WCSC-0WWN,sweeps/S4/S4-AL222020-WCSC-0WWN/objects/f735a66b6bc58a4096442e7e2a82ea83d6d84cd133000d4544a5a995a1f8dac1,,AL222020
CAND-3962,S4,AL222020:WCSC-0WWY,sweeps/S4/S4-AL222020-WCSC-0WWY/objects/e8f64373fdccb980fa817f24995d0bdd91a085d6e9cec40f7c5e57390c9fceaf,,AL222020
CAND-3963,S4,AL222020:WCSC-0WWZ,sweeps/S4/S4-AL222020-WCSC-0WWZ/objects/dce13e85b15322d695dc55557820bdbfcad000f5a19e86c5767cb0c8ddf90697,,AL222020
CAND-3964,S4,AL222020:WCSC-0WXQ,sweeps/S4/S4-AL222020-WCSC-0WXQ/objects/338b700776ae0e379f11faf1bc2d1b703fcb6bc213f8ad285ac26ef031e0bfed,,AL222020
CAND-3965,S4,AL222020:WCSC-0WXR,sweeps/S4/S4-AL222020-WCSC-0WXR/objects/428bd35a39aa378502013ab9f8e6fe2680033945138725c221bce4c148951bda,,AL222020
CAND-3966,S4,AL222020:WCSC-0WY2,sweeps/S4/S4-AL222020-WCSC-0WY2/objects/bfbc36b55495aef6f2cbf8ad17ed7943f0d4588e5f5a25437aed5a96c80022fd,,AL222020
CAND-3967,S4,AL222020:WCSC-0WY5,sweeps/S4/S4-AL222020-WCSC-0WY5/objects/fe5ef7f847af37f92fdf207254062d43699491172cb4e6db73615d0303209816,,AL222020
CAND-3968,S4,AL222020:WCSC-0WY6,sweeps/S4/S4-AL222020-WCSC-0WY6/objects/124b91d7554ad4a114f66467fb7ec36fa6f99f7ea44ed34109ebde3f6a9a5177,,AL222020
CAND-3969,S4,AL222020:WCSC-0WYG,sweeps/S4/S4-AL222020-WCSC-0WYG/objects/4206b2286451c1ac3970a08306847b96e575026883e41bd560e1e292357acb03,,AL222020
CAND-3970,S4,AL222020:WCSC-0WYH,sweeps/S4/S4-AL222020-WCSC-0WYH/objects/c6f3e311f28c42efc2ebb7d9e1192e43d8167f647979e8efe6f2fee5d569a0fb,,AL222020
CAND-3971,S4,AL222020:WCSC-0WYJ,sweeps/S4/S4-AL222020-WCSC-0WYJ/objects/c80b4788910e507931f34b596f242b92003591cb8e1c7f33e0e06a0cc05ebca4,,AL222020
CAND-3972,S4,AL222020:WCSC-0WYK,sweeps/S4/S4-AL222020-WCSC-0WYK/objects/ae7ac6c0ba71c1abd6f8c0cabdb65a6083d6311eeda81fc1938490b971b85561,,AL222020
CAND-3973,S4,AL222020:WCSC-0WYR,sweeps/S4/S4-AL222020-WCSC-0WYR/objects/73512dd9490e6cb307de70b665751ae865ac3bf5f040cec764986f2c306c2ec8,,AL222020
CAND-3974,S4,AL222020:WCSC-0WYZ,sweeps/S4/S4-AL222020-WCSC-0WYZ/objects/91e85bd9c221ad24449c8c867816129c8e39d3717a00f36a86510fd1ff3bcd2e,,AL222020
CAND-3975,S4,AL222020:WCSC-0WZ7,sweeps/S4/S4-AL222020-WCSC-0WZ7/objects/871f7de2ca1230a15cc142d405d935e8e7f4e748234cbdd7661f67bc333e6151,,AL222020
CAND-3976,S4,AL222020:WCSC-0WZB,sweeps/S4/S4-AL222020-WCSC-0WZB/objects/26bd71bf9c100e0b5a8bff6bfb5225faa011f268617166e582745ae412ea3902,,AL222020
CAND-3977,S4,AL222020:WCSC-0WZT,sweeps/S4/S4-AL222020-WCSC-0WZT/objects/53f119fcd32ac38095f5cd42e59c1f5b62867cc526e2c2c53c303d7a0da17cec,,AL222020
CAND-3978,S4,AL222020:WCSC-0WZV,sweeps/S4/S4-AL222020-WCSC-0WZV/objects/888fc6a56599dacf20799f10fbc39790bb583cc36ccb30f1ab506069ed3a7bfe,,AL222020
CAND-3979,S4,AL222020:WCSC-0X0B,sweeps/S4/S4-AL222020-WCSC-0X0B/objects/4d44a58230b04d9a260f52bd622d8559f9896dd229480a8cc4a3d2aa550c5dbf,,AL222020
CAND-3980,S4,AL222020:WCSC-0X0S,sweeps/S4/S4-AL222020-WCSC-0X0S/objects/8ccc500bd030406773d617c6bd6265fd75584c251b32850e3e60c2a6bf6d8e77,,AL222020
CAND-3981,S4,AL222020:WCSC-0X18,sweeps/S4/S4-AL222020-WCSC-0X18/objects/127f52cfcae9d5d25e2301b8772faf68ab9c1ea860f24a298ac4f119655b7b75,,AL222020
CAND-3982,S4,AL222020:WCSC-0X24,sweeps/S4/S4-AL222020-WCSC-0X24/objects/8bb3e0562fed63383977454bb5ae8c0b25d466cfc67a15c6a98052054953553b,,AL222020
CAND-3983,S4,AL222020:WCSC-0X2Q,sweeps/S4/S4-AL222020-WCSC-0X2Q/objects/20924ca17e82e9ad6663c6b8197c3a924c2561309efc764b0b0619f2911dbce0,,AL222020
CAND-3984,S4,AL222020:WCSC-0X2R,sweeps/S4/S4-AL222020-WCSC-0X2R/objects/ed588225430bc0ea128962fecde55af7360bca73bb20bdaa4067b0f0a84f8e35,,AL222020
CAND-3985,S4,AL222020:WCSC-0X2U,sweeps/S4/S4-AL222020-WCSC-0X2U/objects/abf0ba87bc443fe93f168e431b6aa11e7f4e9d7554827bbe96a4fe909c470beb,,AL222020
CAND-3986,S4,AL222020:WCSC-0X32,sweeps/S4/S4-AL222020-WCSC-0X32/objects/3c614963b5ae10d4a2aa314039d18d17b48e926ed5347e0b339c66d27b09d313,,AL222020
CAND-3987,S4,AL222020:WCSC-0X58,sweeps/S4/S4-AL222020-WCSC-0X58/objects/4ee3410326613368c930553c0cfa10802db4537354337cdb4fba365f4092937f,,AL222020
CAND-3988,S4,AL222020:WCSC-0X59,sweeps/S4/S4-AL222020-WCSC-0X59/objects/0fc80b95f9767ec11c70c9392e285ca92f56ab639c467876bd90c1134b00106b,,AL222020
CAND-3989,S4,AL222020:WCSC-0X6B,sweeps/S4/S4-AL222020-WCSC-0X6B/objects/8bd6f0c99cb83776361055f91583d77005469fb64be333b84bbfa5200c2de26b,,AL222020
CAND-3990,S4,AL222020:WCSC-0X6C,sweeps/S4/S4-AL222020-WCSC-0X6C/objects/816ee45641afd26759a34733246e29f6535fa3ba81ac888f566010155bb2bebe,,AL222020
CAND-3991,S4,AL222020:WCSC-0X6D,sweeps/S4/S4-AL222020-WCSC-0X6D/objects/33993e71d2d236459cae38aa0264ab6f5bb26bed1fc5be7022ff463c72241785,,AL222020
CAND-3992,S4,AL222020:WCSC-0X6E,sweeps/S4/S4-AL222020-WCSC-0X6E/objects/4f7d7cba9dfca38bafd02b510c348ebba654a1c55651e1e4c1db7e1f456cc346,,AL222020
CAND-3993,S4,AL222020:WCSC-0X6V,sweeps/S4/S4-AL222020-WCSC-0X6V/objects/08a53499b4e599f10ced8510d7847887a43d7391a5461350914dbe6a0034df44,,AL222020
CAND-3994,S4,AL222020:WCSC-0X7S,sweeps/S4/S4-AL222020-WCSC-0X7S/objects/873bb08fa7e1041640b0629810ac4ae54f793b24c9e7770bb9c2c74672f62d71,,AL222020
CAND-3995,S4,AL222020:WCSC-0X7T,sweeps/S4/S4-AL222020-WCSC-0X7T/objects/1107717b3863b277ea37645a26e0062c8f27600f556e25ae479c5119a9354e18,,AL222020
CAND-3996,S4,AL222020:WCSC-0X8B,sweeps/S4/S4-AL222020-WCSC-0X8B/objects/2abc903132b09a9048880eeb696cf67fcd6be486ad5e712fae846e7063105f05,,AL222020
CAND-3997,S4,AL222020:WCSC-0XA1,sweeps/S4/S4-AL222020-WCSC-0XA1/objects/2003ebb42cfc7a98393762b12cd949e108626659d88886b6d789eca9343494ac,,AL222020
CAND-3998,S4,AL222020:WCSC-0XAD,sweeps/S4/S4-AL222020-WCSC-0XAD/objects/e2e968e7c54d093cfdeb39ea3cfd96cc4272a02c0af2f6f78695d18a9fa456d1,,AL222020
CAND-3999,S4,AL222020:WCSC-0XAE,sweeps/S4/S4-AL222020-WCSC-0XAE/objects/9c7cc07b31726698be7b801d731f4a8fe23a49f96188b6df00a461c5104be7cd,,AL222020
CAND-4000,S4,AL222020:WCSC-0XAF,sweeps/S4/S4-AL222020-WCSC-0XAF/objects/6b39dd402ad840c56efb0646a840ae3468893c867453c4fa3c34a496f28f0913,,AL222020
CAND-4001,S4,AL222020:WCSC-0XAH,sweeps/S4/S4-AL222020-WCSC-0XAH/objects/fd8c2a7b63370516573364dacccb9b769cfeef4b9422487ce760ab327b941f0d,,AL222020
CAND-4002,S4,AL222020:WCSC-0XAJ,sweeps/S4/S4-AL222020-WCSC-0XAJ/objects/264b4a3220cf0799bd2ee63f8ff217925ac0aff3a5af273c10cb0e5f1ceaf606,,AL222020
CAND-4003,S4,AL222020:WCSC-0XAU,sweeps/S4/S4-AL222020-WCSC-0XAU/objects/814de28a2710e8dc63ba3a837bc7f552410ce937c9f6fbd53c62885141874889,,AL222020
CAND-4004,S4,AL222020:WCSC-0XAX,sweeps/S4/S4-AL222020-WCSC-0XAX/objects/dc638d9ecabbafcc2f95a47a48b09b6a1618a8b9d2516e5997077d695c594d2e,,AL222020
CAND-4005,S4,AL222020:WCSC-0XAY,sweeps/S4/S4-AL222020-WCSC-0XAY/objects/4253dffde2aeb9bfda6456a28b15f29dff998ee91172cadc85b16717a277508e,,AL222020
CAND-4006,S4,AL222020:WCSC-0XAZ,sweeps/S4/S4-AL222020-WCSC-0XAZ/objects/dc3b3a03fa5040d20874db872a31999ed221dcc662c75eb1c6c43023aa6a0b64,,AL222020
CAND-4007,S4,AL222020:WCSC-0YAD,sweeps/S4/S4-AL222020-WCSC-0YAD/objects/1f1492a0fe61d72a682aa980aff13aa5e6b62a811e25272154ffb2ef98715138,,AL222020
CAND-4008,S4,AL222020:WCSC-0Z9R,sweeps/S4/S4-AL222020-WCSC-0Z9R/objects/ee4e1a8526b2cd10409dfa1d91c15afee9ec30795de13198d856edcd0ea41ed8,,AL222020
CAND-4009,S4,AL222020:WCSC-0ZRU,sweeps/S4/S4-AL222020-WCSC-0ZRU/objects/812473e9e2f30dafb49d7bdc74222da08b2e50e20ed15f0c73081515d0757ee2,,AL222020
CAND-4010,S4,AL222020:WCSC-0ZSB,sweeps/S4/S4-AL222020-WCSC-0ZSB/objects/526c5e930350b3f7b8155179016aa232abe71bc37bc85096cf963921211f9bae,,AL222020
CAND-4011,S4,AL222020:WCSC-128Z,sweeps/S4/S4-AL222020-WCSC-128Z/objects/bf3dd3243cd52a5d12bff2444f2696db1155e05ca14c38c644c0d0ac63ee086f,,AL222020
CAND-4012,S4,AL262020:WCSC-0B4Y,sweeps/S4/S4-AL262020-WCSC-0B4Y/objects/a133f2901422adcbd2a50063bd71b556d065867dba6826b0a850fbd7202ea1a2,,AL262020
CAND-4013,S4,AL262020:WCSC-0B57,sweeps/S4/S4-AL262020-WCSC-0B57/objects/593823df5eceed6e4914bee369f3f8a28e020098217a9ddfb948d91932318c79,,AL262020
CAND-4014,S4,AL262020:WCSC-0BDF,sweeps/S4/S4-AL262020-WCSC-0BDF/objects/fb16ded3beadb6d0f0d49f656ce8e6f23ffcb6a7aa11ba62ab2c0810ca562bed,,AL262020
CAND-4015,S4,AL262020:WCSC-0DA3,sweeps/S4/S4-AL262020-WCSC-0DA3/objects/596f5e47448246b07b63f78c28cb437a42ae8d71e4eaed9878880a1d27159953,,AL262020
CAND-4016,S4,AL262020:WCSC-0DF2,sweeps/S4/S4-AL262020-WCSC-0DF2/objects/3aef974d061df755ba2dbe336fac739b757ceb9d116fcb62183ee8a51b27fbfe,,AL262020
CAND-4017,S4,AL262020:WCSC-0DF5,sweeps/S4/S4-AL262020-WCSC-0DF5/objects/c2195a69c192b23036d146da3b62543668287c35a1d14c557e30794da5a386c5,,AL262020
CAND-4018,S4,AL262020:WCSC-0E6N,sweeps/S4/S4-AL262020-WCSC-0E6N/objects/149641e208c4c3b2bb1852d3178fa13426ce100e617950b56d4a34d9d311b0d9,,AL262020
CAND-4019,S4,AL262020:WCSC-0EZA,sweeps/S4/S4-AL262020-WCSC-0EZA/objects/02d66d3812854af0e66b53222fb11517f94028ae3649d56237f97aad344351f1,,AL262020
CAND-4020,S4,AL262020:WCSC-0R0Y,sweeps/S4/S4-AL262020-WCSC-0R0Y/objects/4dceb169c2bcd9fe0a9a003c7d4bf64558fa6d097ebdcaea7990838c285b6b3f,,AL262020
CAND-4021,S4,AL262020:WCSC-0RLM,sweeps/S4/S4-AL262020-WCSC-0RLM/objects/bac9a201cd4a02981a3c4ad7a2f210b66443dce20c87d58e27b9fd7a73b8683e,,AL262020
CAND-4022,S4,AL262020:WCSC-0S97,sweeps/S4/S4-AL262020-WCSC-0S97/objects/b23ed73c20229a6a06cd90b2e917b860c8b71ad4a312545bdce06fcbe314e599,,AL262020
CAND-4023,S4,AL262020:WCSC-0TP3,sweeps/S4/S4-AL262020-WCSC-0TP3/objects/221ab9549e3df7fac69fac992cfb6a5b566a031d90eb2606667c27b24b50b863,,AL262020
CAND-4024,S4,AL262020:WCSC-0TP4,sweeps/S4/S4-AL262020-WCSC-0TP4/objects/9c447b21fdce95e872acfa8a8167a9effce3339218d235e1c7dc3de2491c108b,,AL262020
CAND-4025,S4,AL262020:WCSC-0TX5,sweeps/S4/S4-AL262020-WCSC-0TX5/objects/f2fc6e6b579e876be4e8b3fb1faf55ec9e8928d534d3d6dfbc6d30fd0914a24c,,AL262020
CAND-4026,S4,AL262020:WCSC-0TX7,sweeps/S4/S4-AL262020-WCSC-0TX7/objects/2f5d35921caa8465a8379cbd2d3b7f62d6f626d4318a4faa8267b426c80c3a4a,,AL262020
CAND-4027,S4,AL262020:WCSC-0TYV,sweeps/S4/S4-AL262020-WCSC-0TYV/objects/24331022620124eb6d8c51186dbd07bfc5ab4e725669350b3ab9093542e009c8,,AL262020
CAND-4028,S4,AL262020:WCSC-0U03,sweeps/S4/S4-AL262020-WCSC-0U03/objects/0fa79214c6e919a17d60d16402fc6667f6fe78537563d2a862e3df414be7efbe,,AL262020
CAND-4029,S4,AL262020:WCSC-0U1T,sweeps/S4/S4-AL262020-WCSC-0U1T/objects/81abf40e0d825297f8e8a56a89b910ac8430dfe58e0405c2e6a084c4b59f39d9,,AL262020
CAND-4030,S4,AL262020:WCSC-0U2B,sweeps/S4/S4-AL262020-WCSC-0U2B/objects/4223d3c77d82d412f31f79a6c29cfa1d1fd88e58ba281fe88189d09703c1049f,,AL262020
CAND-4031,S4,AL262020:WCSC-0WLG,sweeps/S4/S4-AL262020-WCSC-0WLG/objects/4057b79ad1fe1af01f69688a5f8542d227e718f1770197e780d1a074dada9d16,,AL262020
CAND-4032,S4,AL262020:WCSC-0WLH,sweeps/S4/S4-AL262020-WCSC-0WLH/objects/3f23a3397fc32093f9954ec366a38d95999384fcb570133d06f23b962c74221a,,AL262020
CAND-4033,S4,AL262020:WCSC-0WLJ,sweeps/S4/S4-AL262020-WCSC-0WLJ/objects/92116e7b5157111c79a7078004a175a39ff5456e9b7150e82d7e5e7aca7c4ffe,,AL262020
CAND-4034,S4,AL262020:WCSC-0WMA,sweeps/S4/S4-AL262020-WCSC-0WMA/objects/527454b4ddbf9b48d0a7a08aab826a9033d5f02ceed3c7290d99c3b0f66a00f4,,AL262020
CAND-4035,S4,AL262020:WCSC-0WME,sweeps/S4/S4-AL262020-WCSC-0WME/objects/3e37a31d36f9865dfd7fb9ddc9f7050c1e90c67c8377d4293662bff570e11d28,,AL262020
CAND-4036,S4,AL262020:WCSC-0WMU,sweeps/S4/S4-AL262020-WCSC-0WMU/objects/147964c0f4bd4259d008d37ceed50889b56353072007acd0b05815efaf9a01be,,AL262020
CAND-4037,S4,AL262020:WCSC-0WMX,sweeps/S4/S4-AL262020-WCSC-0WMX/objects/2b23e3b00c6bbe7b573de4aff8d665b8554914c549033ba790b75ed31a8d556e,,AL262020
CAND-4038,S4,AL262020:WCSC-0WMY,sweeps/S4/S4-AL262020-WCSC-0WMY/objects/fe87269f24e2f4f79cf34a83fb45e432587df136c473e6d61cf55f68e7a66fa2,,AL262020
CAND-4039,S4,AL262020:WCSC-0WMZ,sweeps/S4/S4-AL262020-WCSC-0WMZ/objects/67405aaf3e51f3ab407745354dfae7f046d688b6c132c592938ba678e95524b0,,AL262020
CAND-4040,S4,AL262020:WCSC-0WNN,sweeps/S4/S4-AL262020-WCSC-0WNN/objects/f6434f33e39ccc86d99109879558b452e2ae0fb84306b171f05e5eab2f19a99e,,AL262020
CAND-4041,S4,AL262020:WCSC-0WNP,sweeps/S4/S4-AL262020-WCSC-0WNP/objects/7011bb6c4ec3ab3a3a49377de177158081c509d559b29ad54239ebe5fe25448c,,AL262020
CAND-4042,S4,AL262020:WCSC-0WNQ,sweeps/S4/S4-AL262020-WCSC-0WNQ/objects/ec43624d965fcb35f8931f74c8829ab722da4b0cf7b5828800b1ee917e7f1c1f,,AL262020
CAND-4043,S4,AL262020:WCSC-0WP7,sweeps/S4/S4-AL262020-WCSC-0WP7/objects/9be34d4f673853be84ed8b0ff713b8795cf54d80b90abcd2f6c9d82bd3869df9,,AL262020
CAND-4044,S4,AL262020:WCSC-0WP9,sweeps/S4/S4-AL262020-WCSC-0WP9/objects/c0dfa98be1e8fdc6878771ff28b6ea623b6e76a83a27e1e335089eef7e7959b7,,AL262020
CAND-4045,S4,AL262020:WCSC-0WPA,sweeps/S4/S4-AL262020-WCSC-0WPA/objects/bd991bc8b9109977d184e4a79626b1610a5d12453b8ff02f1574ae3b2dc6522f,,AL262020
CAND-4046,S4,AL262020:WCSC-0WPT,sweeps/S4/S4-AL262020-WCSC-0WPT/objects/7c9796065aa5d0f5917eabc32ce6e2a2db0eeec814a57bea6f0f4da9a3ea52b7,,AL262020
CAND-4047,S4,AL262020:WCSC-0WUH,sweeps/S4/S4-AL262020-WCSC-0WUH/objects/251a6c521357af4f4c8eb7fd9562cea3cb1501a7255411758c04bca58787425b,,AL262020
CAND-4048,S4,AL262020:WCSC-0WVC,sweeps/S4/S4-AL262020-WCSC-0WVC/objects/17b89b352143aca9cf9a5d8463a36d0f7d24af26a414067c8dfedf6f834c7ba6,,AL262020
CAND-4049,S4,AL262020:WCSC-0WVD,sweeps/S4/S4-AL262020-WCSC-0WVD/objects/7974662a57929813cd2cba4bf66d1894f410e18e14635d4b5cdfee9f5402cf21,,AL262020
CAND-4050,S4,AL262020:WCSC-0WWH,sweeps/S4/S4-AL262020-WCSC-0WWH/objects/877e615fa313598e2fe29d3b294a11bae4d6fd6f4057e559ab6b356fbd2f2a6b,,AL262020
CAND-4051,S4,AL262020:WCSC-0WWK,sweeps/S4/S4-AL262020-WCSC-0WWK/objects/8a44bb9cdfa1bc03c7739d4004f95c156cf01431af6c995e0921dafcaa41b936,,AL262020
CAND-4052,S4,AL262020:WCSC-0WWN,sweeps/S4/S4-AL262020-WCSC-0WWN/objects/18369cc3321d58aebece80eb3c600cf76d1f6197bd54c963c9aed93711010fb2,,AL262020
CAND-4053,S4,AL262020:WCSC-0WWY,sweeps/S4/S4-AL262020-WCSC-0WWY/objects/fdcdf9ba22d537b16a2afe302a68d69e458b431082f9a8132a8fb847753279b4,,AL262020
CAND-4054,S4,AL262020:WCSC-0WWZ,sweeps/S4/S4-AL262020-WCSC-0WWZ/objects/9852593edadda5dce4eb84c6f60913d2a8aeb49c9c0827c53eec9c63f05e8caa,,AL262020
CAND-4055,S4,AL262020:WCSC-0WXQ,sweeps/S4/S4-AL262020-WCSC-0WXQ/objects/107ca92b973055932c4b8a85e5e871980efa3d5a6bd8fdd6121d80b1bca80a3b,,AL262020
CAND-4056,S4,AL262020:WCSC-0WXR,sweeps/S4/S4-AL262020-WCSC-0WXR/objects/c861476e218e9e4844233bb0b5908ae9cea6fc2847ff7797e6bf14b579b74e95,,AL262020
CAND-4057,S4,AL262020:WCSC-0WY2,sweeps/S4/S4-AL262020-WCSC-0WY2/objects/1b242aaf90aa2cf4d460d42e23d9db6fc556a4cf9ca8f476f4f26ed0bab78ef1,,AL262020
CAND-4058,S4,AL262020:WCSC-0WYG,sweeps/S4/S4-AL262020-WCSC-0WYG/objects/c4bed67c2a28259e9bd3a52821499753c777ee5213c88f1b3c7272974474875d,,AL262020
CAND-4059,S4,AL262020:WCSC-0WYP,sweeps/S4/S4-AL262020-WCSC-0WYP/objects/c2413b299456e0163a1797dbe7e78b958f56b633d2e69258acdc675bf6de77d7,,AL262020
CAND-4060,S4,AL262020:WCSC-0WYQ,sweeps/S4/S4-AL262020-WCSC-0WYQ/objects/4b3304d4f6ce215d51be777d109e728db1ba07d5f20e7322e0e1a09efe2f1524,,AL262020
CAND-4061,S4,AL262020:WCSC-0WYR,sweeps/S4/S4-AL262020-WCSC-0WYR/objects/1b8d171a739fb5bc11c30aae33a0bd8d07ffca4e14f550afc19d7928931ff3be,,AL262020
CAND-4062,S4,AL262020:WCSC-0WZ4,sweeps/S4/S4-AL262020-WCSC-0WZ4/objects/c2201b325b615ad6863e681a280801c42252427ff4530ec3ebe90ebaf20eb18f,,AL262020
CAND-4063,S4,AL262020:WCSC-0WZ7,sweeps/S4/S4-AL262020-WCSC-0WZ7/objects/63b33f96fce9fa6dbc26a94d9d51e7587704ab72a5f1f3a636619bd3eeb92155,,AL262020
CAND-4064,S4,AL262020:WCSC-0WZM,sweeps/S4/S4-AL262020-WCSC-0WZM/objects/54678fcb0c8725d53c5bc3026a28ab1090a11c74f3f44846073197cd717292da,,AL262020
CAND-4065,S4,AL262020:WCSC-0WZV,sweeps/S4/S4-AL262020-WCSC-0WZV/objects/ec0ae1910cabf72786afd5b567f9b3325a8014ec899fb01e032e012ea25b6e60,,AL262020
CAND-4066,S4,AL262020:WCSC-0X02,sweeps/S4/S4-AL262020-WCSC-0X02/objects/4b6030fe71f264d1441f31ea3a49e8fb45ff67e2ada3e88d22d6d22d148f6e17,,AL262020
CAND-4067,S4,AL262020:WCSC-0X0S,sweeps/S4/S4-AL262020-WCSC-0X0S/objects/a2735f7a8126fd76764aa561d56b3b576e298b5ff97b98423674dfdeca0f1b76,,AL262020
CAND-4068,S4,AL262020:WCSC-0X18,sweeps/S4/S4-AL262020-WCSC-0X18/objects/951e1226245ecd45f125c91a56b81066fe440d659a8c262e6e4498d48b55e889,,AL262020
CAND-4069,S4,AL262020:WCSC-0X24,sweeps/S4/S4-AL262020-WCSC-0X24/objects/60e62e0bafe62ede731ab2ff2cdfc210fdbd063cbddadeb572cb6c711b671514,,AL262020
CAND-4070,S4,AL262020:WCSC-0X2Q,sweeps/S4/S4-AL262020-WCSC-0X2Q/objects/506d4cdea5cf64565e4f504f83e00ab26c1ce3d2b40ec420520fdf2b9ef8fdca,,AL262020
CAND-4071,S4,AL262020:WCSC-0X2R,sweeps/S4/S4-AL262020-WCSC-0X2R/objects/32e5b1c0271c5f0dd02ff8d6b6b882cd435ea843a0532e7e78079d42289dbea7,,AL262020
CAND-4072,S4,AL262020:WCSC-0X2U,sweeps/S4/S4-AL262020-WCSC-0X2U/objects/11f7c3b73fe3b31b3ec98aa945f39ca845f66137750fb2cd8da1cabc11a5ab78,,AL262020
CAND-4073,S4,AL262020:WCSC-0X32,sweeps/S4/S4-AL262020-WCSC-0X32/objects/5f81a2384fd24ee53272c46c6fc4956df23c5bf839db774802231dd04db13539,,AL262020
CAND-4074,S4,AL262020:WCSC-0X58,sweeps/S4/S4-AL262020-WCSC-0X58/objects/9bdacbe9ea2fe76852a7949677a9ab2adbb666549668a991219249ecdb28731e,,AL262020
CAND-4075,S4,AL262020:WCSC-0X59,sweeps/S4/S4-AL262020-WCSC-0X59/objects/5d532c43d545c9d27db30b0f1e94540910c7c706c5d2ac74e23bdb6394b4e23e,,AL262020
CAND-4076,S4,AL262020:WCSC-0X6B,sweeps/S4/S4-AL262020-WCSC-0X6B/objects/f73806bebbd800f08152f229a864d8e50ed3f661e2038201ba9219e1238541a2,,AL262020
CAND-4077,S4,AL262020:WCSC-0X6C,sweeps/S4/S4-AL262020-WCSC-0X6C/objects/34d25b10a1be1ce15ab4f33ded6246e1d4f5707a9f40820aaaa02164b4101124,,AL262020
CAND-4078,S4,AL262020:WCSC-0X6D,sweeps/S4/S4-AL262020-WCSC-0X6D/objects/522ab393a9a47fca92993ea9da8f7d92aef3c9eab9b56b4231c2ba07ae306545,,AL262020
CAND-4079,S4,AL262020:WCSC-0X6E,sweeps/S4/S4-AL262020-WCSC-0X6E/objects/8e965652b066b06df8a8918e7de6f231f268246878ce6699326156e94d407f1b,,AL262020
CAND-4080,S4,AL262020:WCSC-0X6V,sweeps/S4/S4-AL262020-WCSC-0X6V/objects/0f06856ec4cb3446479b9097ac0a287c5c1db025d93390b650463816f49e5280,,AL262020
CAND-4081,S4,AL262020:WCSC-0X7S,sweeps/S4/S4-AL262020-WCSC-0X7S/objects/61010417d49cef2cc9d7d9d938cfe62a98ab9c78232b56c402ff5d9a028f40b6,,AL262020
CAND-4082,S4,AL262020:WCSC-0X7T,sweeps/S4/S4-AL262020-WCSC-0X7T/objects/d32cf9973090b93c7e31b1455c3cf59e60cd56b823ab6dae3e53620b01529a51,,AL262020
CAND-4083,S4,AL262020:WCSC-0X8B,sweeps/S4/S4-AL262020-WCSC-0X8B/objects/f056df361273ccdcc72141fb5c89e5a45681bd143dca6b5b9b1cc8324a0bbc04,,AL262020
CAND-4084,S4,AL262020:WCSC-0X93,sweeps/S4/S4-AL262020-WCSC-0X93/objects/d8b329ae12ac78f5d89314b3bf0691ed4052bd92ad4232456047d88e6e3cbb03,,AL262020
CAND-4085,S4,AL262020:WCSC-0X9M,sweeps/S4/S4-AL262020-WCSC-0X9M/objects/2f36facffb98db548d0f89e0c7c6bff41bfddc11cc2980595b3fcdf3a9b0d9d7,,AL262020
CAND-4086,S4,AL262020:WCSC-0XA1,sweeps/S4/S4-AL262020-WCSC-0XA1/objects/105bf88b94b7d4dc32a4bf744cfa53d1cccc36c13c03be344830720467c01df0,,AL262020
CAND-4087,S4,AL262020:WCSC-0XAD,sweeps/S4/S4-AL262020-WCSC-0XAD/objects/7492742faa4e86deae1d49a2843a96c997e9a035dfbc2c2be4d8eb55334a3b23,,AL262020
CAND-4088,S4,AL262020:WCSC-0XAE,sweeps/S4/S4-AL262020-WCSC-0XAE/objects/7664c6856e410e0de2a2c481ed355e249519613e4168cc800da5dd18e5acae9c,,AL262020
CAND-4089,S4,AL262020:WCSC-0XAF,sweeps/S4/S4-AL262020-WCSC-0XAF/objects/797a87c741af316389583677230236287f5dd79ac1d8c204fa924b8cef62c81a,,AL262020
CAND-4090,S4,AL262020:WCSC-0XAH,sweeps/S4/S4-AL262020-WCSC-0XAH/objects/84579f907fb8e4543c8ffd9a9fdde05650e352147fbc5a65fbf36dc3a196b18d,,AL262020
CAND-4091,S4,AL262020:WCSC-0XAJ,sweeps/S4/S4-AL262020-WCSC-0XAJ/objects/1c101ecb14e613454eef8b5bb99678f553e3c827c2ac681bf10d60997a1a5671,,AL262020
CAND-4092,S4,AL262020:WCSC-0XAU,sweeps/S4/S4-AL262020-WCSC-0XAU/objects/a295cf8c8d5f357165d0082bf231876471ee6801d14c1542fd214271fc113401,,AL262020
CAND-4093,S4,AL262020:WCSC-0XAX,sweeps/S4/S4-AL262020-WCSC-0XAX/objects/17ce61da48de850091c770c7ca6de0abc1043a02f63526a0057d68e8fd49965c,,AL262020
CAND-4094,S4,AL262020:WCSC-0XAY,sweeps/S4/S4-AL262020-WCSC-0XAY/objects/9ee6fbd08af55ca19dee6370a7a249426d4950aaccb76de4e1e671ad90e56105,,AL262020
CAND-4095,S4,AL262020:WCSC-0XAZ,sweeps/S4/S4-AL262020-WCSC-0XAZ/objects/f3ecf2da6ed3b953ac00c1182f94510b8e2408a017e929a8dd4693313cd32366,,AL262020
CAND-4096,S4,AL262020:WCSC-0Y5U,sweeps/S4/S4-AL262020-WCSC-0Y5U/objects/5154316a73178b0ed43f2ec926f6bb0dfe22ad802aa45034d51e1d80b0b41b48,,AL262020
CAND-4097,S4,AL262020:WCSC-0Y5W,sweeps/S4/S4-AL262020-WCSC-0Y5W/objects/2c88a1d8f7540146f4d0ea6ed9d7f6ea536ac1456841b79434f33de6cc400a85,,AL262020
CAND-4098,S4,AL262020:WCSC-0Y5X,sweeps/S4/S4-AL262020-WCSC-0Y5X/objects/dbe57ed66551e055da63e619a3a55e3f53e0bddfab38b3abc73b4d93ea3562b9,,AL262020
CAND-4099,S4,AL262020:WCSC-0Y5Y,sweeps/S4/S4-AL262020-WCSC-0Y5Y/objects/d5bc2a9dc4f8d66db92674df9b6fd7541e44a33d8e16c6c4fe935af455ae3568,,AL262020
CAND-4100,S4,AL262020:WCSC-0YAD,sweeps/S4/S4-AL262020-WCSC-0YAD/objects/f6f88b30b4b05d9fa9f64de87d109a6b5fd1ea91750955b24f9f25b76bf57e1f,,AL262020
CAND-4101,S4,AL262020:WCSC-0ZAN,sweeps/S4/S4-AL262020-WCSC-0ZAN/objects/a1aa41826d9f5201f1c209a7d96a9c66c0c1d20fa60c60c74ff4d738d159bb69,,AL262020
CAND-4102,S4,AL262020:WCSC-0ZRU,sweeps/S4/S4-AL262020-WCSC-0ZRU/objects/84fbb4e7c595a4e3d0e8f85dae970f3ad73f1cde696be6ba55e385aeb3ff9111,,AL262020
CAND-4103,S4,AL262020:WCSC-0ZSB,sweeps/S4/S4-AL262020-WCSC-0ZSB/objects/f35c6702cfe6e452216a83c22aa3c0dcec8446ca75538b1ff9e6f91f4c084616,,AL262020
CAND-4104,S4,AL262020:WCSC-120Y,sweeps/S4/S4-AL262020-WCSC-120Y/objects/6d378e3f184e8a8461b0409861ee560c04656ece7a2a8d990c438551d1edba41,,AL262020
CAND-4105,S4,AL262020:WCSC-120Z,sweeps/S4/S4-AL262020-WCSC-120Z/objects/9c42d0f29b884c079209e35c56896b9f2144461bb5cecdbcc9243a33f2a0c750,,AL262020
CAND-4106,S4,AL262020:WCSC-123M,sweeps/S4/S4-AL262020-WCSC-123M/objects/455528d620747d8e0f9a084143dbf444ee5abeb56fb74a67df0ff813a7efc5be,,AL262020
CAND-4107,S4,AL262020:WCSC-125D,sweeps/S4/S4-AL262020-WCSC-125D/objects/e970fd13141f3107c36c7ce24767058dbd8453c20e18f1e61c52fa356f30577d,,AL262020
CAND-4108,S4,AL262020:WCSC-127Z,sweeps/S4/S4-AL262020-WCSC-127Z/objects/7097df4312fc083350dca4668dee91c1d601279705333b756ff254af314d41c3,,AL262020
CAND-4109,S4,AL262020:WCSC-128Z,sweeps/S4/S4-AL262020-WCSC-128Z/objects/f7fc63fe03981fc36e9b4b45155e3f3864b8fe01687d051cc276a49cc8124247,,AL262020
CAND-4110,S4,AL282020:WCSC-0E4C,sweeps/S4/S4-AL282020-WCSC-0E4C/objects/34bf41428b34a124cfe55e53b948f0f78ef5db401fad4819229fc7a76c0bfe3c,,AL282020
CAND-4111,S4,AL282020:WCSC-0E4D,sweeps/S4/S4-AL282020-WCSC-0E4D/objects/2f51edf4adbbf29fa87cb3773bfe54911497933bd67b0595cf090ee9f87fd949,,AL282020
CAND-4112,S4,AL282020:WCSC-0E6N,sweeps/S4/S4-AL282020-WCSC-0E6N/objects/d19ea0adb4c450c907909125d818a92c3bd7bf5527b247bd15aa0a93748fabb5,,AL282020
CAND-4113,S4,AL282020:WCSC-0EX5,sweeps/S4/S4-AL282020-WCSC-0EX5/objects/6ff393121bdae2382245a16a9c7578b09cddf42732fa3f26fd8585798bc6c7e0,,AL282020
CAND-4114,S4,AL282020:WCSC-0EZA,sweeps/S4/S4-AL282020-WCSC-0EZA/objects/661d59554abe3ae0611074c4d48414177b475d54e7daf05e6dd53e427d6618dc,,AL282020
CAND-4115,S4,AL282020:WCSC-0MWW,sweeps/S4/S4-AL282020-WCSC-0MWW/objects/b22364a5e096a800824e0bf0b4874d750c4404fd869973e277cd05ebfe972953,,AL282020
CAND-4116,S4,AL282020:WCSC-0N8K,sweeps/S4/S4-AL282020-WCSC-0N8K/objects/13981098015553856b47bcdf8144688eba7c3c00a7ecd0328afd47d4975a1837,,AL282020
CAND-4117,S4,AL282020:WCSC-0NE2,sweeps/S4/S4-AL282020-WCSC-0NE2/objects/56694ca53af26f5c670c3444fbfebbb7bf651f7f960f3d542cc6238d47b3437a,,AL282020
CAND-4118,S4,AL282020:WCSC-0NE3,sweeps/S4/S4-AL282020-WCSC-0NE3/objects/778af7e3963f2e348c9fa5ce591eebe6505766d02d4c8d8266e5e69fcb5b67cf,,AL282020
CAND-4119,S4,AL282020:WCSC-0NPA,sweeps/S4/S4-AL282020-WCSC-0NPA/objects/fb63a63fbd7e2052620bdca6f29d7c62de89291303a28d1aeb8ed3d41dea2b38,,AL282020
CAND-4120,S4,AL282020:WCSC-0NPC,sweeps/S4/S4-AL282020-WCSC-0NPC/objects/0f229af2d8b1c208bf837c672354c54b384a070374bd45d86274df1ad6db6792,,AL282020
CAND-4121,S4,AL282020:WCSC-0PJ1,sweeps/S4/S4-AL282020-WCSC-0PJ1/objects/103642fee2ea6718e0cefe1a7e46a8c840b8fbeb1e337145c04bc92484214972,,AL282020
CAND-4122,S4,AL282020:WCSC-0PNQ,sweeps/S4/S4-AL282020-WCSC-0PNQ/objects/63a9a443e54d54e03f64470818c9e0dfc35bf886964b34639f5b3413c3dd3073,,AL282020
CAND-4123,S4,AL282020:WCSC-0Q0R,sweeps/S4/S4-AL282020-WCSC-0Q0R/objects/5d77ec1a077215b85b5b7dfc30adc3b15e809956065ba50936a2e407a28de815,,AL282020
CAND-4124,S4,AL282020:WCSC-0Q0S,sweeps/S4/S4-AL282020-WCSC-0Q0S/objects/8d909bd094a7213ecf89e8b73ecf261c4a44b6a32c9567d25ec657360eb0d275,,AL282020
CAND-4125,S4,AL282020:WCSC-0Q0X,sweeps/S4/S4-AL282020-WCSC-0Q0X/objects/879cbf7adcdc64adacc1c3d915167ab88a547e1a4dba6899d1713e75cfbbad89,,AL282020
CAND-4126,S4,AL282020:WCSC-0Q0Y,sweeps/S4/S4-AL282020-WCSC-0Q0Y/objects/601f2956747f14b2a7af3c28fc7d6170c4ae69b8529a93267f2974e61f4bf046,,AL282020
CAND-4127,S4,AL282020:WCSC-0Q0Z,sweeps/S4/S4-AL282020-WCSC-0Q0Z/objects/f6cd096feff9c7be50ba0ac87e1e63d444a1d94c50bc1928047928d60cc3e223,,AL282020
CAND-4128,S4,AL282020:WCSC-0Q11,sweeps/S4/S4-AL282020-WCSC-0Q11/objects/a80ce4006b2661f36b0596234cbfc0faa5332497616cc81feb18c1ea0e4a3f79,,AL282020
CAND-4129,S4,AL282020:WCSC-0Q13,sweeps/S4/S4-AL282020-WCSC-0Q13/objects/4fa75243c9b0157d76ec93ed10469dc29bc5f1e9d433d64f0cd4ecff23890731,,AL282020
CAND-4130,S4,AL282020:WCSC-0Q15,sweeps/S4/S4-AL282020-WCSC-0Q15/objects/5b33955af223ef1ae106eec77503e05fe7449d7de9cd209fbaaf31ba9b4e7688,,AL282020
CAND-4131,S4,AL282020:WCSC-0Q1C,sweeps/S4/S4-AL282020-WCSC-0Q1C/objects/89bdeeb4f4d3062f624846266205aa2c2af1f332480ddc99ea9749a3406f22e4,,AL282020
CAND-4132,S4,AL282020:WCSC-0Q1D,sweeps/S4/S4-AL282020-WCSC-0Q1D/objects/21f9baf8db54f017fe28ac6372d33e916f896ae2c67c8c83444d754763260338,,AL282020
CAND-4133,S4,AL282020:WCSC-0Q1E,sweeps/S4/S4-AL282020-WCSC-0Q1E/objects/bd721abfa866dcfcc50b50adfefba32f7631471f5f294929405c1d2a8ed9cfeb,,AL282020
CAND-4134,S4,AL282020:WCSC-0Q1F,sweeps/S4/S4-AL282020-WCSC-0Q1F/objects/c83d1985b6a7874a7f2c9f275c46fa4d141dbd8086d847d33ae3a3680b7f822b,,AL282020
CAND-4135,S4,AL282020:WCSC-0Q1K,sweeps/S4/S4-AL282020-WCSC-0Q1K/objects/cf8ec53367c41a4c1ce0ebdbe301ee8815bcb5b3b72833e6ade9c4b86a6027bd,,AL282020
CAND-4136,S4,AL282020:WCSC-0Q1M,sweeps/S4/S4-AL282020-WCSC-0Q1M/objects/15a73aa2250093835251e1820387c48c73600c59ab6b6b850ef368a9474bfa0f,,AL282020
CAND-4137,S4,AL282020:WCSC-0Q1N,sweeps/S4/S4-AL282020-WCSC-0Q1N/objects/1517df95e53dfb9d31fa1cd43b04fcf8857154802c78f228eda9237d948be073,,AL282020
CAND-4138,S4,AL282020:WCSC-0Q1P,sweeps/S4/S4-AL282020-WCSC-0Q1P/objects/4da50fd0e00e65bc1a7b0a54238b7a2caab37a7ec1fd998e9057f74788ba04ec,,AL282020
CAND-4139,S4,AL282020:WCSC-0Q1R,sweeps/S4/S4-AL282020-WCSC-0Q1R/objects/fef995ca789a7b3a082690c6fff34d50430faadd70cbef262237ac4710924b7a,,AL282020
CAND-4140,S4,AL282020:WCSC-0Q1S,sweeps/S4/S4-AL282020-WCSC-0Q1S/objects/800bfa5e3fdfed0aea9d87ab26f86c53a4d8fa6146830876eb2461060f5f76d8,,AL282020
CAND-4141,S4,AL282020:WCSC-0Q1V,sweeps/S4/S4-AL282020-WCSC-0Q1V/objects/1a893a43434fa5e460fabf561ab885e80ee5420d830684a0a46114c50b8ef259,,AL282020
CAND-4142,S4,AL282020:WCSC-0Q1W,sweeps/S4/S4-AL282020-WCSC-0Q1W/objects/55ae2be380ca9ee05dc935ef7022eea38e7695965659542ff32bf081ccf9a772,,AL282020
CAND-4143,S4,AL282020:WCSC-0Q1Y,sweeps/S4/S4-AL282020-WCSC-0Q1Y/objects/7c015b01053bda06b3f6bd5d2ee95ae20e1b64ee40a17142d857e7b7d0e3e639,,AL282020
CAND-4144,S4,AL282020:WCSC-0Q1Z,sweeps/S4/S4-AL282020-WCSC-0Q1Z/objects/c854319c54c0b111e18b86b03914fb0df994e09d4977a954e9481f70d29a484b,,AL282020
CAND-4145,S4,AL282020:WCSC-0Q20,sweeps/S4/S4-AL282020-WCSC-0Q20/objects/6785594d21d4e11c4bc157dad22d238ace47d619ab2da583d6233773162561b3,,AL282020
CAND-4146,S4,AL282020:WCSC-0Q26,sweeps/S4/S4-AL282020-WCSC-0Q26/objects/9d0a126d7bbc13980cab9b8c64f829848e83d6145b6344caa3cfac47fcfc775c,,AL282020
CAND-4147,S4,AL282020:WCSC-0Q27,sweeps/S4/S4-AL282020-WCSC-0Q27/objects/58904a751be996c16d007a3b44ab742ab960cdc8890b51066d1793b959a3b5a2,,AL282020
CAND-4148,S4,AL282020:WCSC-0QAJ,sweeps/S4/S4-AL282020-WCSC-0QAJ/objects/8a0a7036b609d7dbb679575eecd4d070bc70059bedd2b7d33621d159ec783e0a,,AL282020
CAND-4149,S4,AL282020:WCSC-0QAK,sweeps/S4/S4-AL282020-WCSC-0QAK/objects/e315126eac6e89fbe1f8c20f20577f03a14275dc4d0240ee88d6d2ad45b5ea0c,,AL282020
CAND-4150,S4,AL282020:WCSC-0QBU,sweeps/S4/S4-AL282020-WCSC-0QBU/objects/b488ac249a0df985e4a3791c9161c4d1b2818738ac897a80e634ac2074e9719c,,AL282020
CAND-4151,S4,AL282020:WCSC-0QC2,sweeps/S4/S4-AL282020-WCSC-0QC2/objects/8b12cfbf91e9935d9bae3ed8debd32f06b2d0f16628ae299bab2f5803755c113,,AL282020
CAND-4152,S4,AL282020:WCSC-0QC3,sweeps/S4/S4-AL282020-WCSC-0QC3/objects/250dfe61488b615e086d2437ebd49bf46cd42b316ff732a181d935f9f750bd0f,,AL282020
CAND-4153,S4,AL282020:WCSC-0QGK,sweeps/S4/S4-AL282020-WCSC-0QGK/objects/d5ff2c6c64e3aa0376b177ee31768b30cd1109fe01e3e6bee07bcb977cf7d3f7,,AL282020
CAND-4154,S4,AL282020:WCSC-0QLR,sweeps/S4/S4-AL282020-WCSC-0QLR/objects/e657d5c8b41987a0f3dd9a8489266d0434b06e6c3dd333b37c1e35eb56c66cf1,,AL282020
CAND-4155,S4,AL282020:WCSC-0QWQ,sweeps/S4/S4-AL282020-WCSC-0QWQ/objects/9b32b61d5509fc86c9a99b7675dba98a9a226c315dfa69490176427b750ca928,,AL282020
CAND-4156,S4,AL282020:WCSC-0QZX,sweeps/S4/S4-AL282020-WCSC-0QZX/objects/ad713f8ee00ad32706f7fe59411c612b13efd4a0694a85539e41440a120d8eef,,AL282020
CAND-4157,S4,AL282020:WCSC-0R0Z,sweeps/S4/S4-AL282020-WCSC-0R0Z/objects/890ff62a77be5bdd49c50928ce211e2d6db078c67b23624dd4be01d4558ae398,,AL282020
CAND-4158,S4,AL282020:WCSC-0RLM,sweeps/S4/S4-AL282020-WCSC-0RLM/objects/f84ff7c6b2c2b80289bd7cf48494e04311ee1c5413e3fec8e1481ae7b19d70d6,,AL282020
CAND-4159,S4,AL282020:WCSC-0RLY,sweeps/S4/S4-AL282020-WCSC-0RLY/objects/76085b646ca0e9a2389c0c085ca7d764c61cffe8fa7b9d9763525329454751da,,AL282020
CAND-4160,S4,AL282020:WCSC-0RLZ,sweeps/S4/S4-AL282020-WCSC-0RLZ/objects/8d7d9333c86ad29b15af3cfbb2f895436c7005b3b1f9534d1bca0ccb07a5ef91,,AL282020
CAND-4161,S4,AL282020:WCSC-0RM3,sweeps/S4/S4-AL282020-WCSC-0RM3/objects/7eddef0c3859bdcc397ff170fc3fbc6206d48967d68c599dd576fb32b806dda9,,AL282020
CAND-4162,S4,AL282020:WCSC-0RM7,sweeps/S4/S4-AL282020-WCSC-0RM7/objects/d11a8853dcca20fda5479d7514a4dec5967981694d67f18999478cb416bb4599,,AL282020
CAND-4163,S4,AL282020:WCSC-0RM9,sweeps/S4/S4-AL282020-WCSC-0RM9/objects/6c24a6ed7bd76768efd86b6b2883831268fad7e22ebee7ce17f4d6bcb00f1573,,AL282020
CAND-4164,S4,AL282020:WCSC-0S97,sweeps/S4/S4-AL282020-WCSC-0S97/objects/2f5da91758e64b3cb3d087f04b08a27129363355e7e0f0de0fa56d75c4bf1e3c,,AL282020
CAND-4165,S4,AL282020:WCSC-0S9Y,sweeps/S4/S4-AL282020-WCSC-0S9Y/objects/35cc515a5a856e33eaddf035c24c681d28122bf9c5c4b3a88b8b2dd35beb4d5c,,AL282020
CAND-4166,S4,AL282020:WCSC-0SEN,sweeps/S4/S4-AL282020-WCSC-0SEN/objects/3c4ff91846b67201e1f4ca6268286867f7ed31472c786a6090c69617c4ba6b46,,AL282020
CAND-4167,S4,AL282020:WCSC-0SEQ,sweeps/S4/S4-AL282020-WCSC-0SEQ/objects/6d57db0586a268cdd03a12e278bcd66b499f2affe5051d358503faeba61f196a,,AL282020
CAND-4168,S4,AL282020:WCSC-0TLU,sweeps/S4/S4-AL282020-WCSC-0TLU/objects/39de95f14b23995958a11edd1671f7530ffec1185a7f73f5fcbc0647adecf267,,AL282020
CAND-4169,S4,AL282020:WCSC-0TLV,sweeps/S4/S4-AL282020-WCSC-0TLV/objects/798e4655acbe7f25a683aefa1be68319b31400c666697e524c01b3daaa7630b9,,AL282020
CAND-4170,S4,AL282020:WCSC-0TYL,sweeps/S4/S4-AL282020-WCSC-0TYL/objects/9c39c58dd11b1523d89bb897adf20771a3233f48e08c47c91c3eb21357c655c8,,AL282020
CAND-4171,S4,AL282020:WCSC-0U22,sweeps/S4/S4-AL282020-WCSC-0U22/objects/d0e2fc764f6b591b53bca90cee3a68cc0c887e9a2f88a2ed5c71136b61e46140,,AL282020
CAND-4172,S4,AL282020:WCSC-0WUH,sweeps/S4/S4-AL282020-WCSC-0WUH/objects/87ce5a44b78b2686cc6a5227ba1770557e5b0bc950e7716d69272abdef325d9e,,AL282020
CAND-4173,S4,AL282020:WCSC-0WUS,sweeps/S4/S4-AL282020-WCSC-0WUS/objects/5cfcda801a20a003b2168aa8e14d0ff65ea8a7216a06e994b05ff7de964b6b85,,AL282020
CAND-4174,S4,AL282020:WCSC-0WUT,sweeps/S4/S4-AL282020-WCSC-0WUT/objects/895df3b1374fa9aaa4b8d2924d2bdd496a94f66ac7e42929ac0f6afb6effaec6,,AL282020
CAND-4175,S4,AL282020:WCSC-0WUU,sweeps/S4/S4-AL282020-WCSC-0WUU/objects/5ec32aed8e9e00312c61ce9121ef0770a6220af3b3b305fa5a1c8e53b37cb90a,,AL282020
CAND-4176,S4,AL282020:WCSC-0WVQ,sweeps/S4/S4-AL282020-WCSC-0WVQ/objects/20cc1b883a8d249e580bd28fde27faf6d3c64af250f97c998cf6e97b38ae3d02,,AL282020
CAND-4177,S4,AL282020:WCSC-0WVV,sweeps/S4/S4-AL282020-WCSC-0WVV/objects/d3a0da271fe5636869e53c9dc229ff3584e2d23d07d02079fdaf134847486227,,AL282020
CAND-4178,S4,AL282020:WCSC-0WVW,sweeps/S4/S4-AL282020-WCSC-0WVW/objects/e06961882f46724b8da4edaeddd5d6804aeb25f44796f24ac443248f73f8cdbb,,AL282020
CAND-4179,S4,AL282020:WCSC-0WVX,sweeps/S4/S4-AL282020-WCSC-0WVX/objects/6ce73a6aba5723da28176143cdf85011e740e13464803b2f56b5f4d30d4f4737,,AL282020
CAND-4180,S4,AL282020:WCSC-0WW0,sweeps/S4/S4-AL282020-WCSC-0WW0/objects/279f03f9a88368b77bca8eee06b3c8829eaa78972704162630ede06deca8ca49,,AL282020
CAND-4181,S4,AL282020:WCSC-0WW2,sweeps/S4/S4-AL282020-WCSC-0WW2/objects/fadc2e7b636476a032e86d8a78521ee354125a0174691b7b325a177b5cfced70,,AL282020
CAND-4182,S4,AL282020:WCSC-0WW5,sweeps/S4/S4-AL282020-WCSC-0WW5/objects/0fdc3c5302b72c5a2ac391ac049a9118176cde73a47ae33fd5d1bf13af5956d1,,AL282020
CAND-4183,S4,AL282020:WCSC-0WWT,sweeps/S4/S4-AL282020-WCSC-0WWT/objects/236f4de1223b734132bda4db553443478ca8608d8d98ab0e6c0e2720cd15c0eb,,AL282020
CAND-4184,S4,AL282020:WCSC-0WWV,sweeps/S4/S4-AL282020-WCSC-0WWV/objects/6eaaba07ef4ee7d39d32622fb91008450964dec98ea8e107cddbeffa144940b9,,AL282020
CAND-4185,S4,AL282020:WCSC-0WWW,sweeps/S4/S4-AL282020-WCSC-0WWW/objects/2c46611c25ae275a0b074e3c507694b94d87a43e6be6a5ef25218608f18d0d12,,AL282020
CAND-4186,S4,AL282020:WCSC-0WXJ,sweeps/S4/S4-AL282020-WCSC-0WXJ/objects/58f848113a8f1392ea37a4f09cdec66c6090fa5603b48093fd91a532e40fe7d2,,AL282020
CAND-4187,S4,AL282020:WCSC-0WXK,sweeps/S4/S4-AL282020-WCSC-0WXK/objects/c5604ba2551cafaba2075db148d025b26c93a4aae3a93e16de0f422cecae144e,,AL282020
CAND-4188,S4,AL282020:WCSC-0WXL,sweeps/S4/S4-AL282020-WCSC-0WXL/objects/bedd1c4786ac09fea9caf5587f7765853d317ecc5fc98ad66abef3323ce44067,,AL282020
CAND-4189,S4,AL282020:WCSC-0WXM,sweeps/S4/S4-AL282020-WCSC-0WXM/objects/2e118ba7ed4f223bca58fbafb2dc3c4f7ce69abec4ca880a2be7d0ee2f76c048,,AL282020
CAND-4190,S4,AL282020:WCSC-0WXQ,sweeps/S4/S4-AL282020-WCSC-0WXQ/objects/9ba36dd690e2ab0c6193d90c827f4101308b8210c85c30e622170099c2320e1a,,AL282020
CAND-4191,S4,AL282020:WCSC-0WXR,sweeps/S4/S4-AL282020-WCSC-0WXR/objects/31242df7ff4d0159f7ffd5a9a7ccbbd20903b11a2628e1f60a967aa548bb27ca,,AL282020
CAND-4192,S4,AL282020:WCSC-0WY2,sweeps/S4/S4-AL282020-WCSC-0WY2/objects/1c2653b1375add9c93dad52296ac21a1d86672249913ce0a370a38db6ee12b79,,AL282020
CAND-4193,S4,AL282020:WCSC-0WY5,sweeps/S4/S4-AL282020-WCSC-0WY5/objects/d5d11fcc7257b31be683a9caae3ec53675be874f61d6e0bbac629afa58854c4d,,AL282020
CAND-4194,S4,AL282020:WCSC-0WY6,sweeps/S4/S4-AL282020-WCSC-0WY6/objects/293545c1207a6dbbf02e2d0ef6c0a3163d9df8f958fd40438ca5c510ee6b9240,,AL282020
CAND-4195,S4,AL282020:WCSC-0WYG,sweeps/S4/S4-AL282020-WCSC-0WYG/objects/ed265d5ba0bbe6e08966ffeec640e7c496b6a47f957ce51b600e2db1204540e1,,AL282020
CAND-4196,S4,AL282020:WCSC-0WYH,sweeps/S4/S4-AL282020-WCSC-0WYH/objects/2d791b7b488b6e83a53668968d6d43a8266246913dec75a076f0dfb5f0b18c0b,,AL282020
CAND-4197,S4,AL282020:WCSC-0WYJ,sweeps/S4/S4-AL282020-WCSC-0WYJ/objects/ae54c95e9adcfce3637863f607a8744177516a5f31f90024b1424d76d7731ffa,,AL282020
CAND-4198,S4,AL282020:WCSC-0WYK,sweeps/S4/S4-AL282020-WCSC-0WYK/objects/436ef843d05eea9c950b1853bc90f1142dabb376de51b5071d9d966e25a787d8,,AL282020
CAND-4199,S4,AL282020:WCSC-0WYR,sweeps/S4/S4-AL282020-WCSC-0WYR/objects/402259df7d6c55ac1fe9db618e0b53a71038676b5fe7c3520febd1b4bececa54,,AL282020
CAND-4200,S4,AL282020:WCSC-0WYZ,sweeps/S4/S4-AL282020-WCSC-0WYZ/objects/a05543945d25de63dd186584fa25352fcb574a81c8b8f5085958c74b09ab25b9,,AL282020
CAND-4201,S4,AL282020:WCSC-0WZ7,sweeps/S4/S4-AL282020-WCSC-0WZ7/objects/a787c597a73e61859d877496f7a5300564092c8c2a4c83348632ff35610d8f46,,AL282020
CAND-4202,S4,AL282020:WCSC-0WZB,sweeps/S4/S4-AL282020-WCSC-0WZB/objects/f4acf2e1eacdaa2e66352e8cb8df90256e7a80602377d8492ed7430682baa618,,AL282020
CAND-4203,S4,AL282020:WCSC-0WZT,sweeps/S4/S4-AL282020-WCSC-0WZT/objects/f5eb8e5f6559eee7a497a0e8d22251b246efb3b2c9d10c9cf6839adba2543bb0,,AL282020
CAND-4204,S4,AL282020:WCSC-0WZV,sweeps/S4/S4-AL282020-WCSC-0WZV/objects/76013d5e46cc02ce3d1a5fc775d286454c32785d14eb0a39c054d6ce98496983,,AL282020
CAND-4205,S4,AL282020:WCSC-0X0B,sweeps/S4/S4-AL282020-WCSC-0X0B/objects/8806b1078230cf0da8a090ec5755d7603baeafef67f2f85eced1ed820852c795,,AL282020
CAND-4206,S4,AL282020:WCSC-0X0S,sweeps/S4/S4-AL282020-WCSC-0X0S/objects/4b4907ae48bf25330479c33ca79ef86ea51af25499edacd335998bc744702911,,AL282020
CAND-4207,S4,AL282020:WCSC-0X18,sweeps/S4/S4-AL282020-WCSC-0X18/objects/93ed2e7b152fdc0b31c972e82445dd88aa35eb5c845733e123c95b8ddf157494,,AL282020
CAND-4208,S4,AL282020:WCSC-0X20,sweeps/S4/S4-AL282020-WCSC-0X20/objects/903335f3b4c6c8036387eaaca01fdf444e33fec2fb650e3f5b2ad642c8695096,,AL282020
CAND-4209,S4,AL282020:WCSC-0X24,sweeps/S4/S4-AL282020-WCSC-0X24/objects/e530ebb158fbcaace00ce40dfa93825d62c6499ea7cbdd224dcffe259ad05c0e,,AL282020
CAND-4210,S4,AL282020:WCSC-0X2K,sweeps/S4/S4-AL282020-WCSC-0X2K/objects/c80ee379ffda674c3abef24305a60dbde8388237e54c9a6ea849873338879c68,,AL282020
CAND-4211,S4,AL282020:WCSC-0X2L,sweeps/S4/S4-AL282020-WCSC-0X2L/objects/822a42b12155718e0dc684f62cb877c660d31f3a8e54c76eb5aa1b44da26af2a,,AL282020
CAND-4212,S4,AL282020:WCSC-0X2M,sweeps/S4/S4-AL282020-WCSC-0X2M/objects/aab57e1fe8fc5e70b089f3e9832fbef9fd790317a24a2b7c4708838bd98eaa5f,,AL282020
CAND-4213,S4,AL282020:WCSC-0X5U,sweeps/S4/S4-AL282020-WCSC-0X5U/objects/0b800940c28e2444b4080cfacc63495c78d9396829505aa49657c9bb2f46ef98,,AL282020
CAND-4214,S4,AL282020:WCSC-0X62,sweeps/S4/S4-AL282020-WCSC-0X62/objects/70106f09686b6d30615e0273c5f2d88634689c9c127404c261221ab4d4c5c004,,AL282020
CAND-4215,S4,AL282020:WCSC-0X64,sweeps/S4/S4-AL282020-WCSC-0X64/objects/f60cca13d71424de1d278a01e3e1aa1fc5db8805222d9e52b824d0bfc5a9597b,,AL282020
CAND-4216,S4,AL282020:WCSC-0X6G,sweeps/S4/S4-AL282020-WCSC-0X6G/objects/a54c4133482f4e5e0bb85a4198143aa5d1c4ef2b3977c94323db0307b70b9fd2,,AL282020
CAND-4217,S4,AL282020:WCSC-0X6H,sweeps/S4/S4-AL282020-WCSC-0X6H/objects/bbb26527af83f408b5ccef246c1159bbae6b9a592a38b6fced0115fa29a2bb15,,AL282020
CAND-4218,S4,AL282020:WCSC-0X6J,sweeps/S4/S4-AL282020-WCSC-0X6J/objects/e17828135a45fdcd3e3781d51aa70585945368ead65e696a89f514969547c97a,,AL282020
CAND-4219,S4,AL282020:WCSC-0X6K,sweeps/S4/S4-AL282020-WCSC-0X6K/objects/680209ab87cbeb92cc68f7ae468fb728e15b71008fa9ed7cb75688d482d9d17c,,AL282020
CAND-4220,S4,AL282020:WCSC-0X6L,sweeps/S4/S4-AL282020-WCSC-0X6L/objects/b16d6b0a46ae76b26eff58a89ff45427379b0c9d9d0bff31367168b75028608f,,AL282020
CAND-4221,S4,AL282020:WCSC-0X7G,sweeps/S4/S4-AL282020-WCSC-0X7G/objects/e748389f219c16aec2a34a6651457d40cbbc3cc9e72a30f275cf553fcdccb828,,AL282020
CAND-4222,S4,AL282020:WCSC-0X7L,sweeps/S4/S4-AL282020-WCSC-0X7L/objects/9bfd67393fc94623bb98bd4cc533bcbff07bf446afa2d16badbf68146b54e877,,AL282020
CAND-4223,S4,AL282020:WCSC-0X7M,sweeps/S4/S4-AL282020-WCSC-0X7M/objects/83c23e9ee0655881e699ce6e5c7229d72ae0ac55c0346304531e57dfa1fc7336,,AL282020
CAND-4224,S4,AL282020:WCSC-0X7N,sweeps/S4/S4-AL282020-WCSC-0X7N/objects/0d3325ad15d5b376751a68888ca3c94893859f093a6d5c782676813a0ce005e7,,AL282020
CAND-4225,S4,AL282020:WCSC-0X84,sweeps/S4/S4-AL282020-WCSC-0X84/objects/e2d5231cae74984d1e464f9eaf8e307084c25166df0c2151efa6745a188c3490,,AL282020
CAND-4226,S4,AL282020:WCSC-0X8T,sweeps/S4/S4-AL282020-WCSC-0X8T/objects/8bb13696acdd7bf26a5554361ad0b1110fb1e7abfff0556fca33971ac92ac422,,AL282020
CAND-4227,S4,AL282020:WCSC-0YAD,sweeps/S4/S4-AL282020-WCSC-0YAD/objects/017ce68eeb1942d29dab21c41d4ee0434ed2b7912d27430f9a42383113eda86c,,AL282020
CAND-4228,S4,AL282020:WCSC-0YCU,sweeps/S4/S4-AL282020-WCSC-0YCU/objects/6f9169b6dd76615ba517cefc4445a7f4cbe779bfb83b13b4c88cf12b8526984e,,AL282020
CAND-4229,S4,AL282020:WCSC-0YF8,sweeps/S4/S4-AL282020-WCSC-0YF8/objects/2440d21b018aefa9e1de8f681d37a54dffe3046f6b9f114f74ef8197ffb65480,,AL282020
CAND-4230,S4,AL282020:WCSC-0YPD,sweeps/S4/S4-AL282020-WCSC-0YPD/objects/63c411c94c9baa02f0d4ae47feb916451ad4a28bb2bb9af5d075368a54759c5b,,AL282020
CAND-4231,S4,AL282020:WCSC-0YSK,sweeps/S4/S4-AL282020-WCSC-0YSK/objects/9469d993c62cfc6340b997e9bf51796f4c9f28836f95156f8d921ed098549f5d,,AL282020
CAND-4232,S4,AL282020:WCSC-0YSP,sweeps/S4/S4-AL282020-WCSC-0YSP/objects/323320243f06d4bc3fa94578e64ef04fab2de887e4bd97adce57f6bc3f624022,,AL282020
CAND-4233,S4,AL282020:WCSC-0YST,sweeps/S4/S4-AL282020-WCSC-0YST/objects/56ef686ce18bcfc02837879789e32420dff7ed2f31d9aa1c5f25c738f7712204,,AL282020
CAND-4234,S4,AL282020:WCSC-0Z9R,sweeps/S4/S4-AL282020-WCSC-0Z9R/objects/d06a1aef2dce0cadaebda3f9bf1e866446966bcc544eccece9035eb9943f0340,,AL282020
